{"type":"FeatureCollection","features":[{"type":"Feature","properties":{"name":"CSNM Boundary"},"geometry":{"type":"MultiPolygon","coordinates":[[[[-122.557,42.215],[-122.556,42.215],[-122.556,42.215],[-122.555,42.215],[-122.555,42.215],[-122.555,42.215],[-122.554,42.215],[-122.554,42.215],[-122.553,42.215],[-122.553,42.215],[-122.552,42.215],[-122.552,42.215],[-122.552,42.215],[-122.552,42.216],[-122.552,42.216],[-122.552,42.217],[-122.552,42.217],[-122.552,42.217],[-122.552,42.218],[-122.552,42.218],[-122.552,42.219],[-122.552,42.219],[-122.552,42.219],[-122.552,42.22],[-122.552,42.22],[-122.552,42.221],[-122.552,42.221],[-122.552,42.222],[-122.552,42.222],[-122.552,42.222],[-122.553,42.222],[-122.553,42.222],[-122.553,42.222],[-122.554,42.222],[-122.554,42.222],[-122.555,42.222],[-122.555,42.222],[-122.556,42.222],[-122.556,42.222],[-122.557,42.222],[-122.557,42.222],[-122.557,42.221],[-122.557,42.221],[-122.557,42.22],[-122.557,42.22],[-122.557,42.22],[-122.557,42.219],[-122.557,42.219],[-122.557,42.218],[-122.557,42.218],[-122.557,42.217],[-122.557,42.217],[-122.557,42.217],[-122.557,42.216],[-122.557,42.216],[-122.557,42.215],[-122.557,42.215]]],[[[-122.557,42.215],[-122.557,42.215],[-122.558,42.215],[-122.558,42.215],[-122.559,42.215],[-122.559,42.215],[-122.559,42.215],[-122.56,42.215],[-122.56,42.215],[-122.561,42.215],[-122.561,42.215],[-122.562,42.215],[-122.562,42.215],[-122.563,42.215],[-122.563,42.215],[-122.563,42.215],[-122.564,42.215],[-122.564,42.215],[-122.565,42.215],[-122.565,42.215],[-122.566,42.215],[-122.566,42.215],[-122.567,42.215],[-122.567,42.215],[-122.567,42.215],[-122.568,42.215],[-122.568,42.215],[-122.569,42.215],[-122.569,42.215],[-122.57,42.215],[-122.57,42.215],[-122.571,42.215],[-122.571,42.215],[-122.571,42.215],[-122.572,42.215],[-122.572,42.215],[-122.573,42.215],[-122.573,42.215],[-122.574,42.215],[-122.574,42.215],[-122.574,42.215],[-122.575,42.215],[-122.575,42.215],[-122.576,42.215],[-122.576,42.215],[-122.576,42.215],[-122.576,42.216],[-122.576,42.216],[-122.576,42.217],[-122.576,42.217],[-122.576,42.217],[-122.576,42.218],[-122.576,42.218],[-122.576,42.219],[-122.576,42.219],[-122.576,42.22],[-122.576,42.22],[-122.576,42.221],[-122.576,42.221],[-122.576,42.221],[-122.576,42.222],[-122.576,42.222],[-122.576,42.223],[-122.576,42.223],[-122.576,42.223],[-122.576,42.224],[-122.576,42.224],[-122.576,42.225],[-122.576,42.225],[-122.576,42.225],[-122.576,42.226],[-122.576,42.226],[-122.577,42.226],[-122.577,42.226],[-122.578,42.226],[-122.578,42.226],[-122.579,42.226],[-122.579,42.226],[-122.579,42.226],[-122.58,42.226],[-122.58,42.226],[-122.581,42.226],[-122.581,42.226],[-122.581,42.225],[-122.581,42.225],[-122.581,42.224],[-122.581,42.224],[-122.581,42.224],[-122.581,42.223],[-122.581,42.223],[-122.581,42.222],[-122.581,42.222],[-122.581,42.221],[-122.581,42.221],[-122.581,42.221],[-122.581,42.22],[-122.581,42.22],[-122.581,42.219],[-122.581,42.219],[-122.581,42.218],[-122.581,42.218],[-122.581,42.217],[-122.581,42.217],[-122.581,42.217],[-122.581,42.216],[-122.581,42.216],[-122.581,42.215],[-122.581,42.215],[-122.582,42.215],[-122.582,42.215],[-122.582,42.215],[-122.583,42.215],[-122.583,42.215],[-122.584,42.215],[-122.584,42.215],[-122.585,42.215],[-122.585,42.215],[-122.586,42.215],[-122.586,42.215],[-122.586,42.215],[-122.587,42.215],[-122.587,42.215],[-122.588,42.215],[-122.588,42.215],[-122.589,42.215],[-122.589,42.215],[-122.59,42.215],[-122.59,42.215],[-122.59,42.215],[-122.591,42.215],[-122.591,42.215],[-122.592,42.215],[-122.592,42.215],[-122.593,42.215],[-122.593,42.215],[-122.594,42.215],[-122.594,42.215],[-122.594,42.215],[-122.595,42.215],[-122.595,42.215],[-122.596,42.215],[-122.596,42.214],[-122.596,42.214],[-122.596,42.214],[-122.596,42.213],[-122.596,42.213],[-122.596,42.212],[-122.596,42.212],[-122.596,42.211],[-122.596,42.211],[-122.595,42.211],[-122.595,42.211],[-122.594,42.211],[-122.594,42.211],[-122.593,42.211],[-122.593,42.211],[-122.593,42.211],[-122.592,42.211],[-122.592,42.211],[-122.591,42.211],[-122.591,42.211],[-122.591,42.211],[-122.591,42.21],[-122.591,42.21],[-122.591,42.21],[-122.591,42.209],[-122.591,42.209],[-122.591,42.208],[-122.591,42.208],[-122.591,42.207],[-122.59,42.207],[-122.59,42.207],[-122.589,42.207],[-122.589,42.207],[-122.589,42.207],[-122.588,42.208],[-122.588,42.208],[-122.587,42.208],[-122.587,42.208],[-122.586,42.208],[-122.586,42.208],[-122.586,42.207],[-122.586,42.207],[-122.586,42.206],[-122.586,42.206],[-122.586,42.205],[-122.586,42.205],[-122.586,42.205],[-122.586,42.204],[-122.586,42.204],[-122.586,42.203],[-122.586,42.203],[-122.586,42.202],[-122.586,42.202],[-122.586,42.202],[-122.586,42.201],[-122.586,42.201],[-122.586,42.2],[-122.586,42.2],[-122.586,42.199],[-122.586,42.199],[-122.586,42.199],[-122.586,42.198],[-122.586,42.198],[-122.586,42.197],[-122.586,42.197],[-122.586,42.197],[-122.586,42.197],[-122.587,42.197],[-122.587,42.197],[-122.588,42.197],[-122.588,42.197],[-122.588,42.197],[-122.589,42.197],[-122.589,42.197],[-122.59,42.197],[-122.59,42.197],[-122.591,42.197],[-122.591,42.196],[-122.591,42.196],[-122.591,42.195],[-122.591,42.195],[-122.591,42.194],[-122.591,42.194],[-122.591,42.194],[-122.591,42.193],[-122.591,42.193],[-122.59,42.193],[-122.59,42.193],[-122.589,42.193],[-122.589,42.193],[-122.589,42.193],[-122.588,42.193],[-122.588,42.193],[-122.587,42.193],[-122.587,42.193],[-122.586,42.193],[-122.586,42.193],[-122.586,42.193],[-122.586,42.192],[-122.586,42.192],[-122.586,42.191],[-122.586,42.191],[-122.586,42.19],[-122.586,42.19],[-122.586,42.19],[-122.586,42.189],[-122.585,42.189],[-122.585,42.189],[-122.585,42.189],[-122.584,42.189],[-122.584,42.189],[-122.583,42.189],[-122.583,42.189],[-122.582,42.189],[-122.582,42.189],[-122.581,42.189],[-122.581,42.189],[-122.581,42.19],[-122.581,42.19],[-122.581,42.191],[-122.581,42.191],[-122.581,42.191],[-122.581,42.192],[-122.581,42.192],[-122.581,42.193],[-122.581,42.193],[-122.581,42.193],[-122.58,42.193],[-122.58,42.193],[-122.579,42.193],[-122.579,42.193],[-122.578,42.193],[-122.578,42.193],[-122.577,42.193],[-122.577,42.193],[-122.577,42.193],[-122.576,42.193],[-122.576,42.192],[-122.576,42.192],[-122.576,42.192],[-122.576,42.191],[-122.576,42.191],[-122.576,42.19],[-122.576,42.19],[-122.576,42.189],[-122.576,42.189],[-122.576,42.189],[-122.576,42.188],[-122.576,42.188],[-122.576,42.187],[-122.576,42.187],[-122.576,42.186],[-122.576,42.186],[-122.576,42.186],[-122.577,42.186],[-122.577,42.186],[-122.578,42.186],[-122.578,42.186],[-122.578,42.186],[-122.579,42.186],[-122.579,42.186],[-122.58,42.186],[-122.58,42.186],[-122.581,42.186],[-122.581,42.186],[-122.581,42.185],[-122.581,42.185],[-122.581,42.184],[-122.581,42.184],[-122.581,42.184],[-122.581,42.183],[-122.581,42.183],[-122.581,42.182],[-122.581,42.182],[-122.581,42.182],[-122.58,42.182],[-122.58,42.182],[-122.579,42.182],[-122.579,42.182],[-122.578,42.182],[-122.578,42.182],[-122.578,42.182],[-122.577,42.182],[-122.577,42.182],[-122.576,42.182],[-122.576,42.181],[-122.576,42.181],[-122.576,42.181],[-122.576,42.18],[-122.576,42.18],[-122.576,42.179],[-122.576,42.179],[-122.576,42.179],[-122.576,42.178],[-122.577,42.178],[-122.577,42.178],[-122.577,42.178],[-122.578,42.178],[-122.578,42.178],[-122.579,42.178],[-122.579,42.178],[-122.58,42.178],[-122.58,42.178],[-122.58,42.178],[-122.581,42.178],[-122.581,42.178],[-122.581,42.177],[-122.581,42.177],[-122.581,42.177],[-122.581,42.176],[-122.581,42.176],[-122.581,42.175],[-122.581,42.175],[-122.581,42.175],[-122.581,42.175],[-122.582,42.175],[-122.582,42.175],[-122.583,42.175],[-122.583,42.175],[-122.584,42.175],[-122.584,42.175],[-122.585,42.175],[-122.585,42.175],[-122.586,42.175],[-122.586,42.175],[-122.586,42.174],[-122.587,42.174],[-122.587,42.174],[-122.588,42.174],[-122.588,42.174],[-122.589,42.174],[-122.589,42.174],[-122.59,42.174],[-122.59,42.174],[-122.59,42.174],[-122.591,42.174],[-122.591,42.174],[-122.591,42.174],[-122.591,42.173],[-122.591,42.173],[-122.591,42.172],[-122.591,42.172],[-122.591,42.172],[-122.591,42.171],[-122.591,42.171],[-122.591,42.17],[-122.591,42.17],[-122.591,42.17],[-122.591,42.169],[-122.591,42.169],[-122.591,42.168],[-122.591,42.168],[-122.591,42.167],[-122.591,42.167],[-122.591,42.166],[-122.591,42.166],[-122.591,42.166],[-122.591,42.165],[-122.591,42.165],[-122.591,42.164],[-122.591,42.164],[-122.591,42.163],[-122.591,42.163],[-122.591,42.163],[-122.591,42.162],[-122.591,42.162],[-122.591,42.161],[-122.591,42.161],[-122.591,42.16],[-122.591,42.16],[-122.591,42.16],[-122.592,42.16],[-122.592,42.16],[-122.593,42.16],[-122.593,42.16],[-122.594,42.16],[-122.594,42.16],[-122.595,42.16],[-122.595,42.16],[-122.595,42.16],[-122.596,42.16],[-122.596,42.16],[-122.596,42.159],[-122.596,42.159],[-122.596,42.158],[-122.596,42.158],[-122.596,42.157],[-122.596,42.157],[-122.596,42.157],[-122.596,42.156],[-122.595,42.156],[-122.595,42.156],[-122.595,42.156],[-122.594,42.156],[-122.594,42.156],[-122.593,42.156],[-122.593,42.156],[-122.592,42.156],[-122.592,42.156],[-122.591,42.156],[-122.591,42.156],[-122.591,42.156],[-122.591,42.155],[-122.591,42.155],[-122.591,42.155],[-122.591,42.154],[-122.591,42.154],[-122.591,42.153],[-122.591,42.153],[-122.591,42.152],[-122.591,42.152],[-122.591,42.152],[-122.591,42.151],[-122.591,42.151],[-122.591,42.15],[-122.591,42.15],[-122.591,42.15],[-122.59,42.149],[-122.59,42.149],[-122.59,42.149],[-122.589,42.149],[-122.589,42.148],[-122.589,42.148],[-122.588,42.148],[-122.588,42.148],[-122.587,42.148],[-122.587,42.147],[-122.587,42.147],[-122.586,42.147],[-122.586,42.147],[-122.585,42.147],[-122.585,42.147],[-122.585,42.147],[-122.584,42.146],[-122.584,42.146],[-122.583,42.146],[-122.583,42.146],[-122.583,42.146],[-122.582,42.146],[-122.582,42.146],[-122.581,42.145],[-122.581,42.145],[-122.58,42.145],[-122.58,42.145],[-122.58,42.145],[-122.579,42.145],[-122.579,42.145],[-122.578,42.145],[-122.578,42.145],[-122.577,42.145],[-122.577,42.145],[-122.576,42.145],[-122.576,42.145],[-122.576,42.145],[-122.575,42.145],[-122.575,42.145],[-122.574,42.145],[-122.574,42.145],[-122.573,42.145],[-122.573,42.145],[-122.572,42.145],[-122.572,42.145],[-122.572,42.145],[-122.572,42.145],[-122.572,42.144],[-122.572,42.144],[-122.572,42.144],[-122.572,42.143],[-122.572,42.143],[-122.572,42.142],[-122.572,42.142],[-122.571,42.142],[-122.571,42.142],[-122.57,42.142],[-122.57,42.142],[-122.569,42.142],[-122.569,42.142],[-122.568,42.142],[-122.568,42.142],[-122.568,42.142],[-122.567,42.142],[-122.567,42.142],[-122.566,42.142],[-122.566,42.142],[-122.565,42.142],[-122.565,42.142],[-122.564,42.142],[-122.564,42.142],[-122.564,42.142],[-122.563,42.142],[-122.563,42.142],[-122.562,42.142],[-122.562,42.142],[-122.562,42.141],[-122.562,42.141],[-122.562,42.141],[-122.562,42.14],[-122.562,42.14],[-122.562,42.139],[-122.562,42.139],[-122.562,42.138],[-122.562,42.138],[-122.562,42.138],[-122.562,42.137],[-122.562,42.137],[-122.562,42.136],[-122.562,42.136],[-122.562,42.135],[-122.562,42.135],[-122.562,42.135],[-122.562,42.134],[-122.562,42.134],[-122.562,42.133],[-122.562,42.133],[-122.562,42.133],[-122.562,42.132],[-122.562,42.132],[-122.562,42.131],[-122.562,42.131],[-122.562,42.131],[-122.562,42.13],[-122.562,42.13],[-122.563,42.13],[-122.563,42.13],[-122.563,42.13],[-122.564,42.13],[-122.564,42.13],[-122.565,42.13],[-122.565,42.13],[-122.565,42.13],[-122.566,42.129],[-122.566,42.129],[-122.566,42.129],[-122.566,42.129],[-122.567,42.128],[-122.567,42.128],[-122.567,42.128],[-122.567,42.127],[-122.568,42.127],[-122.568,42.127],[-122.569,42.127],[-122.569,42.127],[-122.569,42.127],[-122.57,42.127],[-122.57,42.127],[-122.571,42.127],[-122.571,42.127],[-122.571,42.127],[-122.572,42.127],[-122.572,42.127],[-122.572,42.126],[-122.572,42.126],[-122.572,42.126],[-122.572,42.125],[-122.572,42.125],[-122.572,42.124],[-122.572,42.124],[-122.572,42.123],[-122.572,42.123],[-122.572,42.123],[-122.572,42.122],[-122.572,42.122],[-122.572,42.121],[-122.572,42.121],[-122.572,42.12],[-122.572,42.12],[-122.571,42.12],[-122.571,42.12],[-122.571,42.12],[-122.57,42.12],[-122.57,42.12],[-122.569,42.12],[-122.569,42.12],[-122.568,42.12],[-122.568,42.12],[-122.567,42.12],[-122.567,42.12],[-122.567,42.12],[-122.567,42.119],[-122.567,42.119],[-122.567,42.118],[-122.567,42.118],[-122.567,42.118],[-122.567,42.117],[-122.567,42.117],[-122.567,42.116],[-122.567,42.116],[-122.568,42.116],[-122.568,42.116],[-122.569,42.116],[-122.569,42.116],[-122.57,42.116],[-122.57,42.116],[-122.571,42.116],[-122.571,42.116],[-122.571,42.116],[-122.572,42.116],[-122.572,42.116],[-122.572,42.116],[-122.572,42.115],[-122.572,42.115],[-122.572,42.114],[-122.572,42.114],[-122.572,42.114],[-122.572,42.113],[-122.572,42.113],[-122.571,42.113],[-122.571,42.113],[-122.571,42.113],[-122.57,42.113],[-122.57,42.113],[-122.569,42.113],[-122.569,42.113],[-122.568,42.113],[-122.568,42.113],[-122.567,42.113],[-122.567,42.113],[-122.567,42.113],[-122.566,42.113],[-122.566,42.113],[-122.565,42.113],[-122.565,42.113],[-122.564,42.113],[-122.564,42.113],[-122.563,42.113],[-122.563,42.113],[-122.563,42.113],[-122.562,42.113],[-122.562,42.112],[-122.562,42.112],[-122.562,42.111],[-122.562,42.111],[-122.562,42.11],[-122.562,42.11],[-122.562,42.11],[-122.562,42.109],[-122.562,42.109],[-122.562,42.108],[-122.562,42.108],[-122.562,42.108],[-122.562,42.107],[-122.562,42.107],[-122.562,42.106],[-122.562,42.106],[-122.562,42.105],[-122.563,42.105],[-122.563,42.105],[-122.564,42.105],[-122.564,42.105],[-122.564,42.105],[-122.565,42.105],[-122.565,42.105],[-122.566,42.105],[-122.566,42.105],[-122.567,42.105],[-122.567,42.105],[-122.567,42.105],[-122.567,42.105],[-122.567,42.104],[-122.567,42.104],[-122.567,42.103],[-122.567,42.103],[-122.567,42.102],[-122.567,42.102],[-122.567,42.102],[-122.567,42.101],[-122.567,42.101],[-122.567,42.1],[-122.567,42.1],[-122.567,42.099],[-122.567,42.099],[-122.567,42.098],[-122.567,42.098],[-122.566,42.098],[-122.566,42.098],[-122.566,42.098],[-122.565,42.098],[-122.565,42.098],[-122.564,42.098],[-122.564,42.098],[-122.563,42.098],[-122.563,42.098],[-122.563,42.098],[-122.563,42.098],[-122.563,42.098],[-122.563,42.097],[-122.563,42.097],[-122.563,42.096],[-122.563,42.096],[-122.563,42.095],[-122.563,42.095],[-122.563,42.095],[-122.563,42.094],[-122.563,42.094],[-122.563,42.093],[-122.563,42.093],[-122.563,42.092],[-122.563,42.092],[-122.563,42.092],[-122.563,42.091],[-122.563,42.091],[-122.563,42.09],[-122.563,42.09],[-122.563,42.089],[-122.563,42.089],[-122.563,42.089],[-122.563,42.088],[-122.563,42.088],[-122.563,42.087],[-122.563,42.087],[-122.564,42.086],[-122.564,42.086],[-122.564,42.086],[-122.564,42.085],[-122.564,42.085],[-122.564,42.084],[-122.564,42.084],[-122.564,42.083],[-122.564,42.083],[-122.564,42.083],[-122.564,42.082],[-122.564,42.082],[-122.564,42.081],[-122.564,42.081],[-122.564,42.08],[-122.564,42.08],[-122.564,42.079],[-122.564,42.079],[-122.564,42.079],[-122.564,42.078],[-122.564,42.078],[-122.564,42.077],[-122.564,42.077],[-122.564,42.076],[-122.564,42.076],[-122.564,42.076],[-122.564,42.075],[-122.564,42.075],[-122.564,42.074],[-122.564,42.074],[-122.564,42.073],[-122.564,42.073],[-122.564,42.072],[-122.564,42.072],[-122.564,42.071],[-122.564,42.071],[-122.564,42.071],[-122.564,42.07],[-122.564,42.07],[-122.564,42.069],[-122.564,42.069],[-122.564,42.068],[-122.564,42.068],[-122.564,42.067],[-122.564,42.067],[-122.564,42.067],[-122.564,42.066],[-122.564,42.066],[-122.564,42.065],[-122.564,42.065],[-122.564,42.064],[-122.564,42.064],[-122.564,42.063],[-122.564,42.063],[-122.564,42.063],[-122.564,42.062],[-122.564,42.062],[-122.564,42.061],[-122.564,42.061],[-122.564,42.06],[-122.564,42.06],[-122.564,42.059],[-122.564,42.059],[-122.564,42.058],[-122.564,42.058],[-122.564,42.058],[-122.564,42.057],[-122.564,42.057],[-122.564,42.056],[-122.564,42.056],[-122.564,42.055],[-122.564,42.055],[-122.564,42.054],[-122.564,42.054],[-122.564,42.054],[-122.564,42.053],[-122.564,42.053],[-122.564,42.052],[-122.564,42.052],[-122.564,42.051],[-122.564,42.051],[-122.564,42.051],[-122.565,42.051],[-122.565,42.051],[-122.565,42.05],[-122.565,42.05],[-122.565,42.05],[-122.566,42.05],[-122.566,42.05],[-122.566,42.049],[-122.566,42.049],[-122.567,42.049],[-122.567,42.049],[-122.567,42.048],[-122.567,42.048],[-122.568,42.048],[-122.568,42.048],[-122.568,42.047],[-122.568,42.047],[-122.569,42.047],[-122.569,42.047],[-122.569,42.047],[-122.57,42.047],[-122.57,42.047],[-122.57,42.047],[-122.57,42.047],[-122.57,42.047],[-122.57,42.046],[-122.571,42.046],[-122.571,42.046],[-122.571,42.046],[-122.571,42.046],[-122.571,42.045],[-122.572,42.045],[-122.572,42.045],[-122.572,42.044],[-122.572,42.044],[-122.572,42.044],[-122.573,42.044],[-122.573,42.044],[-122.573,42.044],[-122.574,42.043],[-122.574,42.043],[-122.574,42.043],[-122.575,42.043],[-122.575,42.043],[-122.575,42.043],[-122.576,42.042],[-122.576,42.042],[-122.576,42.042],[-122.577,42.042],[-122.577,42.042],[-122.577,42.042],[-122.577,42.041],[-122.578,42.041],[-122.578,42.041],[-122.578,42.041],[-122.579,42.041],[-122.579,42.04],[-122.579,42.04],[-122.579,42.04],[-122.58,42.04],[-122.579,42.04],[-122.579,42.041],[-122.579,42.041],[-122.579,42.042],[-122.579,42.042],[-122.58,42.042],[-122.58,42.042],[-122.58,42.043],[-122.58,42.043],[-122.581,42.043],[-122.581,42.044],[-122.581,42.044],[-122.581,42.044],[-122.582,42.044],[-122.582,42.044],[-122.582,42.045],[-122.582,42.045],[-122.582,42.045],[-122.583,42.046],[-122.583,42.046],[-122.583,42.046],[-122.583,42.046],[-122.583,42.047],[-122.583,42.047],[-122.583,42.048],[-122.584,42.048],[-122.584,42.048],[-122.584,42.048],[-122.584,42.049],[-122.584,42.049],[-122.585,42.049],[-122.585,42.05],[-122.585,42.05],[-122.585,42.05],[-122.585,42.051],[-122.585,42.051],[-122.586,42.051],[-122.586,42.051],[-122.587,42.051],[-122.587,42.051],[-122.588,42.051],[-122.588,42.051],[-122.588,42.051],[-122.589,42.051],[-122.589,42.051],[-122.59,42.051],[-122.59,42.051],[-122.59,42.051],[-122.591,42.051],[-122.591,42.051],[-122.592,42.051],[-122.592,42.051],[-122.592,42.051],[-122.593,42.05],[-122.593,42.05],[-122.593,42.05],[-122.594,42.05],[-122.594,42.05],[-122.594,42.05],[-122.595,42.05],[-122.595,42.05],[-122.596,42.05],[-122.596,42.05],[-122.596,42.05],[-122.596,42.05],[-122.597,42.05],[-122.597,42.05],[-122.597,42.05],[-122.598,42.05],[-122.598,42.051],[-122.598,42.051],[-122.599,42.051],[-122.599,42.051],[-122.599,42.051],[-122.599,42.051],[-122.6,42.052],[-122.6,42.052],[-122.6,42.052],[-122.601,42.052],[-122.601,42.052],[-122.601,42.053],[-122.601,42.053],[-122.602,42.053],[-122.602,42.054],[-122.602,42.054],[-122.602,42.054],[-122.602,42.054],[-122.603,42.054],[-122.603,42.055],[-122.603,42.055],[-122.604,42.055],[-122.604,42.055],[-122.604,42.055],[-122.605,42.055],[-122.605,42.055],[-122.605,42.055],[-122.606,42.055],[-122.606,42.056],[-122.606,42.056],[-122.606,42.056],[-122.606,42.057],[-122.606,42.057],[-122.606,42.057],[-122.606,42.058],[-122.606,42.058],[-122.606,42.058],[-122.606,42.059],[-122.606,42.059],[-122.607,42.059],[-122.607,42.059],[-122.607,42.06],[-122.608,42.06],[-122.608,42.06],[-122.608,42.06],[-122.609,42.06],[-122.609,42.061],[-122.609,42.061],[-122.609,42.061],[-122.61,42.061],[-122.61,42.062],[-122.61,42.062],[-122.61,42.062],[-122.611,42.062],[-122.611,42.062],[-122.611,42.062],[-122.611,42.063],[-122.611,42.063],[-122.611,42.063],[-122.611,42.063],[-122.611,42.064],[-122.611,42.064],[-122.611,42.064],[-122.611,42.065],[-122.611,42.065],[-122.611,42.065],[-122.611,42.066],[-122.611,42.066],[-122.611,42.066],[-122.612,42.066],[-122.612,42.066],[-122.612,42.067],[-122.613,42.067],[-122.613,42.067],[-122.613,42.067],[-122.614,42.067],[-122.614,42.068],[-122.615,42.068],[-122.615,42.068],[-122.615,42.068],[-122.615,42.068],[-122.615,42.069],[-122.615,42.069],[-122.616,42.069],[-122.616,42.069],[-122.616,42.07],[-122.616,42.07],[-122.616,42.07],[-122.616,42.071],[-122.616,42.071],[-122.616,42.071],[-122.616,42.072],[-122.616,42.072],[-122.616,42.072],[-122.617,42.073],[-122.617,42.073],[-122.617,42.073],[-122.617,42.073],[-122.617,42.074],[-122.617,42.074],[-122.617,42.075],[-122.617,42.075],[-122.617,42.075],[-122.617,42.076],[-122.618,42.076],[-122.618,42.077],[-122.618,42.077],[-122.618,42.077],[-122.617,42.078],[-122.617,42.078],[-122.617,42.078],[-122.617,42.079],[-122.617,42.079],[-122.617,42.079],[-122.617,42.08],[-122.617,42.08],[-122.617,42.08],[-122.617,42.081],[-122.617,42.081],[-122.617,42.081],[-122.617,42.081],[-122.617,42.082],[-122.618,42.082],[-122.618,42.082],[-122.619,42.082],[-122.619,42.082],[-122.619,42.083],[-122.62,42.083],[-122.62,42.083],[-122.621,42.083],[-122.621,42.083],[-122.621,42.083],[-122.622,42.083],[-122.622,42.084],[-122.622,42.084],[-122.623,42.084],[-122.623,42.084],[-122.623,42.084],[-122.624,42.084],[-122.624,42.084],[-122.624,42.084],[-122.625,42.084],[-122.625,42.084],[-122.625,42.084],[-122.626,42.084],[-122.626,42.084],[-122.626,42.084],[-122.626,42.084],[-122.627,42.084],[-122.627,42.084],[-122.627,42.084],[-122.627,42.084],[-122.628,42.084],[-122.628,42.084],[-122.628,42.084],[-122.629,42.084],[-122.629,42.084],[-122.629,42.084],[-122.63,42.083],[-122.63,42.083],[-122.631,42.083],[-122.631,42.083],[-122.631,42.083],[-122.632,42.083],[-122.632,42.083],[-122.632,42.083],[-122.633,42.082],[-122.633,42.082],[-122.633,42.082],[-122.633,42.082],[-122.634,42.082],[-122.634,42.081],[-122.635,42.081],[-122.635,42.081],[-122.635,42.081],[-122.636,42.081],[-122.636,42.081],[-122.637,42.08],[-122.637,42.08],[-122.637,42.08],[-122.638,42.08],[-122.638,42.08],[-122.639,42.08],[-122.639,42.08],[-122.639,42.08],[-122.639,42.08],[-122.64,42.08],[-122.64,42.079],[-122.64,42.079],[-122.64,42.079],[-122.64,42.078],[-122.64,42.078],[-122.64,42.077],[-122.64,42.077],[-122.64,42.077],[-122.64,42.076],[-122.64,42.076],[-122.64,42.075],[-122.64,42.075],[-122.64,42.074],[-122.64,42.074],[-122.64,42.074],[-122.64,42.073],[-122.64,42.073],[-122.64,42.072],[-122.64,42.072],[-122.64,42.071],[-122.64,42.071],[-122.64,42.071],[-122.64,42.07],[-122.64,42.07],[-122.64,42.069],[-122.64,42.069],[-122.64,42.068],[-122.64,42.068],[-122.64,42.068],[-122.64,42.067],[-122.64,42.067],[-122.64,42.066],[-122.64,42.066],[-122.64,42.065],[-122.64,42.065],[-122.64,42.064],[-122.64,42.064],[-122.64,42.064],[-122.64,42.063],[-122.64,42.063],[-122.64,42.062],[-122.64,42.062],[-122.64,42.061],[-122.64,42.061],[-122.64,42.061],[-122.64,42.06],[-122.64,42.06],[-122.64,42.059],[-122.64,42.059],[-122.64,42.058],[-122.64,42.058],[-122.64,42.058],[-122.64,42.057],[-122.64,42.057],[-122.64,42.056],[-122.64,42.056],[-122.64,42.055],[-122.64,42.055],[-122.64,42.055],[-122.64,42.054],[-122.64,42.054],[-122.64,42.054],[-122.64,42.053],[-122.64,42.053],[-122.64,42.052],[-122.64,42.052],[-122.64,42.052],[-122.64,42.051],[-122.64,42.051],[-122.64,42.05],[-122.64,42.05],[-122.64,42.049],[-122.64,42.049],[-122.64,42.049],[-122.64,42.048],[-122.64,42.048],[-122.64,42.047],[-122.64,42.047],[-122.64,42.046],[-122.64,42.046],[-122.64,42.046],[-122.64,42.045],[-122.64,42.045],[-122.64,42.044],[-122.64,42.044],[-122.64,42.043],[-122.64,42.043],[-122.64,42.043],[-122.64,42.042],[-122.64,42.042],[-122.64,42.041],[-122.64,42.041],[-122.64,42.04],[-122.64,42.04],[-122.64,42.04],[-122.64,42.039],[-122.64,42.039],[-122.64,42.038],[-122.64,42.038],[-122.64,42.037],[-122.64,42.037],[-122.64,42.037],[-122.64,42.036],[-122.64,42.036],[-122.64,42.035],[-122.64,42.035],[-122.64,42.034],[-122.64,42.034],[-122.64,42.033],[-122.64,42.033],[-122.64,42.033],[-122.64,42.032],[-122.64,42.032],[-122.64,42.031],[-122.64,42.031],[-122.64,42.03],[-122.64,42.03],[-122.64,42.03],[-122.64,42.029],[-122.64,42.029],[-122.64,42.028],[-122.64,42.028],[-122.64,42.028],[-122.64,42.027],[-122.64,42.027],[-122.64,42.026],[-122.64,42.026],[-122.64,42.025],[-122.64,42.025],[-122.64,42.024],[-122.64,42.024],[-122.64,42.024],[-122.64,42.023],[-122.64,42.023],[-122.64,42.022],[-122.64,42.022],[-122.64,42.021],[-122.64,42.021],[-122.64,42.021],[-122.64,42.02],[-122.64,42.02],[-122.64,42.019],[-122.64,42.019],[-122.64,42.018],[-122.64,42.018],[-122.64,42.018],[-122.64,42.017],[-122.64,42.017],[-122.64,42.016],[-122.64,42.016],[-122.64,42.015],[-122.64,42.015],[-122.64,42.015],[-122.641,42.015],[-122.641,42.015],[-122.642,42.015],[-122.642,42.015],[-122.643,42.015],[-122.643,42.015],[-122.643,42.015],[-122.644,42.015],[-122.644,42.015],[-122.645,42.015],[-122.645,42.015],[-122.646,42.015],[-122.646,42.015],[-122.647,42.015],[-122.647,42.015],[-122.647,42.015],[-122.648,42.015],[-122.648,42.015],[-122.649,42.015],[-122.649,42.015],[-122.65,42.015],[-122.65,42.014],[-122.65,42.014],[-122.65,42.014],[-122.65,42.013],[-122.65,42.013],[-122.65,42.012],[-122.65,42.012],[-122.65,42.012],[-122.65,42.011],[-122.65,42.011],[-122.65,42.01],[-122.65,42.01],[-122.65,42.01],[-122.65,42.009],[-122.65,42.009],[-122.65,42.008],[-122.65,42.008],[-122.65,42.008],[-122.649,42.008],[-122.649,42.008],[-122.648,42.008],[-122.648,42.008],[-122.648,42.008],[-122.647,42.008],[-122.647,42.008],[-122.646,42.008],[-122.646,42.008],[-122.646,42.008],[-122.645,42.008],[-122.645,42.008],[-122.645,42.008],[-122.644,42.008],[-122.644,42.008],[-122.643,42.008],[-122.643,42.008],[-122.643,42.008],[-122.642,42.008],[-122.642,42.008],[-122.641,42.008],[-122.641,42.008],[-122.64,42.008],[-122.64,42.008],[-122.64,42.007],[-122.64,42.007],[-122.64,42.007],[-122.64,42.006],[-122.64,42.006],[-122.64,42.005],[-122.64,42.005],[-122.639,42.005],[-122.639,42.005],[-122.638,42.005],[-122.638,42.005],[-122.637,42.005],[-122.637,42.005],[-122.636,42.005],[-122.636,42.005],[-122.636,42.005],[-122.635,42.005],[-122.635,42.005],[-122.634,42.005],[-122.634,42.005],[-122.633,42.005],[-122.633,42.005],[-122.633,42.005],[-122.632,42.005],[-122.632,42.005],[-122.631,42.005],[-122.631,42.005],[-122.63,42.005],[-122.63,42.005],[-122.63,42.005],[-122.629,42.005],[-122.629,42.005],[-122.628,42.005],[-122.628,42.005],[-122.627,42.005],[-122.627,42.005],[-122.627,42.005],[-122.626,42.005],[-122.626,42.005],[-122.625,42.005],[-122.625,42.005],[-122.625,42.005],[-122.624,42.005],[-122.624,42.005],[-122.623,42.005],[-122.623,42.005],[-122.622,42.005],[-122.622,42.005],[-122.622,42.005],[-122.621,42.005],[-122.621,42.005],[-122.62,42.005],[-122.62,42.005],[-122.62,42.005],[-122.619,42.005],[-122.619,42.005],[-122.618,42.005],[-122.618,42.005],[-122.617,42.005],[-122.617,42.005],[-122.617,42.005],[-122.616,42.005],[-122.616,42.005],[-122.615,42.005],[-122.615,42.005],[-122.614,42.005],[-122.614,42.005],[-122.613,42.005],[-122.613,42.006],[-122.613,42.006],[-122.612,42.006],[-122.612,42.006],[-122.611,42.006],[-122.611,42.006],[-122.61,42.006],[-122.61,42.006],[-122.61,42.006],[-122.609,42.006],[-122.609,42.006],[-122.608,42.006],[-122.608,42.006],[-122.607,42.006],[-122.607,42.006],[-122.606,42.006],[-122.606,42.006],[-122.606,42.006],[-122.605,42.006],[-122.605,42.006],[-122.604,42.006],[-122.604,42.006],[-122.603,42.006],[-122.603,42.006],[-122.603,42.006],[-122.602,42.006],[-122.602,42.006],[-122.601,42.006],[-122.601,42.006],[-122.6,42.006],[-122.6,42.006],[-122.599,42.006],[-122.599,42.006],[-122.599,42.006],[-122.598,42.006],[-122.598,42.006],[-122.597,42.006],[-122.597,42.006],[-122.596,42.006],[-122.596,42.006],[-122.596,42.006],[-122.595,42.006],[-122.595,42.006],[-122.594,42.006],[-122.594,42.006],[-122.593,42.006],[-122.593,42.006],[-122.593,42.006],[-122.592,42.006],[-122.592,42.006],[-122.591,42.006],[-122.591,42.006],[-122.59,42.006],[-122.59,42.006],[-122.59,42.006],[-122.589,42.006],[-122.589,42.006],[-122.588,42.006],[-122.588,42.006],[-122.587,42.006],[-122.587,42.006],[-122.587,42.006],[-122.586,42.006],[-122.586,42.006],[-122.585,42.006],[-122.585,42.006],[-122.584,42.006],[-122.584,42.006],[-122.583,42.006],[-122.583,42.006],[-122.583,42.007],[-122.582,42.007],[-122.582,42.007],[-122.581,42.007],[-122.581,42.007],[-122.58,42.007],[-122.58,42.007],[-122.58,42.007],[-122.579,42.007],[-122.579,42.007],[-122.578,42.007],[-122.578,42.007],[-122.577,42.007],[-122.577,42.007],[-122.576,42.007],[-122.576,42.007],[-122.576,42.007],[-122.575,42.007],[-122.575,42.007],[-122.574,42.007],[-122.574,42.007],[-122.573,42.007],[-122.573,42.007],[-122.572,42.007],[-122.572,42.007],[-122.572,42.007],[-122.571,42.007],[-122.571,42.007],[-122.57,42.007],[-122.57,42.007],[-122.569,42.007],[-122.569,42.007],[-122.569,42.007],[-122.568,42.007],[-122.568,42.007],[-122.567,42.007],[-122.567,42.007],[-122.566,42.007],[-122.566,42.007],[-122.565,42.007],[-122.565,42.007],[-122.565,42.007],[-122.564,42.007],[-122.564,42.007],[-122.563,42.007],[-122.563,42.007],[-122.562,42.007],[-122.562,42.007],[-122.561,42.007],[-122.561,42.007],[-122.561,42.007],[-122.56,42.007],[-122.56,42.007],[-122.559,42.007],[-122.559,42.007],[-122.558,42.007],[-122.558,42.007],[-122.558,42.007],[-122.557,42.007],[-122.557,42.007],[-122.556,42.007],[-122.556,42.007],[-122.555,42.007],[-122.555,42.007],[-122.554,42.007],[-122.554,42.007],[-122.554,42.007],[-122.553,42.007],[-122.553,42.007],[-122.552,42.007],[-122.552,42.007],[-122.551,42.007],[-122.551,42.007],[-122.55,42.007],[-122.55,42.007],[-122.55,42.007],[-122.549,42.007],[-122.549,42.007],[-122.548,42.007],[-122.548,42.007],[-122.547,42.007],[-122.547,42.007],[-122.546,42.008],[-122.546,42.008],[-122.546,42.008],[-122.545,42.008],[-122.545,42.008],[-122.544,42.008],[-122.544,42.008],[-122.543,42.008],[-122.543,42.008],[-122.542,42.008],[-122.542,42.008],[-122.542,42.008],[-122.541,42.008],[-122.541,42.008],[-122.54,42.008],[-122.54,42.008],[-122.539,42.008],[-122.539,42.008],[-122.538,42.008],[-122.538,42.008],[-122.538,42.008],[-122.537,42.008],[-122.537,42.008],[-122.536,42.008],[-122.536,42.008],[-122.535,42.008],[-122.535,42.008],[-122.535,42.007],[-122.535,42.007],[-122.535,42.007],[-122.535,42.006],[-122.535,42.006],[-122.535,42.005],[-122.535,42.005],[-122.535,42.005],[-122.535,42.004],[-122.535,42.004],[-122.535,42.003],[-122.535,42.003],[-122.535,42.003],[-122.535,42.003],[-122.536,42.003],[-122.536,42.003],[-122.537,42.003],[-122.537,42.002],[-122.538,42.002],[-122.538,42.002],[-122.539,42.002],[-122.539,42.002],[-122.539,42.002],[-122.54,42.002],[-122.54,42.002],[-122.541,42.002],[-122.541,42.002],[-122.542,42.002],[-122.542,42.002],[-122.543,42.002],[-122.543,42.002],[-122.543,42.002],[-122.544,42.002],[-122.544,42.002],[-122.545,42.002],[-122.545,42.002],[-122.545,42.002],[-122.545,42.001],[-122.545,42.001],[-122.545,42],[-122.545,42],[-122.545,42],[-122.545,41.999],[-122.545,41.999],[-122.545,41.998],[-122.545,41.998],[-122.545,41.997],[-122.545,41.997],[-122.545,41.997],[-122.545,41.996],[-122.545,41.996],[-122.545,41.995],[-122.545,41.995],[-122.545,41.994],[-122.545,41.994],[-122.545,41.993],[-122.545,41.993],[-122.545,41.993],[-122.545,41.992],[-122.545,41.992],[-122.545,41.991],[-122.545,41.991],[-122.545,41.99],[-122.545,41.99],[-122.545,41.989],[-122.545,41.989],[-122.545,41.988],[-122.545,41.988],[-122.545,41.988],[-122.544,41.988],[-122.544,41.988],[-122.544,41.988],[-122.543,41.988],[-122.543,41.988],[-122.542,41.988],[-122.542,41.988],[-122.541,41.988],[-122.541,41.988],[-122.541,41.988],[-122.54,41.988],[-122.54,41.988],[-122.539,41.988],[-122.539,41.988],[-122.539,41.988],[-122.538,41.988],[-122.538,41.988],[-122.537,41.988],[-122.537,41.988],[-122.537,41.988],[-122.536,41.988],[-122.536,41.988],[-122.535,41.988],[-122.535,41.988],[-122.534,41.988],[-122.534,41.988],[-122.534,41.988],[-122.533,41.988],[-122.533,41.988],[-122.532,41.988],[-122.532,41.988],[-122.531,41.988],[-122.531,41.988],[-122.53,41.988],[-122.53,41.988],[-122.53,41.988],[-122.529,41.988],[-122.529,41.988],[-122.528,41.988],[-122.528,41.988],[-122.527,41.988],[-122.527,41.988],[-122.526,41.988],[-122.526,41.988],[-122.526,41.988],[-122.525,41.988],[-122.525,41.988],[-122.524,41.988],[-122.524,41.988],[-122.523,41.988],[-122.523,41.988],[-122.522,41.988],[-122.522,41.988],[-122.522,41.988],[-122.521,41.988],[-122.521,41.988],[-122.52,41.988],[-122.52,41.988],[-122.519,41.988],[-122.519,41.988],[-122.518,41.988],[-122.518,41.988],[-122.518,41.988],[-122.517,41.988],[-122.517,41.988],[-122.516,41.988],[-122.516,41.988],[-122.516,41.988],[-122.516,41.987],[-122.516,41.987],[-122.516,41.987],[-122.516,41.986],[-122.516,41.986],[-122.516,41.985],[-122.516,41.985],[-122.516,41.984],[-122.516,41.984],[-122.516,41.984],[-122.516,41.983],[-122.516,41.983],[-122.516,41.982],[-122.516,41.982],[-122.516,41.981],[-122.516,41.981],[-122.516,41.98],[-122.516,41.98],[-122.516,41.98],[-122.516,41.979],[-122.516,41.979],[-122.516,41.978],[-122.516,41.978],[-122.516,41.977],[-122.516,41.977],[-122.516,41.976],[-122.516,41.976],[-122.516,41.976],[-122.516,41.975],[-122.516,41.975],[-122.516,41.974],[-122.516,41.974],[-122.516,41.974],[-122.517,41.974],[-122.517,41.974],[-122.518,41.974],[-122.518,41.974],[-122.519,41.974],[-122.519,41.974],[-122.52,41.974],[-122.52,41.974],[-122.52,41.974],[-122.521,41.974],[-122.521,41.973],[-122.521,41.973],[-122.521,41.973],[-122.521,41.972],[-122.521,41.972],[-122.521,41.971],[-122.521,41.971],[-122.521,41.971],[-122.521,41.97],[-122.52,41.97],[-122.52,41.97],[-122.52,41.97],[-122.519,41.97],[-122.519,41.97],[-122.518,41.97],[-122.518,41.97],[-122.517,41.97],[-122.517,41.97],[-122.516,41.97],[-122.516,41.97],[-122.516,41.97],[-122.516,41.969],[-122.516,41.969],[-122.516,41.969],[-122.516,41.968],[-122.516,41.968],[-122.516,41.967],[-122.516,41.967],[-122.516,41.967],[-122.516,41.967],[-122.517,41.967],[-122.517,41.967],[-122.517,41.967],[-122.518,41.967],[-122.518,41.967],[-122.519,41.966],[-122.519,41.966],[-122.52,41.966],[-122.52,41.966],[-122.521,41.966],[-122.521,41.966],[-122.521,41.966],[-122.522,41.966],[-122.522,41.966],[-122.523,41.966],[-122.523,41.966],[-122.524,41.966],[-122.524,41.966],[-122.525,41.966],[-122.525,41.966],[-122.526,41.966],[-122.526,41.966],[-122.526,41.966],[-122.527,41.966],[-122.527,41.966],[-122.528,41.966],[-122.528,41.966],[-122.529,41.966],[-122.529,41.966],[-122.53,41.966],[-122.53,41.966],[-122.53,41.966],[-122.531,41.966],[-122.531,41.967],[-122.531,41.967],[-122.531,41.968],[-122.531,41.968],[-122.531,41.968],[-122.531,41.969],[-122.531,41.969],[-122.531,41.97],[-122.531,41.97],[-122.53,41.97],[-122.53,41.97],[-122.529,41.97],[-122.529,41.97],[-122.529,41.97],[-122.528,41.97],[-122.528,41.97],[-122.527,41.97],[-122.527,41.97],[-122.526,41.97],[-122.526,41.97],[-122.526,41.97],[-122.526,41.971],[-122.526,41.971],[-122.526,41.972],[-122.526,41.972],[-122.526,41.972],[-122.526,41.973],[-122.526,41.973],[-122.526,41.974],[-122.526,41.974],[-122.527,41.974],[-122.527,41.974],[-122.528,41.974],[-122.528,41.974],[-122.528,41.974],[-122.529,41.974],[-122.529,41.974],[-122.53,41.974],[-122.53,41.974],[-122.531,41.974],[-122.531,41.974],[-122.532,41.974],[-122.532,41.974],[-122.532,41.974],[-122.533,41.974],[-122.533,41.974],[-122.534,41.974],[-122.534,41.974],[-122.535,41.974],[-122.535,41.974],[-122.536,41.974],[-122.536,41.973],[-122.536,41.973],[-122.536,41.972],[-122.536,41.972],[-122.536,41.972],[-122.536,41.971],[-122.536,41.971],[-122.536,41.97],[-122.536,41.97],[-122.536,41.969],[-122.536,41.969],[-122.536,41.969],[-122.536,41.968],[-122.536,41.968],[-122.536,41.967],[-122.536,41.967],[-122.536,41.966],[-122.536,41.966],[-122.536,41.966],[-122.536,41.965],[-122.536,41.965],[-122.536,41.964],[-122.536,41.964],[-122.536,41.963],[-122.536,41.963],[-122.536,41.963],[-122.536,41.962],[-122.536,41.962],[-122.536,41.961],[-122.536,41.961],[-122.536,41.961],[-122.536,41.96],[-122.536,41.96],[-122.536,41.959],[-122.536,41.959],[-122.536,41.959],[-122.535,41.959],[-122.535,41.959],[-122.534,41.959],[-122.534,41.959],[-122.534,41.959],[-122.533,41.959],[-122.533,41.959],[-122.532,41.959],[-122.532,41.959],[-122.531,41.959],[-122.531,41.959],[-122.531,41.959],[-122.53,41.959],[-122.53,41.959],[-122.529,41.959],[-122.529,41.959],[-122.529,41.959],[-122.528,41.959],[-122.528,41.959],[-122.527,41.959],[-122.527,41.959],[-122.527,41.959],[-122.526,41.959],[-122.526,41.959],[-122.525,41.959],[-122.525,41.959],[-122.524,41.959],[-122.524,41.959],[-122.524,41.959],[-122.523,41.959],[-122.523,41.959],[-122.522,41.959],[-122.522,41.959],[-122.521,41.959],[-122.521,41.959],[-122.52,41.959],[-122.52,41.959],[-122.52,41.959],[-122.519,41.959],[-122.519,41.959],[-122.518,41.959],[-122.518,41.959],[-122.517,41.959],[-122.517,41.959],[-122.517,41.959],[-122.516,41.959],[-122.516,41.959],[-122.515,41.959],[-122.515,41.959],[-122.514,41.959],[-122.514,41.959],[-122.514,41.959],[-122.513,41.959],[-122.513,41.959],[-122.512,41.959],[-122.512,41.959],[-122.511,41.959],[-122.511,41.959],[-122.511,41.959],[-122.51,41.959],[-122.51,41.959],[-122.509,41.959],[-122.509,41.959],[-122.508,41.959],[-122.508,41.959],[-122.508,41.959],[-122.507,41.959],[-122.507,41.959],[-122.506,41.959],[-122.506,41.959],[-122.505,41.959],[-122.505,41.959],[-122.505,41.959],[-122.504,41.959],[-122.504,41.959],[-122.503,41.96],[-122.503,41.96],[-122.502,41.96],[-122.502,41.96],[-122.502,41.96],[-122.501,41.96],[-122.501,41.96],[-122.5,41.96],[-122.5,41.96],[-122.499,41.96],[-122.499,41.96],[-122.498,41.96],[-122.498,41.96],[-122.498,41.96],[-122.497,41.96],[-122.497,41.96],[-122.496,41.96],[-122.496,41.96],[-122.495,41.96],[-122.495,41.96],[-122.495,41.96],[-122.494,41.96],[-122.494,41.96],[-122.493,41.96],[-122.493,41.96],[-122.492,41.96],[-122.492,41.96],[-122.491,41.96],[-122.491,41.96],[-122.491,41.96],[-122.49,41.96],[-122.49,41.96],[-122.489,41.96],[-122.489,41.96],[-122.488,41.96],[-122.488,41.96],[-122.487,41.96],[-122.487,41.96],[-122.487,41.96],[-122.486,41.96],[-122.486,41.96],[-122.485,41.96],[-122.485,41.96],[-122.484,41.96],[-122.484,41.96],[-122.483,41.96],[-122.483,41.96],[-122.483,41.96],[-122.482,41.96],[-122.482,41.96],[-122.481,41.96],[-122.481,41.96],[-122.48,41.96],[-122.48,41.96],[-122.48,41.96],[-122.479,41.96],[-122.479,41.96],[-122.478,41.96],[-122.478,41.96],[-122.477,41.96],[-122.477,41.96],[-122.476,41.96],[-122.476,41.96],[-122.476,41.96],[-122.475,41.96],[-122.475,41.96],[-122.474,41.96],[-122.474,41.96],[-122.473,41.96],[-122.473,41.96],[-122.472,41.96],[-122.472,41.96],[-122.472,41.96],[-122.471,41.96],[-122.471,41.96],[-122.47,41.96],[-122.47,41.96],[-122.469,41.96],[-122.469,41.96],[-122.468,41.96],[-122.468,41.96],[-122.468,41.96],[-122.467,41.96],[-122.467,41.96],[-122.466,41.96],[-122.466,41.96],[-122.465,41.96],[-122.465,41.96],[-122.465,41.959],[-122.465,41.959],[-122.465,41.958],[-122.465,41.958],[-122.465,41.958],[-122.465,41.957],[-122.465,41.957],[-122.465,41.956],[-122.465,41.956],[-122.465,41.955],[-122.465,41.955],[-122.465,41.954],[-122.465,41.954],[-122.465,41.954],[-122.465,41.953],[-122.465,41.953],[-122.465,41.952],[-122.465,41.952],[-122.465,41.951],[-122.465,41.951],[-122.465,41.95],[-122.465,41.95],[-122.465,41.949],[-122.465,41.949],[-122.465,41.949],[-122.465,41.948],[-122.465,41.948],[-122.465,41.947],[-122.465,41.947],[-122.465,41.946],[-122.466,41.946],[-122.465,41.946],[-122.465,41.946],[-122.464,41.946],[-122.464,41.946],[-122.463,41.946],[-122.463,41.946],[-122.463,41.946],[-122.462,41.946],[-122.462,41.946],[-122.461,41.946],[-122.461,41.946],[-122.461,41.946],[-122.461,41.947],[-122.461,41.947],[-122.461,41.948],[-122.461,41.948],[-122.461,41.948],[-122.461,41.949],[-122.461,41.949],[-122.461,41.95],[-122.461,41.95],[-122.461,41.951],[-122.46,41.951],[-122.46,41.952],[-122.46,41.952],[-122.46,41.952],[-122.46,41.953],[-122.46,41.953],[-122.46,41.954],[-122.46,41.954],[-122.46,41.955],[-122.46,41.955],[-122.46,41.956],[-122.46,41.956],[-122.46,41.956],[-122.46,41.957],[-122.46,41.957],[-122.46,41.958],[-122.46,41.958],[-122.46,41.959],[-122.46,41.959],[-122.46,41.96],[-122.46,41.96],[-122.46,41.96],[-122.46,41.96],[-122.46,41.961],[-122.46,41.961],[-122.46,41.962],[-122.46,41.962],[-122.46,41.963],[-122.46,41.963],[-122.46,41.963],[-122.46,41.964],[-122.46,41.964],[-122.46,41.965],[-122.46,41.965],[-122.46,41.966],[-122.46,41.966],[-122.46,41.966],[-122.46,41.967],[-122.46,41.967],[-122.46,41.968],[-122.46,41.968],[-122.46,41.969],[-122.46,41.969],[-122.46,41.969],[-122.46,41.97],[-122.46,41.97],[-122.46,41.971],[-122.46,41.971],[-122.46,41.972],[-122.46,41.972],[-122.46,41.973],[-122.46,41.973],[-122.46,41.973],[-122.46,41.974],[-122.46,41.974],[-122.46,41.975],[-122.46,41.975],[-122.46,41.975],[-122.459,41.975],[-122.459,41.975],[-122.458,41.975],[-122.458,41.975],[-122.457,41.975],[-122.457,41.975],[-122.456,41.975],[-122.456,41.975],[-122.456,41.975],[-122.455,41.975],[-122.455,41.975],[-122.454,41.975],[-122.454,41.975],[-122.453,41.975],[-122.453,41.975],[-122.452,41.975],[-122.452,41.975],[-122.452,41.975],[-122.451,41.975],[-122.451,41.975],[-122.45,41.975],[-122.45,41.975],[-122.449,41.975],[-122.449,41.975],[-122.448,41.975],[-122.448,41.975],[-122.448,41.975],[-122.447,41.975],[-122.447,41.975],[-122.446,41.975],[-122.446,41.975],[-122.445,41.975],[-122.445,41.975],[-122.444,41.975],[-122.444,41.975],[-122.444,41.975],[-122.443,41.975],[-122.443,41.975],[-122.442,41.975],[-122.442,41.975],[-122.441,41.975],[-122.441,41.975],[-122.441,41.976],[-122.441,41.976],[-122.441,41.977],[-122.441,41.977],[-122.441,41.977],[-122.441,41.978],[-122.441,41.978],[-122.441,41.979],[-122.441,41.979],[-122.441,41.979],[-122.44,41.979],[-122.44,41.979],[-122.44,41.979],[-122.439,41.979],[-122.439,41.979],[-122.438,41.979],[-122.438,41.979],[-122.437,41.979],[-122.437,41.979],[-122.436,41.979],[-122.436,41.979],[-122.436,41.98],[-122.436,41.98],[-122.436,41.98],[-122.436,41.981],[-122.436,41.981],[-122.436,41.982],[-122.436,41.982],[-122.436,41.982],[-122.436,41.983],[-122.436,41.983],[-122.437,41.983],[-122.437,41.983],[-122.438,41.983],[-122.438,41.983],[-122.439,41.983],[-122.439,41.983],[-122.44,41.983],[-122.44,41.983],[-122.44,41.983],[-122.441,41.983],[-122.441,41.983],[-122.441,41.983],[-122.441,41.984],[-122.441,41.984],[-122.441,41.984],[-122.441,41.985],[-122.441,41.985],[-122.441,41.986],[-122.441,41.986],[-122.441,41.986],[-122.441,41.987],[-122.441,41.987],[-122.441,41.988],[-122.441,41.988],[-122.441,41.989],[-122.441,41.989],[-122.441,41.99],[-122.441,41.99],[-122.441,41.99],[-122.441,41.99],[-122.442,41.99],[-122.442,41.99],[-122.442,41.99],[-122.443,41.99],[-122.443,41.99],[-122.444,41.99],[-122.444,41.99],[-122.444,41.99],[-122.445,41.99],[-122.445,41.99],[-122.446,41.99],[-122.446,41.99],[-122.447,41.99],[-122.447,41.99],[-122.448,41.99],[-122.448,41.99],[-122.449,41.99],[-122.449,41.99],[-122.449,41.99],[-122.45,41.99],[-122.45,41.99],[-122.451,41.99],[-122.451,41.99],[-122.451,41.99],[-122.451,41.991],[-122.451,41.991],[-122.451,41.992],[-122.451,41.992],[-122.451,41.993],[-122.451,41.993],[-122.451,41.994],[-122.451,41.994],[-122.451,41.994],[-122.451,41.995],[-122.451,41.995],[-122.451,41.996],[-122.451,41.996],[-122.451,41.997],[-122.451,41.997],[-122.451,41.998],[-122.451,41.998],[-122.451,41.998],[-122.451,41.999],[-122.451,41.999],[-122.451,42],[-122.451,42],[-122.451,42.001],[-122.451,42.001],[-122.451,42.002],[-122.451,42.002],[-122.451,42.002],[-122.451,42.003],[-122.451,42.003],[-122.451,42.004],[-122.451,42.004],[-122.451,42.005],[-122.45,42.005],[-122.45,42.005],[-122.449,42.005],[-122.449,42.005],[-122.448,42.005],[-122.448,42.005],[-122.447,42.005],[-122.447,42.005],[-122.447,42.005],[-122.446,42.005],[-122.446,42.005],[-122.445,42.005],[-122.445,42.005],[-122.444,42.005],[-122.444,42.005],[-122.443,42.005],[-122.443,42.005],[-122.443,42.005],[-122.442,42.005],[-122.442,42.005],[-122.441,42.005],[-122.441,42.005],[-122.441,42.005],[-122.441,42.006],[-122.441,42.006],[-122.441,42.007],[-122.441,42.007],[-122.441,42.007],[-122.441,42.008],[-122.441,42.008],[-122.441,42.008],[-122.44,42.008],[-122.44,42.008],[-122.439,42.008],[-122.439,42.008],[-122.439,42.008],[-122.438,42.008],[-122.438,42.008],[-122.437,42.008],[-122.437,42.008],[-122.437,42.008],[-122.436,42.008],[-122.436,42.008],[-122.435,42.008],[-122.435,42.008],[-122.434,42.008],[-122.434,42.008],[-122.434,42.008],[-122.433,42.008],[-122.433,42.008],[-122.432,42.008],[-122.432,42.008],[-122.431,42.008],[-122.431,42.008],[-122.43,42.008],[-122.43,42.008],[-122.43,42.008],[-122.429,42.008],[-122.429,42.008],[-122.428,42.008],[-122.428,42.008],[-122.427,42.008],[-122.427,42.008],[-122.426,42.008],[-122.426,42.008],[-122.426,42.008],[-122.425,42.008],[-122.425,42.008],[-122.424,42.008],[-122.424,42.008],[-122.423,42.008],[-122.423,42.008],[-122.422,42.008],[-122.422,42.008],[-122.421,42.008],[-122.421,42.008],[-122.421,42.008],[-122.421,42.008],[-122.421,42.007],[-122.421,42.007],[-122.421,42.007],[-122.421,42.006],[-122.421,42.006],[-122.421,42.005],[-122.421,42.005],[-122.421,42.004],[-122.421,42.004],[-122.421,42.004],[-122.421,42.003],[-122.421,42.003],[-122.421,42.002],[-122.421,42.002],[-122.421,42.002],[-122.421,42.001],[-122.421,42.001],[-122.421,42],[-122.421,42],[-122.421,42],[-122.421,41.999],[-122.421,41.999],[-122.421,41.998],[-122.421,41.998],[-122.421,41.998],[-122.42,41.998],[-122.42,41.998],[-122.419,41.998],[-122.419,41.998],[-122.419,41.998],[-122.418,41.998],[-122.418,41.998],[-122.417,41.998],[-122.417,41.998],[-122.416,41.998],[-122.416,41.998],[-122.416,41.998],[-122.415,41.998],[-122.415,41.998],[-122.414,41.998],[-122.414,41.998],[-122.413,41.998],[-122.413,41.998],[-122.412,41.998],[-122.412,41.998],[-122.411,41.998],[-122.411,41.998],[-122.411,41.998],[-122.41,41.998],[-122.41,41.998],[-122.409,41.998],[-122.409,41.998],[-122.408,41.998],[-122.408,41.998],[-122.407,41.998],[-122.407,41.998],[-122.407,41.998],[-122.406,41.998],[-122.406,41.998],[-122.405,41.998],[-122.405,41.998],[-122.404,41.998],[-122.404,41.998],[-122.403,41.998],[-122.403,41.998],[-122.403,41.998],[-122.402,41.998],[-122.402,41.999],[-122.402,41.999],[-122.402,41.999],[-122.402,42],[-122.402,42],[-122.402,42.001],[-122.402,42.001],[-122.402,42.001],[-122.402,42.002],[-122.402,42.002],[-122.402,42.003],[-122.402,42.003],[-122.402,42.004],[-122.402,42.004],[-122.402,42.004],[-122.402,42.005],[-122.402,42.005],[-122.402,42.006],[-122.402,42.006],[-122.402,42.006],[-122.402,42.007],[-122.402,42.007],[-122.402,42.008],[-122.402,42.008],[-122.402,42.009],[-122.402,42.009],[-122.401,42.009],[-122.401,42.009],[-122.4,42.009],[-122.4,42.009],[-122.399,42.009],[-122.399,42.009],[-122.399,42.009],[-122.398,42.009],[-122.398,42.009],[-122.397,42.009],[-122.397,42.009],[-122.396,42.009],[-122.396,42.009],[-122.395,42.009],[-122.395,42.009],[-122.395,42.009],[-122.394,42.009],[-122.394,42.009],[-122.393,42.009],[-122.393,42.009],[-122.392,42.009],[-122.392,42.009],[-122.391,42.009],[-122.391,42.009],[-122.391,42.009],[-122.39,42.009],[-122.39,42.009],[-122.389,42.009],[-122.389,42.009],[-122.388,42.009],[-122.388,42.009],[-122.387,42.009],[-122.387,42.009],[-122.387,42.009],[-122.386,42.009],[-122.386,42.009],[-122.385,42.009],[-122.385,42.009],[-122.384,42.009],[-122.384,42.009],[-122.384,42.009],[-122.383,42.009],[-122.383,42.009],[-122.382,42.009],[-122.382,42.009],[-122.382,42.009],[-122.382,42.008],[-122.382,42.008],[-122.382,42.007],[-122.382,42.007],[-122.382,42.006],[-122.382,42.006],[-122.382,42.006],[-122.382,42.005],[-122.382,42.005],[-122.382,42.004],[-122.382,42.004],[-122.382,42.004],[-122.382,42.003],[-122.382,42.003],[-122.382,42.002],[-122.382,42.002],[-122.382,42.001],[-122.382,42.001],[-122.382,42.001],[-122.382,42],[-122.382,42],[-122.382,41.999],[-122.382,41.999],[-122.382,41.998],[-122.382,41.998],[-122.382,41.997],[-122.382,41.997],[-122.382,41.997],[-122.382,41.996],[-122.382,41.996],[-122.382,41.995],[-122.382,41.995],[-122.382,41.994],[-122.382,41.994],[-122.382,41.993],[-122.382,41.993],[-122.382,41.993],[-122.382,41.992],[-122.382,41.992],[-122.382,41.991],[-122.382,41.991],[-122.381,41.991],[-122.381,41.991],[-122.381,41.991],[-122.38,41.991],[-122.38,41.991],[-122.379,41.991],[-122.379,41.991],[-122.378,41.991],[-122.378,41.991],[-122.378,41.991],[-122.377,41.991],[-122.377,41.991],[-122.376,41.991],[-122.376,41.991],[-122.375,41.991],[-122.375,41.991],[-122.374,41.991],[-122.374,41.991],[-122.374,41.991],[-122.373,41.991],[-122.373,41.991],[-122.372,41.991],[-122.372,41.991],[-122.371,41.991],[-122.371,41.991],[-122.37,41.991],[-122.37,41.991],[-122.37,41.991],[-122.369,41.991],[-122.369,41.991],[-122.368,41.991],[-122.368,41.991],[-122.368,41.991],[-122.368,41.992],[-122.368,41.992],[-122.368,41.993],[-122.368,41.993],[-122.368,41.994],[-122.368,41.994],[-122.368,41.995],[-122.368,41.995],[-122.368,41.995],[-122.368,41.996],[-122.368,41.996],[-122.368,41.997],[-122.368,41.997],[-122.368,41.998],[-122.368,41.998],[-122.368,41.998],[-122.368,41.999],[-122.368,41.999],[-122.368,42],[-122.368,42],[-122.368,42.001],[-122.368,42.001],[-122.368,42.001],[-122.368,42.002],[-122.368,42.002],[-122.368,42.002],[-122.367,42.002],[-122.367,42.002],[-122.366,42.002],[-122.366,42.002],[-122.365,42.002],[-122.365,42.002],[-122.364,42.002],[-122.364,42.002],[-122.364,42.002],[-122.363,42.002],[-122.363,42.003],[-122.363,42.003],[-122.363,42.003],[-122.363,42.004],[-122.363,42.004],[-122.363,42.005],[-122.363,42.005],[-122.363,42.005],[-122.363,42.006],[-122.363,42.006],[-122.362,42.006],[-122.362,42.006],[-122.362,42.006],[-122.361,42.006],[-122.361,42.006],[-122.36,42.006],[-122.36,42.006],[-122.359,42.006],[-122.359,42.006],[-122.359,42.006],[-122.358,42.006],[-122.358,42.006],[-122.357,42.006],[-122.357,42.006],[-122.356,42.006],[-122.356,42.006],[-122.355,42.006],[-122.355,42.006],[-122.354,42.006],[-122.354,42.006],[-122.354,42.006],[-122.353,42.006],[-122.353,42.006],[-122.352,42.006],[-122.352,42.006],[-122.351,42.006],[-122.351,42.006],[-122.351,42.006],[-122.35,42.006],[-122.35,42.006],[-122.349,42.006],[-122.349,42.006],[-122.348,42.006],[-122.348,42.006],[-122.348,42.006],[-122.347,42.006],[-122.347,42.006],[-122.346,42.006],[-122.346,42.006],[-122.345,42.006],[-122.345,42.006],[-122.344,42.006],[-122.344,42.006],[-122.344,42.006],[-122.344,42.007],[-122.344,42.007],[-122.344,42.007],[-122.344,42.008],[-122.344,42.008],[-122.344,42.009],[-122.344,42.009],[-122.344,42.009],[-122.344,42.01],[-122.344,42.01],[-122.344,42.011],[-122.344,42.011],[-122.344,42.012],[-122.344,42.012],[-122.344,42.012],[-122.344,42.013],[-122.344,42.013],[-122.344,42.014],[-122.344,42.014],[-122.344,42.015],[-122.344,42.015],[-122.344,42.016],[-122.344,42.016],[-122.344,42.016],[-122.344,42.017],[-122.344,42.017],[-122.344,42.018],[-122.344,42.018],[-122.344,42.019],[-122.344,42.019],[-122.344,42.02],[-122.344,42.02],[-122.344,42.02],[-122.344,42.021],[-122.344,42.021],[-122.344,42.022],[-122.344,42.022],[-122.344,42.023],[-122.344,42.023],[-122.344,42.024],[-122.344,42.024],[-122.344,42.024],[-122.344,42.024],[-122.345,42.024],[-122.345,42.024],[-122.345,42.024],[-122.346,42.024],[-122.346,42.024],[-122.347,42.024],[-122.347,42.024],[-122.347,42.024],[-122.348,42.024],[-122.348,42.024],[-122.349,42.024],[-122.349,42.024],[-122.348,42.025],[-122.348,42.025],[-122.348,42.025],[-122.348,42.025],[-122.348,42.025],[-122.348,42.025],[-122.347,42.025],[-122.347,42.025],[-122.347,42.025],[-122.346,42.025],[-122.346,42.025],[-122.346,42.026],[-122.346,42.026],[-122.345,42.026],[-122.345,42.026],[-122.345,42.026],[-122.345,42.026],[-122.345,42.026],[-122.344,42.027],[-122.344,42.027],[-122.344,42.027],[-122.343,42.027],[-122.343,42.027],[-122.343,42.027],[-122.343,42.028],[-122.343,42.028],[-122.342,42.028],[-122.342,42.028],[-122.342,42.028],[-122.342,42.028],[-122.341,42.028],[-122.341,42.028],[-122.341,42.028],[-122.34,42.028],[-122.34,42.028],[-122.339,42.028],[-122.339,42.028],[-122.338,42.028],[-122.338,42.028],[-122.337,42.028],[-122.337,42.028],[-122.337,42.028],[-122.336,42.028],[-122.336,42.028],[-122.335,42.028],[-122.335,42.028],[-122.334,42.028],[-122.334,42.028],[-122.333,42.028],[-122.333,42.028],[-122.333,42.028],[-122.332,42.028],[-122.332,42.028],[-122.331,42.028],[-122.331,42.028],[-122.33,42.028],[-122.33,42.028],[-122.33,42.028],[-122.329,42.028],[-122.329,42.029],[-122.329,42.029],[-122.329,42.029],[-122.329,42.03],[-122.329,42.03],[-122.329,42.031],[-122.329,42.031],[-122.329,42.032],[-122.329,42.032],[-122.329,42.032],[-122.329,42.033],[-122.329,42.033],[-122.329,42.034],[-122.329,42.034],[-122.329,42.035],[-122.329,42.035],[-122.329,42.036],[-122.329,42.036],[-122.329,42.036],[-122.329,42.037],[-122.329,42.037],[-122.329,42.038],[-122.329,42.038],[-122.329,42.039],[-122.329,42.039],[-122.329,42.04],[-122.329,42.04],[-122.329,42.04],[-122.329,42.041],[-122.329,42.041],[-122.329,42.042],[-122.329,42.042],[-122.329,42.043],[-122.329,42.043],[-122.329,42.044],[-122.329,42.044],[-122.329,42.044],[-122.329,42.045],[-122.329,42.045],[-122.329,42.046],[-122.329,42.046],[-122.329,42.047],[-122.329,42.047],[-122.329,42.048],[-122.329,42.048],[-122.329,42.048],[-122.329,42.049],[-122.329,42.049],[-122.329,42.05],[-122.329,42.05],[-122.329,42.051],[-122.329,42.051],[-122.329,42.052],[-122.329,42.052],[-122.329,42.052],[-122.329,42.053],[-122.329,42.053],[-122.329,42.054],[-122.33,42.054],[-122.33,42.054],[-122.331,42.054],[-122.331,42.054],[-122.332,42.054],[-122.332,42.054],[-122.332,42.054],[-122.333,42.054],[-122.333,42.054],[-122.334,42.054],[-122.334,42.054],[-122.335,42.054],[-122.335,42.054],[-122.336,42.054],[-122.336,42.054],[-122.336,42.054],[-122.337,42.054],[-122.337,42.054],[-122.338,42.054],[-122.338,42.054],[-122.339,42.054],[-122.339,42.054],[-122.339,42.054],[-122.339,42.055],[-122.339,42.055],[-122.339,42.055],[-122.339,42.056],[-122.339,42.056],[-122.339,42.057],[-122.339,42.057],[-122.339,42.058],[-122.339,42.058],[-122.339,42.058],[-122.339,42.059],[-122.339,42.059],[-122.339,42.06],[-122.339,42.06],[-122.339,42.061],[-122.339,42.061],[-122.339,42.061],[-122.339,42.062],[-122.339,42.062],[-122.339,42.063],[-122.339,42.063],[-122.339,42.063],[-122.339,42.064],[-122.339,42.064],[-122.339,42.065],[-122.339,42.065],[-122.339,42.065],[-122.339,42.066],[-122.339,42.066],[-122.339,42.067],[-122.339,42.067],[-122.339,42.067],[-122.339,42.068],[-122.339,42.068],[-122.339,42.069],[-122.339,42.069],[-122.339,42.07],[-122.339,42.07],[-122.339,42.071],[-122.339,42.071],[-122.339,42.071],[-122.339,42.072],[-122.339,42.072],[-122.339,42.073],[-122.339,42.073],[-122.339,42.074],[-122.339,42.074],[-122.339,42.075],[-122.339,42.075],[-122.339,42.075],[-122.339,42.076],[-122.339,42.076],[-122.339,42.077],[-122.339,42.077],[-122.339,42.078],[-122.339,42.078],[-122.339,42.079],[-122.339,42.079],[-122.339,42.079],[-122.339,42.08],[-122.339,42.08],[-122.339,42.081],[-122.339,42.081],[-122.339,42.082],[-122.339,42.082],[-122.339,42.083],[-122.339,42.083],[-122.34,42.083],[-122.34,42.083],[-122.34,42.083],[-122.341,42.083],[-122.341,42.083],[-122.342,42.083],[-122.342,42.083],[-122.342,42.083],[-122.343,42.083],[-122.343,42.083],[-122.343,42.083],[-122.344,42.083],[-122.344,42.083],[-122.344,42.083],[-122.344,42.083],[-122.344,42.083],[-122.345,42.083],[-122.345,42.084],[-122.345,42.083],[-122.346,42.083],[-122.346,42.083],[-122.346,42.083],[-122.346,42.083],[-122.347,42.083],[-122.347,42.083],[-122.347,42.084],[-122.347,42.083],[-122.348,42.083],[-122.348,42.083],[-122.349,42.083],[-122.349,42.083],[-122.349,42.083],[-122.349,42.084],[-122.349,42.084],[-122.349,42.085],[-122.349,42.085],[-122.349,42.085],[-122.349,42.086],[-122.349,42.086],[-122.349,42.087],[-122.349,42.087],[-122.349,42.088],[-122.349,42.088],[-122.349,42.089],[-122.349,42.089],[-122.349,42.09],[-122.349,42.09],[-122.349,42.09],[-122.349,42.091],[-122.349,42.091],[-122.349,42.092],[-122.349,42.092],[-122.349,42.093],[-122.349,42.093],[-122.349,42.094],[-122.349,42.094],[-122.349,42.094],[-122.349,42.095],[-122.349,42.095],[-122.349,42.096],[-122.349,42.096],[-122.349,42.097],[-122.349,42.097],[-122.349,42.098],[-122.349,42.098],[-122.35,42.098],[-122.35,42.098],[-122.351,42.098],[-122.351,42.098],[-122.352,42.098],[-122.352,42.098],[-122.353,42.098],[-122.353,42.098],[-122.353,42.098],[-122.354,42.098],[-122.354,42.098],[-122.355,42.098],[-122.355,42.098],[-122.356,42.098],[-122.356,42.098],[-122.357,42.098],[-122.357,42.098],[-122.357,42.098],[-122.358,42.098],[-122.358,42.098],[-122.359,42.098],[-122.359,42.098],[-122.359,42.098],[-122.359,42.099],[-122.359,42.099],[-122.359,42.1],[-122.359,42.1],[-122.359,42.101],[-122.359,42.101],[-122.359,42.102],[-122.359,42.102],[-122.359,42.102],[-122.359,42.103],[-122.359,42.103],[-122.359,42.104],[-122.359,42.104],[-122.359,42.105],[-122.359,42.105],[-122.359,42.106],[-122.359,42.106],[-122.359,42.106],[-122.359,42.107],[-122.359,42.107],[-122.359,42.108],[-122.359,42.108],[-122.359,42.109],[-122.359,42.109],[-122.359,42.11],[-122.359,42.11],[-122.359,42.11],[-122.359,42.111],[-122.359,42.111],[-122.359,42.112],[-122.359,42.112],[-122.359,42.112],[-122.36,42.112],[-122.36,42.112],[-122.36,42.112],[-122.361,42.112],[-122.361,42.112],[-122.362,42.112],[-122.362,42.112],[-122.362,42.112],[-122.363,42.112],[-122.363,42.112],[-122.364,42.112],[-122.364,42.113],[-122.364,42.113],[-122.364,42.113],[-122.364,42.114],[-122.364,42.114],[-122.364,42.115],[-122.364,42.115],[-122.364,42.115],[-122.364,42.116],[-122.364,42.116],[-122.365,42.116],[-122.365,42.116],[-122.366,42.116],[-122.366,42.116],[-122.366,42.116],[-122.367,42.116],[-122.367,42.116],[-122.368,42.116],[-122.368,42.116],[-122.369,42.116],[-122.369,42.116],[-122.369,42.117],[-122.369,42.117],[-122.369,42.117],[-122.369,42.117],[-122.368,42.117],[-122.368,42.117],[-122.367,42.117],[-122.367,42.118],[-122.367,42.118],[-122.366,42.118],[-122.366,42.118],[-122.366,42.118],[-122.366,42.119],[-122.366,42.119],[-122.366,42.119],[-122.365,42.119],[-122.365,42.12],[-122.365,42.12],[-122.365,42.12],[-122.364,42.12],[-122.364,42.121],[-122.364,42.121],[-122.364,42.121],[-122.364,42.121],[-122.363,42.121],[-122.363,42.122],[-122.363,42.122],[-122.363,42.122],[-122.362,42.122],[-122.362,42.122],[-122.361,42.122],[-122.361,42.122],[-122.361,42.122],[-122.36,42.123],[-122.36,42.123],[-122.36,42.123],[-122.359,42.123],[-122.359,42.123],[-122.359,42.123],[-122.359,42.123],[-122.358,42.123],[-122.358,42.123],[-122.358,42.123],[-122.357,42.123],[-122.357,42.123],[-122.357,42.123],[-122.356,42.122],[-122.356,42.122],[-122.356,42.122],[-122.356,42.122],[-122.355,42.122],[-122.355,42.123],[-122.355,42.123],[-122.354,42.123],[-122.354,42.123],[-122.354,42.123],[-122.354,42.124],[-122.354,42.124],[-122.354,42.124],[-122.354,42.124],[-122.353,42.125],[-122.353,42.125],[-122.353,42.125],[-122.353,42.125],[-122.353,42.125],[-122.352,42.125],[-122.352,42.125],[-122.352,42.125],[-122.352,42.125],[-122.352,42.125],[-122.351,42.125],[-122.351,42.125],[-122.351,42.125],[-122.351,42.125],[-122.35,42.125],[-122.35,42.125],[-122.35,42.125],[-122.349,42.125],[-122.349,42.125],[-122.349,42.125],[-122.349,42.125],[-122.349,42.125],[-122.349,42.126],[-122.349,42.126],[-122.349,42.127],[-122.349,42.127],[-122.349,42.127],[-122.349,42.127],[-122.348,42.127],[-122.348,42.127],[-122.347,42.127],[-122.347,42.127],[-122.346,42.127],[-122.346,42.127],[-122.346,42.127],[-122.345,42.127],[-122.345,42.127],[-122.345,42.127],[-122.344,42.127],[-122.344,42.127],[-122.343,42.127],[-122.343,42.127],[-122.342,42.127],[-122.342,42.127],[-122.341,42.127],[-122.341,42.127],[-122.341,42.127],[-122.34,42.127],[-122.34,42.127],[-122.339,42.127],[-122.339,42.127],[-122.338,42.127],[-122.338,42.127],[-122.338,42.127],[-122.337,42.127],[-122.337,42.127],[-122.336,42.127],[-122.336,42.127],[-122.335,42.127],[-122.335,42.127],[-122.334,42.127],[-122.334,42.127],[-122.334,42.127],[-122.333,42.127],[-122.333,42.127],[-122.332,42.127],[-122.332,42.127],[-122.331,42.127],[-122.331,42.127],[-122.331,42.127],[-122.33,42.127],[-122.33,42.127],[-122.329,42.127],[-122.329,42.127],[-122.328,42.127],[-122.328,42.127],[-122.327,42.127],[-122.327,42.127],[-122.327,42.127],[-122.327,42.128],[-122.327,42.128],[-122.327,42.129],[-122.327,42.129],[-122.327,42.13],[-122.327,42.13],[-122.327,42.13],[-122.327,42.131],[-122.327,42.131],[-122.327,42.132],[-122.327,42.132],[-122.327,42.133],[-122.327,42.133],[-122.327,42.133],[-122.327,42.134],[-122.327,42.134],[-122.327,42.135],[-122.327,42.135],[-122.327,42.136],[-122.327,42.136],[-122.327,42.137],[-122.327,42.137],[-122.327,42.137],[-122.327,42.138],[-122.327,42.138],[-122.327,42.139],[-122.327,42.139],[-122.327,42.14],[-122.327,42.14],[-122.327,42.141],[-122.327,42.141],[-122.327,42.141],[-122.327,42.142],[-122.327,42.142],[-122.327,42.143],[-122.327,42.143],[-122.327,42.144],[-122.327,42.144],[-122.327,42.145],[-122.327,42.145],[-122.327,42.145],[-122.327,42.146],[-122.327,42.146],[-122.327,42.147],[-122.327,42.147],[-122.327,42.148],[-122.327,42.148],[-122.327,42.148],[-122.327,42.149],[-122.327,42.149],[-122.327,42.15],[-122.327,42.15],[-122.327,42.151],[-122.327,42.151],[-122.327,42.152],[-122.327,42.152],[-122.327,42.152],[-122.327,42.153],[-122.327,42.153],[-122.327,42.154],[-122.327,42.154],[-122.327,42.155],[-122.327,42.155],[-122.327,42.156],[-122.327,42.156],[-122.327,42.156],[-122.326,42.156],[-122.326,42.156],[-122.325,42.156],[-122.325,42.156],[-122.324,42.156],[-122.324,42.156],[-122.323,42.156],[-122.323,42.156],[-122.323,42.156],[-122.322,42.156],[-122.322,42.156],[-122.321,42.156],[-122.321,42.156],[-122.32,42.156],[-122.32,42.156],[-122.319,42.156],[-122.319,42.156],[-122.319,42.156],[-122.318,42.156],[-122.318,42.156],[-122.317,42.156],[-122.317,42.156],[-122.316,42.156],[-122.316,42.156],[-122.315,42.156],[-122.315,42.156],[-122.315,42.156],[-122.314,42.156],[-122.314,42.156],[-122.313,42.156],[-122.313,42.156],[-122.312,42.156],[-122.312,42.156],[-122.311,42.156],[-122.311,42.156],[-122.311,42.156],[-122.31,42.156],[-122.31,42.156],[-122.309,42.156],[-122.309,42.156],[-122.308,42.156],[-122.308,42.156],[-122.307,42.156],[-122.307,42.156],[-122.307,42.157],[-122.307,42.157],[-122.307,42.157],[-122.307,42.158],[-122.307,42.158],[-122.307,42.159],[-122.307,42.159],[-122.307,42.16],[-122.307,42.16],[-122.307,42.16],[-122.307,42.161],[-122.307,42.161],[-122.307,42.162],[-122.307,42.162],[-122.307,42.163],[-122.307,42.163],[-122.307,42.163],[-122.307,42.164],[-122.307,42.164],[-122.307,42.165],[-122.307,42.165],[-122.307,42.166],[-122.307,42.166],[-122.307,42.166],[-122.307,42.167],[-122.307,42.167],[-122.307,42.168],[-122.307,42.168],[-122.307,42.169],[-122.307,42.169],[-122.307,42.169],[-122.307,42.17],[-122.307,42.17],[-122.307,42.171],[-122.307,42.171],[-122.307,42.172],[-122.307,42.172],[-122.307,42.172],[-122.307,42.173],[-122.307,42.173],[-122.307,42.174],[-122.307,42.174],[-122.307,42.175],[-122.307,42.175],[-122.307,42.175],[-122.307,42.176],[-122.307,42.176],[-122.307,42.177],[-122.307,42.177],[-122.307,42.178],[-122.307,42.178],[-122.307,42.178],[-122.307,42.179],[-122.307,42.179],[-122.307,42.18],[-122.307,42.18],[-122.307,42.181],[-122.307,42.181],[-122.307,42.181],[-122.307,42.182],[-122.307,42.182],[-122.307,42.183],[-122.307,42.183],[-122.307,42.184],[-122.307,42.184],[-122.307,42.184],[-122.307,42.185],[-122.307,42.185],[-122.308,42.185],[-122.308,42.185],[-122.308,42.185],[-122.309,42.185],[-122.309,42.185],[-122.31,42.185],[-122.31,42.185],[-122.311,42.185],[-122.311,42.185],[-122.312,42.185],[-122.312,42.185],[-122.312,42.185],[-122.313,42.185],[-122.313,42.185],[-122.314,42.185],[-122.314,42.185],[-122.315,42.185],[-122.315,42.185],[-122.316,42.185],[-122.316,42.185],[-122.316,42.185],[-122.317,42.185],[-122.317,42.185],[-122.318,42.185],[-122.318,42.185],[-122.319,42.185],[-122.319,42.185],[-122.319,42.185],[-122.32,42.185],[-122.32,42.185],[-122.321,42.185],[-122.321,42.185],[-122.322,42.185],[-122.322,42.185],[-122.322,42.185],[-122.323,42.185],[-122.323,42.185],[-122.324,42.185],[-122.324,42.185],[-122.325,42.185],[-122.325,42.185],[-122.325,42.185],[-122.326,42.185],[-122.326,42.185],[-122.327,42.185],[-122.327,42.186],[-122.327,42.186],[-122.327,42.186],[-122.327,42.187],[-122.327,42.187],[-122.327,42.188],[-122.327,42.188],[-122.327,42.188],[-122.327,42.189],[-122.327,42.189],[-122.327,42.19],[-122.327,42.19],[-122.327,42.191],[-122.327,42.191],[-122.327,42.191],[-122.327,42.192],[-122.327,42.192],[-122.327,42.193],[-122.327,42.193],[-122.327,42.194],[-122.327,42.194],[-122.327,42.194],[-122.327,42.195],[-122.327,42.195],[-122.327,42.196],[-122.327,42.196],[-122.327,42.197],[-122.327,42.197],[-122.327,42.198],[-122.327,42.198],[-122.327,42.198],[-122.327,42.199],[-122.327,42.199],[-122.327,42.2],[-122.327,42.2],[-122.327,42.201],[-122.327,42.201],[-122.327,42.201],[-122.327,42.202],[-122.327,42.202],[-122.327,42.203],[-122.327,42.203],[-122.327,42.204],[-122.327,42.204],[-122.327,42.204],[-122.327,42.205],[-122.327,42.205],[-122.327,42.206],[-122.327,42.206],[-122.327,42.207],[-122.327,42.207],[-122.327,42.207],[-122.327,42.208],[-122.327,42.208],[-122.327,42.209],[-122.327,42.209],[-122.327,42.21],[-122.327,42.21],[-122.327,42.211],[-122.327,42.211],[-122.327,42.211],[-122.327,42.212],[-122.327,42.212],[-122.327,42.213],[-122.327,42.213],[-122.326,42.214],[-122.326,42.214],[-122.326,42.215],[-122.326,42.215],[-122.326,42.215],[-122.325,42.215],[-122.325,42.215],[-122.324,42.215],[-122.324,42.215],[-122.323,42.215],[-122.323,42.215],[-122.323,42.215],[-122.322,42.215],[-122.322,42.215],[-122.321,42.215],[-122.321,42.215],[-122.32,42.215],[-122.32,42.215],[-122.319,42.215],[-122.319,42.215],[-122.319,42.215],[-122.318,42.215],[-122.318,42.215],[-122.317,42.215],[-122.317,42.215],[-122.316,42.215],[-122.316,42.215],[-122.315,42.215],[-122.315,42.215],[-122.315,42.215],[-122.314,42.215],[-122.314,42.215],[-122.313,42.215],[-122.313,42.215],[-122.312,42.215],[-122.312,42.215],[-122.312,42.215],[-122.311,42.215],[-122.311,42.215],[-122.31,42.215],[-122.31,42.215],[-122.309,42.215],[-122.309,42.215],[-122.308,42.215],[-122.308,42.215],[-122.308,42.215],[-122.307,42.215],[-122.307,42.215],[-122.307,42.215],[-122.307,42.216],[-122.307,42.216],[-122.307,42.217],[-122.307,42.217],[-122.307,42.218],[-122.307,42.218],[-122.307,42.219],[-122.307,42.219],[-122.307,42.219],[-122.307,42.22],[-122.307,42.22],[-122.307,42.221],[-122.307,42.221],[-122.307,42.222],[-122.307,42.222],[-122.307,42.222],[-122.307,42.223],[-122.307,42.223],[-122.307,42.224],[-122.307,42.224],[-122.307,42.225],[-122.307,42.225],[-122.307,42.226],[-122.307,42.226],[-122.307,42.226],[-122.307,42.227],[-122.307,42.227],[-122.307,42.228],[-122.307,42.228],[-122.307,42.229],[-122.307,42.229],[-122.307,42.229],[-122.306,42.229],[-122.306,42.229],[-122.305,42.229],[-122.305,42.229],[-122.304,42.229],[-122.304,42.229],[-122.304,42.229],[-122.303,42.229],[-122.303,42.229],[-122.302,42.229],[-122.302,42.229],[-122.301,42.229],[-122.301,42.229],[-122.3,42.229],[-122.3,42.229],[-122.3,42.229],[-122.299,42.229],[-122.299,42.229],[-122.298,42.229],[-122.298,42.229],[-122.297,42.229],[-122.297,42.229],[-122.296,42.229],[-122.296,42.229],[-122.296,42.229],[-122.295,42.229],[-122.295,42.229],[-122.294,42.229],[-122.294,42.229],[-122.293,42.229],[-122.293,42.229],[-122.292,42.229],[-122.292,42.229],[-122.292,42.229],[-122.291,42.229],[-122.291,42.229],[-122.29,42.229],[-122.29,42.229],[-122.289,42.229],[-122.289,42.229],[-122.288,42.229],[-122.288,42.229],[-122.288,42.229],[-122.288,42.229],[-122.288,42.228],[-122.288,42.228],[-122.288,42.227],[-122.288,42.227],[-122.288,42.226],[-122.288,42.226],[-122.288,42.226],[-122.288,42.225],[-122.288,42.225],[-122.288,42.224],[-122.288,42.224],[-122.288,42.224],[-122.288,42.223],[-122.288,42.223],[-122.288,42.222],[-122.288,42.222],[-122.288,42.221],[-122.288,42.221],[-122.288,42.221],[-122.288,42.22],[-122.288,42.22],[-122.288,42.219],[-122.288,42.219],[-122.288,42.218],[-122.288,42.218],[-122.288,42.217],[-122.288,42.217],[-122.288,42.217],[-122.288,42.216],[-122.288,42.216],[-122.287,42.215],[-122.287,42.215],[-122.287,42.214],[-122.287,42.214],[-122.287,42.214],[-122.286,42.214],[-122.286,42.214],[-122.285,42.214],[-122.285,42.214],[-122.284,42.214],[-122.284,42.214],[-122.283,42.214],[-122.283,42.214],[-122.283,42.214],[-122.282,42.214],[-122.282,42.214],[-122.281,42.214],[-122.281,42.214],[-122.28,42.214],[-122.28,42.214],[-122.279,42.214],[-122.279,42.214],[-122.279,42.214],[-122.278,42.214],[-122.278,42.214],[-122.277,42.214],[-122.277,42.214],[-122.276,42.214],[-122.276,42.214],[-122.275,42.214],[-122.275,42.214],[-122.275,42.214],[-122.274,42.214],[-122.274,42.214],[-122.273,42.214],[-122.273,42.214],[-122.272,42.214],[-122.272,42.214],[-122.271,42.214],[-122.271,42.214],[-122.271,42.214],[-122.27,42.214],[-122.27,42.214],[-122.269,42.214],[-122.269,42.214],[-122.268,42.214],[-122.268,42.214],[-122.267,42.214],[-122.267,42.214],[-122.267,42.214],[-122.266,42.214],[-122.266,42.214],[-122.266,42.215],[-122.266,42.215],[-122.266,42.216],[-122.266,42.216],[-122.266,42.216],[-122.266,42.217],[-122.266,42.217],[-122.266,42.218],[-122.266,42.218],[-122.266,42.219],[-122.266,42.219],[-122.266,42.219],[-122.266,42.22],[-122.266,42.22],[-122.266,42.221],[-122.266,42.221],[-122.266,42.222],[-122.266,42.222],[-122.266,42.222],[-122.266,42.223],[-122.266,42.223],[-122.266,42.224],[-122.266,42.224],[-122.266,42.225],[-122.266,42.225],[-122.266,42.225],[-122.266,42.226],[-122.266,42.226],[-122.266,42.227],[-122.266,42.227],[-122.266,42.228],[-122.266,42.228],[-122.265,42.228],[-122.265,42.228],[-122.265,42.228],[-122.264,42.228],[-122.264,42.228],[-122.263,42.228],[-122.263,42.228],[-122.262,42.228],[-122.262,42.228],[-122.262,42.228],[-122.261,42.228],[-122.261,42.228],[-122.26,42.228],[-122.26,42.228],[-122.259,42.228],[-122.259,42.228],[-122.258,42.228],[-122.258,42.228],[-122.258,42.228],[-122.257,42.228],[-122.257,42.228],[-122.256,42.228],[-122.256,42.228],[-122.255,42.228],[-122.255,42.228],[-122.254,42.228],[-122.254,42.228],[-122.254,42.228],[-122.253,42.228],[-122.253,42.228],[-122.252,42.228],[-122.252,42.228],[-122.251,42.228],[-122.251,42.228],[-122.25,42.228],[-122.25,42.228],[-122.25,42.228],[-122.249,42.228],[-122.249,42.228],[-122.248,42.228],[-122.248,42.228],[-122.247,42.228],[-122.247,42.228],[-122.246,42.228],[-122.246,42.228],[-122.246,42.227],[-122.246,42.227],[-122.246,42.226],[-122.246,42.226],[-122.246,42.225],[-122.246,42.225],[-122.246,42.225],[-122.246,42.224],[-122.246,42.224],[-122.246,42.223],[-122.246,42.223],[-122.246,42.222],[-122.246,42.222],[-122.246,42.222],[-122.246,42.221],[-122.246,42.221],[-122.246,42.22],[-122.246,42.22],[-122.246,42.219],[-122.246,42.219],[-122.246,42.219],[-122.246,42.218],[-122.246,42.218],[-122.246,42.217],[-122.246,42.217],[-122.246,42.216],[-122.246,42.216],[-122.246,42.215],[-122.246,42.215],[-122.246,42.215],[-122.246,42.214],[-122.246,42.214],[-122.246,42.214],[-122.245,42.214],[-122.245,42.214],[-122.244,42.214],[-122.244,42.214],[-122.243,42.214],[-122.243,42.214],[-122.243,42.214],[-122.242,42.214],[-122.242,42.214],[-122.241,42.214],[-122.241,42.214],[-122.24,42.214],[-122.24,42.214],[-122.24,42.214],[-122.239,42.214],[-122.239,42.214],[-122.238,42.214],[-122.238,42.214],[-122.237,42.214],[-122.237,42.214],[-122.236,42.214],[-122.236,42.214],[-122.236,42.214],[-122.235,42.214],[-122.235,42.214],[-122.234,42.214],[-122.234,42.214],[-122.233,42.214],[-122.233,42.214],[-122.233,42.214],[-122.232,42.214],[-122.232,42.214],[-122.231,42.214],[-122.231,42.214],[-122.23,42.214],[-122.23,42.214],[-122.229,42.214],[-122.229,42.214],[-122.229,42.214],[-122.228,42.214],[-122.228,42.214],[-122.227,42.214],[-122.227,42.214],[-122.226,42.214],[-122.226,42.214],[-122.225,42.214],[-122.225,42.214],[-122.225,42.214],[-122.224,42.214],[-122.224,42.214],[-122.223,42.214],[-122.223,42.214],[-122.222,42.214],[-122.222,42.214],[-122.221,42.214],[-122.221,42.214],[-122.221,42.214],[-122.22,42.214],[-122.22,42.214],[-122.219,42.214],[-122.219,42.214],[-122.218,42.214],[-122.218,42.214],[-122.217,42.214],[-122.217,42.214],[-122.217,42.214],[-122.216,42.214],[-122.216,42.214],[-122.215,42.214],[-122.215,42.214],[-122.214,42.214],[-122.214,42.214],[-122.213,42.214],[-122.213,42.214],[-122.213,42.214],[-122.212,42.214],[-122.212,42.214],[-122.211,42.214],[-122.211,42.214],[-122.21,42.214],[-122.21,42.214],[-122.209,42.214],[-122.209,42.214],[-122.209,42.214],[-122.208,42.214],[-122.208,42.214],[-122.207,42.214],[-122.207,42.214],[-122.206,42.214],[-122.206,42.214],[-122.205,42.214],[-122.205,42.214],[-122.205,42.214],[-122.204,42.214],[-122.204,42.214],[-122.203,42.214],[-122.203,42.214],[-122.202,42.214],[-122.202,42.214],[-122.201,42.214],[-122.201,42.214],[-122.201,42.214],[-122.2,42.214],[-122.2,42.214],[-122.199,42.214],[-122.199,42.214],[-122.198,42.214],[-122.198,42.214],[-122.197,42.214],[-122.197,42.214],[-122.197,42.214],[-122.196,42.214],[-122.196,42.214],[-122.195,42.214],[-122.195,42.214],[-122.194,42.214],[-122.194,42.214],[-122.194,42.214],[-122.193,42.214],[-122.193,42.214],[-122.192,42.214],[-122.192,42.214],[-122.191,42.214],[-122.191,42.214],[-122.19,42.214],[-122.19,42.214],[-122.19,42.214],[-122.189,42.213],[-122.189,42.213],[-122.189,42.213],[-122.189,42.212],[-122.189,42.212],[-122.189,42.211],[-122.189,42.211],[-122.189,42.21],[-122.189,42.21],[-122.189,42.21],[-122.189,42.209],[-122.189,42.209],[-122.189,42.208],[-122.189,42.208],[-122.189,42.207],[-122.189,42.207],[-122.189,42.206],[-122.189,42.206],[-122.189,42.206],[-122.189,42.205],[-122.189,42.205],[-122.189,42.204],[-122.189,42.204],[-122.189,42.203],[-122.189,42.203],[-122.189,42.202],[-122.189,42.202],[-122.189,42.202],[-122.189,42.201],[-122.189,42.201],[-122.189,42.2],[-122.189,42.2],[-122.189,42.199],[-122.188,42.199],[-122.188,42.199],[-122.188,42.199],[-122.187,42.199],[-122.187,42.199],[-122.186,42.199],[-122.186,42.199],[-122.185,42.199],[-122.185,42.199],[-122.184,42.199],[-122.184,42.199],[-122.184,42.199],[-122.183,42.199],[-122.183,42.199],[-122.182,42.199],[-122.182,42.199],[-122.181,42.199],[-122.181,42.199],[-122.18,42.199],[-122.18,42.199],[-122.18,42.199],[-122.179,42.199],[-122.179,42.199],[-122.179,42.199],[-122.179,42.198],[-122.179,42.198],[-122.179,42.197],[-122.179,42.197],[-122.179,42.196],[-122.179,42.196],[-122.179,42.196],[-122.179,42.196],[-122.178,42.196],[-122.178,42.196],[-122.177,42.196],[-122.177,42.196],[-122.177,42.196],[-122.176,42.196],[-122.176,42.196],[-122.175,42.196],[-122.175,42.196],[-122.174,42.196],[-122.174,42.196],[-122.174,42.196],[-122.173,42.196],[-122.173,42.196],[-122.172,42.196],[-122.172,42.196],[-122.171,42.195],[-122.171,42.195],[-122.17,42.195],[-122.17,42.195],[-122.17,42.195],[-122.17,42.195],[-122.17,42.194],[-122.17,42.194],[-122.17,42.193],[-122.17,42.193],[-122.17,42.193],[-122.17,42.192],[-122.17,42.192],[-122.17,42.191],[-122.17,42.191],[-122.17,42.191],[-122.17,42.19],[-122.17,42.19],[-122.17,42.189],[-122.17,42.189],[-122.17,42.189],[-122.17,42.188],[-122.17,42.188],[-122.17,42.187],[-122.17,42.187],[-122.17,42.187],[-122.17,42.186],[-122.17,42.186],[-122.17,42.185],[-122.17,42.185],[-122.17,42.185],[-122.17,42.185],[-122.169,42.185],[-122.169,42.185],[-122.168,42.185],[-122.168,42.185],[-122.167,42.185],[-122.167,42.185],[-122.167,42.185],[-122.166,42.185],[-122.166,42.185],[-122.165,42.185],[-122.165,42.185],[-122.164,42.185],[-122.164,42.185],[-122.164,42.185],[-122.163,42.185],[-122.163,42.185],[-122.162,42.185],[-122.162,42.185],[-122.161,42.185],[-122.161,42.185],[-122.161,42.185],[-122.16,42.185],[-122.16,42.185],[-122.159,42.185],[-122.159,42.185],[-122.158,42.185],[-122.158,42.185],[-122.157,42.185],[-122.157,42.185],[-122.157,42.185],[-122.156,42.185],[-122.156,42.185],[-122.155,42.185],[-122.155,42.185],[-122.154,42.185],[-122.154,42.185],[-122.153,42.185],[-122.153,42.185],[-122.153,42.185],[-122.152,42.185],[-122.152,42.185],[-122.151,42.185],[-122.151,42.185],[-122.15,42.185],[-122.15,42.185],[-122.15,42.186],[-122.15,42.186],[-122.15,42.186],[-122.15,42.187],[-122.15,42.187],[-122.15,42.188],[-122.15,42.188],[-122.15,42.189],[-122.15,42.189],[-122.15,42.189],[-122.15,42.19],[-122.15,42.19],[-122.15,42.191],[-122.15,42.191],[-122.15,42.192],[-122.15,42.192],[-122.15,42.192],[-122.15,42.193],[-122.15,42.193],[-122.15,42.194],[-122.15,42.194],[-122.15,42.194],[-122.15,42.195],[-122.15,42.195],[-122.15,42.196],[-122.15,42.196],[-122.15,42.196],[-122.15,42.197],[-122.15,42.197],[-122.15,42.198],[-122.15,42.198],[-122.15,42.198],[-122.15,42.199],[-122.15,42.199],[-122.151,42.199],[-122.151,42.199],[-122.152,42.199],[-122.152,42.199],[-122.152,42.199],[-122.153,42.199],[-122.153,42.199],[-122.154,42.199],[-122.154,42.199],[-122.155,42.199],[-122.155,42.199],[-122.156,42.199],[-122.156,42.199],[-122.156,42.199],[-122.157,42.199],[-122.157,42.199],[-122.158,42.199],[-122.158,42.199],[-122.159,42.199],[-122.159,42.199],[-122.16,42.199],[-122.16,42.199],[-122.16,42.199],[-122.16,42.2],[-122.16,42.2],[-122.16,42.201],[-122.16,42.201],[-122.16,42.201],[-122.16,42.202],[-122.16,42.202],[-122.16,42.203],[-122.16,42.203],[-122.161,42.203],[-122.161,42.203],[-122.162,42.203],[-122.162,42.203],[-122.163,42.203],[-122.163,42.203],[-122.164,42.203],[-122.164,42.203],[-122.164,42.203],[-122.165,42.203],[-122.165,42.203],[-122.165,42.204],[-122.165,42.204],[-122.165,42.204],[-122.165,42.205],[-122.165,42.205],[-122.165,42.206],[-122.165,42.206],[-122.165,42.207],[-122.165,42.207],[-122.165,42.208],[-122.165,42.208],[-122.165,42.208],[-122.165,42.209],[-122.165,42.209],[-122.165,42.21],[-122.165,42.21],[-122.166,42.21],[-122.166,42.21],[-122.167,42.21],[-122.167,42.21],[-122.167,42.21],[-122.168,42.21],[-122.168,42.21],[-122.169,42.21],[-122.169,42.21],[-122.17,42.21],[-122.17,42.21],[-122.17,42.21],[-122.17,42.211],[-122.17,42.211],[-122.17,42.211],[-122.17,42.212],[-122.17,42.212],[-122.17,42.213],[-122.17,42.213],[-122.17,42.213],[-122.17,42.214],[-122.17,42.214],[-122.17,42.215],[-122.17,42.215],[-122.17,42.215],[-122.17,42.216],[-122.17,42.216],[-122.17,42.217],[-122.17,42.217],[-122.17,42.218],[-122.17,42.218],[-122.169,42.219],[-122.169,42.219],[-122.169,42.219],[-122.169,42.22],[-122.169,42.22],[-122.169,42.221],[-122.169,42.221],[-122.169,42.222],[-122.169,42.222],[-122.169,42.223],[-122.169,42.223],[-122.169,42.223],[-122.169,42.224],[-122.169,42.224],[-122.169,42.225],[-122.169,42.225],[-122.169,42.226],[-122.169,42.226],[-122.168,42.227],[-122.168,42.227],[-122.168,42.227],[-122.168,42.228],[-122.168,42.228],[-122.168,42.229],[-122.168,42.229],[-122.168,42.23],[-122.168,42.23],[-122.168,42.231],[-122.168,42.231],[-122.168,42.231],[-122.168,42.232],[-122.168,42.232],[-122.168,42.233],[-122.168,42.233],[-122.168,42.234],[-122.168,42.234],[-122.168,42.235],[-122.168,42.235],[-122.169,42.235],[-122.169,42.236],[-122.169,42.236],[-122.169,42.237],[-122.169,42.237],[-122.169,42.238],[-122.169,42.238],[-122.169,42.239],[-122.169,42.239],[-122.169,42.239],[-122.169,42.24],[-122.169,42.24],[-122.169,42.241],[-122.169,42.241],[-122.169,42.242],[-122.169,42.242],[-122.169,42.243],[-122.169,42.243],[-122.17,42.243],[-122.17,42.243],[-122.17,42.243],[-122.171,42.243],[-122.171,42.243],[-122.172,42.243],[-122.172,42.243],[-122.173,42.243],[-122.173,42.243],[-122.174,42.243],[-122.174,42.243],[-122.174,42.243],[-122.175,42.243],[-122.175,42.243],[-122.176,42.243],[-122.176,42.243],[-122.177,42.243],[-122.177,42.243],[-122.178,42.243],[-122.178,42.243],[-122.178,42.243],[-122.179,42.243],[-122.179,42.243],[-122.18,42.243],[-122.18,42.243],[-122.181,42.243],[-122.181,42.243],[-122.182,42.243],[-122.182,42.243],[-122.182,42.243],[-122.183,42.243],[-122.183,42.243],[-122.184,42.243],[-122.184,42.243],[-122.185,42.243],[-122.185,42.243],[-122.186,42.243],[-122.186,42.243],[-122.186,42.243],[-122.187,42.243],[-122.187,42.243],[-122.188,42.243],[-122.188,42.243],[-122.188,42.243],[-122.188,42.243],[-122.188,42.244],[-122.188,42.244],[-122.188,42.245],[-122.188,42.245],[-122.188,42.246],[-122.188,42.246],[-122.188,42.247],[-122.188,42.247],[-122.188,42.247],[-122.188,42.248],[-122.188,42.248],[-122.188,42.249],[-122.188,42.249],[-122.188,42.25],[-122.188,42.25],[-122.188,42.251],[-122.188,42.251],[-122.188,42.251],[-122.188,42.252],[-122.189,42.252],[-122.189,42.252],[-122.189,42.252],[-122.19,42.252],[-122.19,42.252],[-122.19,42.253],[-122.191,42.253],[-122.191,42.253],[-122.192,42.253],[-122.192,42.253],[-122.192,42.254],[-122.193,42.254],[-122.193,42.254],[-122.193,42.254],[-122.194,42.255],[-122.194,42.255],[-122.195,42.255],[-122.195,42.255],[-122.195,42.256],[-122.196,42.255],[-122.196,42.255],[-122.197,42.255],[-122.197,42.255],[-122.198,42.255],[-122.198,42.255],[-122.198,42.255],[-122.199,42.255],[-122.199,42.255],[-122.2,42.255],[-122.2,42.255],[-122.2,42.254],[-122.201,42.254],[-122.201,42.254],[-122.202,42.254],[-122.202,42.254],[-122.202,42.254],[-122.203,42.254],[-122.203,42.255],[-122.203,42.255],[-122.203,42.255],[-122.204,42.256],[-122.204,42.256],[-122.204,42.256],[-122.204,42.257],[-122.205,42.257],[-122.205,42.257],[-122.206,42.257],[-122.206,42.257],[-122.206,42.257],[-122.207,42.257],[-122.207,42.257],[-122.208,42.257],[-122.208,42.257],[-122.208,42.256],[-122.208,42.256],[-122.208,42.255],[-122.208,42.255],[-122.208,42.254],[-122.208,42.254],[-122.208,42.254],[-122.208,42.253],[-122.208,42.253],[-122.208,42.252],[-122.208,42.252],[-122.208,42.251],[-122.208,42.251],[-122.208,42.25],[-122.208,42.25],[-122.208,42.25],[-122.208,42.249],[-122.208,42.249],[-122.208,42.248],[-122.208,42.248],[-122.208,42.247],[-122.208,42.247],[-122.208,42.246],[-122.208,42.246],[-122.208,42.245],[-122.208,42.245],[-122.208,42.245],[-122.208,42.244],[-122.208,42.244],[-122.208,42.243],[-122.208,42.243],[-122.208,42.242],[-122.208,42.242],[-122.209,42.242],[-122.209,42.242],[-122.209,42.242],[-122.21,42.242],[-122.21,42.242],[-122.211,42.242],[-122.211,42.243],[-122.212,42.243],[-122.212,42.243],[-122.213,42.243],[-122.213,42.243],[-122.213,42.243],[-122.214,42.243],[-122.214,42.243],[-122.215,42.243],[-122.215,42.243],[-122.216,42.243],[-122.216,42.243],[-122.217,42.243],[-122.217,42.243],[-122.218,42.243],[-122.218,42.243],[-122.218,42.243],[-122.219,42.243],[-122.219,42.243],[-122.22,42.243],[-122.22,42.243],[-122.221,42.243],[-122.221,42.243],[-122.222,42.243],[-122.222,42.243],[-122.222,42.243],[-122.223,42.243],[-122.223,42.243],[-122.224,42.243],[-122.224,42.243],[-122.225,42.243],[-122.225,42.243],[-122.226,42.243],[-122.226,42.243],[-122.226,42.243],[-122.227,42.243],[-122.227,42.243],[-122.227,42.243],[-122.227,42.244],[-122.227,42.244],[-122.227,42.245],[-122.227,42.245],[-122.227,42.245],[-122.227,42.246],[-122.227,42.246],[-122.227,42.247],[-122.227,42.247],[-122.227,42.248],[-122.227,42.248],[-122.227,42.248],[-122.227,42.249],[-122.227,42.249],[-122.227,42.25],[-122.227,42.25],[-122.227,42.251],[-122.227,42.251],[-122.227,42.252],[-122.227,42.252],[-122.227,42.252],[-122.227,42.253],[-122.227,42.253],[-122.227,42.254],[-122.227,42.254],[-122.227,42.255],[-122.227,42.255],[-122.227,42.256],[-122.227,42.256],[-122.227,42.256],[-122.227,42.257],[-122.227,42.257],[-122.228,42.257],[-122.228,42.257],[-122.229,42.257],[-122.229,42.257],[-122.23,42.257],[-122.23,42.257],[-122.23,42.257],[-122.231,42.257],[-122.231,42.257],[-122.232,42.257],[-122.232,42.257],[-122.233,42.257],[-122.233,42.257],[-122.234,42.257],[-122.234,42.257],[-122.234,42.257],[-122.235,42.257],[-122.235,42.257],[-122.236,42.257],[-122.236,42.257],[-122.237,42.257],[-122.237,42.257],[-122.238,42.257],[-122.238,42.257],[-122.238,42.257],[-122.239,42.257],[-122.239,42.257],[-122.24,42.257],[-122.24,42.257],[-122.241,42.257],[-122.241,42.257],[-122.241,42.257],[-122.242,42.257],[-122.242,42.257],[-122.243,42.257],[-122.243,42.257],[-122.244,42.257],[-122.244,42.257],[-122.245,42.257],[-122.245,42.257],[-122.245,42.257],[-122.246,42.257],[-122.246,42.257],[-122.247,42.257],[-122.247,42.257],[-122.247,42.258],[-122.247,42.258],[-122.247,42.259],[-122.247,42.259],[-122.247,42.26],[-122.247,42.26],[-122.247,42.261],[-122.247,42.261],[-122.247,42.261],[-122.247,42.261],[-122.247,42.262],[-122.247,42.262],[-122.247,42.263],[-122.247,42.263],[-122.247,42.264],[-122.247,42.264],[-122.247,42.264],[-122.247,42.265],[-122.247,42.265],[-122.247,42.265],[-122.247,42.266],[-122.247,42.266],[-122.247,42.267],[-122.247,42.267],[-122.247,42.268],[-122.247,42.268],[-122.247,42.268],[-122.247,42.269],[-122.247,42.269],[-122.247,42.27],[-122.247,42.27],[-122.247,42.27],[-122.247,42.271],[-122.247,42.271],[-122.248,42.271],[-122.248,42.271],[-122.249,42.271],[-122.249,42.271],[-122.249,42.271],[-122.25,42.271],[-122.25,42.271],[-122.251,42.271],[-122.251,42.271],[-122.252,42.271],[-122.252,42.271],[-122.253,42.271],[-122.253,42.271],[-122.253,42.271],[-122.254,42.271],[-122.254,42.271],[-122.255,42.271],[-122.255,42.271],[-122.256,42.271],[-122.256,42.271],[-122.256,42.271],[-122.257,42.271],[-122.257,42.271],[-122.258,42.271],[-122.258,42.271],[-122.259,42.271],[-122.259,42.271],[-122.26,42.271],[-122.26,42.271],[-122.26,42.271],[-122.261,42.271],[-122.261,42.271],[-122.262,42.271],[-122.262,42.271],[-122.263,42.271],[-122.263,42.271],[-122.264,42.271],[-122.264,42.271],[-122.264,42.271],[-122.265,42.271],[-122.265,42.271],[-122.266,42.271],[-122.266,42.271],[-122.266,42.271],[-122.266,42.27],[-122.266,42.27],[-122.266,42.269],[-122.266,42.269],[-122.266,42.269],[-122.266,42.268],[-122.266,42.268],[-122.266,42.268],[-122.267,42.268],[-122.267,42.268],[-122.268,42.268],[-122.268,42.268],[-122.268,42.268],[-122.269,42.268],[-122.269,42.268],[-122.27,42.268],[-122.27,42.268],[-122.271,42.268],[-122.271,42.268],[-122.272,42.268],[-122.272,42.268],[-122.272,42.268],[-122.273,42.268],[-122.273,42.268],[-122.274,42.268],[-122.274,42.268],[-122.275,42.268],[-122.275,42.268],[-122.276,42.268],[-122.276,42.268],[-122.276,42.268],[-122.277,42.268],[-122.277,42.268],[-122.278,42.268],[-122.278,42.268],[-122.279,42.268],[-122.279,42.268],[-122.279,42.268],[-122.28,42.268],[-122.28,42.268],[-122.281,42.268],[-122.281,42.268],[-122.282,42.268],[-122.282,42.268],[-122.283,42.268],[-122.283,42.268],[-122.283,42.268],[-122.284,42.268],[-122.284,42.268],[-122.285,42.268],[-122.285,42.268],[-122.286,42.268],[-122.286,42.268],[-122.287,42.268],[-122.287,42.268],[-122.287,42.268],[-122.287,42.267],[-122.287,42.267],[-122.287,42.266],[-122.287,42.266],[-122.287,42.266],[-122.287,42.265],[-122.287,42.265],[-122.287,42.264],[-122.287,42.264],[-122.287,42.263],[-122.287,42.263],[-122.287,42.263],[-122.287,42.262],[-122.287,42.262],[-122.287,42.261],[-122.287,42.261],[-122.288,42.26],[-122.288,42.26],[-122.288,42.259],[-122.288,42.259],[-122.288,42.258],[-122.288,42.258],[-122.288,42.258],[-122.288,42.257],[-122.288,42.257],[-122.288,42.256],[-122.288,42.256],[-122.288,42.256],[-122.288,42.255],[-122.288,42.255],[-122.288,42.254],[-122.288,42.254],[-122.288,42.253],[-122.288,42.253],[-122.288,42.252],[-122.288,42.252],[-122.288,42.252],[-122.288,42.251],[-122.288,42.251],[-122.288,42.25],[-122.288,42.25],[-122.288,42.249],[-122.288,42.249],[-122.288,42.248],[-122.288,42.248],[-122.288,42.248],[-122.288,42.247],[-122.288,42.247],[-122.288,42.246],[-122.288,42.246],[-122.288,42.245],[-122.288,42.245],[-122.288,42.244],[-122.288,42.244],[-122.288,42.244],[-122.288,42.244],[-122.288,42.244],[-122.289,42.244],[-122.289,42.244],[-122.29,42.244],[-122.29,42.244],[-122.291,42.244],[-122.291,42.244],[-122.292,42.244],[-122.292,42.244],[-122.292,42.244],[-122.293,42.244],[-122.293,42.244],[-122.294,42.244],[-122.294,42.244],[-122.295,42.244],[-122.295,42.244],[-122.295,42.244],[-122.296,42.244],[-122.296,42.244],[-122.297,42.244],[-122.297,42.244],[-122.298,42.244],[-122.298,42.244],[-122.299,42.244],[-122.299,42.244],[-122.299,42.244],[-122.3,42.244],[-122.3,42.244],[-122.301,42.244],[-122.301,42.244],[-122.302,42.244],[-122.302,42.244],[-122.303,42.244],[-122.303,42.244],[-122.303,42.244],[-122.304,42.244],[-122.304,42.244],[-122.305,42.244],[-122.305,42.244],[-122.306,42.244],[-122.306,42.244],[-122.307,42.244],[-122.307,42.244],[-122.307,42.244],[-122.308,42.244],[-122.308,42.244],[-122.309,42.244],[-122.309,42.244],[-122.31,42.244],[-122.31,42.244],[-122.311,42.244],[-122.311,42.244],[-122.311,42.244],[-122.312,42.244],[-122.312,42.244],[-122.313,42.244],[-122.313,42.244],[-122.314,42.244],[-122.314,42.244],[-122.315,42.244],[-122.315,42.244],[-122.315,42.244],[-122.316,42.244],[-122.316,42.244],[-122.317,42.244],[-122.317,42.244],[-122.318,42.244],[-122.318,42.244],[-122.319,42.244],[-122.319,42.244],[-122.32,42.244],[-122.32,42.244],[-122.32,42.244],[-122.321,42.244],[-122.321,42.244],[-122.322,42.244],[-122.322,42.244],[-122.323,42.244],[-122.323,42.244],[-122.324,42.244],[-122.324,42.244],[-122.324,42.244],[-122.325,42.244],[-122.325,42.244],[-122.326,42.244],[-122.326,42.244],[-122.327,42.244],[-122.327,42.244],[-122.328,42.244],[-122.328,42.244],[-122.328,42.244],[-122.329,42.244],[-122.329,42.244],[-122.33,42.244],[-122.33,42.244],[-122.331,42.244],[-122.331,42.244],[-122.332,42.244],[-122.332,42.244],[-122.332,42.244],[-122.333,42.244],[-122.333,42.244],[-122.334,42.244],[-122.334,42.244],[-122.335,42.244],[-122.335,42.244],[-122.336,42.244],[-122.336,42.244],[-122.336,42.244],[-122.337,42.244],[-122.337,42.244],[-122.338,42.244],[-122.338,42.244],[-122.339,42.244],[-122.339,42.244],[-122.339,42.244],[-122.34,42.244],[-122.34,42.244],[-122.341,42.244],[-122.341,42.244],[-122.342,42.244],[-122.342,42.244],[-122.343,42.244],[-122.343,42.244],[-122.343,42.244],[-122.344,42.244],[-122.344,42.244],[-122.345,42.244],[-122.345,42.244],[-122.346,42.244],[-122.346,42.244],[-122.347,42.244],[-122.347,42.244],[-122.347,42.244],[-122.348,42.244],[-122.348,42.244],[-122.349,42.244],[-122.349,42.244],[-122.35,42.244],[-122.35,42.244],[-122.351,42.244],[-122.351,42.244],[-122.351,42.244],[-122.352,42.244],[-122.352,42.244],[-122.353,42.244],[-122.353,42.244],[-122.354,42.244],[-122.354,42.244],[-122.355,42.244],[-122.355,42.244],[-122.355,42.244],[-122.356,42.244],[-122.356,42.244],[-122.357,42.244],[-122.357,42.244],[-122.358,42.244],[-122.358,42.244],[-122.359,42.244],[-122.359,42.244],[-122.359,42.244],[-122.36,42.244],[-122.36,42.244],[-122.361,42.244],[-122.361,42.244],[-122.362,42.244],[-122.362,42.244],[-122.362,42.244],[-122.363,42.244],[-122.363,42.244],[-122.364,42.244],[-122.364,42.244],[-122.365,42.244],[-122.365,42.244],[-122.365,42.244],[-122.366,42.244],[-122.366,42.244],[-122.366,42.245],[-122.366,42.245],[-122.366,42.246],[-122.366,42.246],[-122.366,42.246],[-122.366,42.247],[-122.366,42.247],[-122.366,42.248],[-122.366,42.248],[-122.366,42.249],[-122.366,42.249],[-122.366,42.249],[-122.366,42.25],[-122.366,42.25],[-122.366,42.251],[-122.366,42.251],[-122.366,42.252],[-122.366,42.252],[-122.366,42.252],[-122.366,42.253],[-122.366,42.253],[-122.366,42.254],[-122.366,42.254],[-122.366,42.255],[-122.366,42.255],[-122.366,42.255],[-122.366,42.256],[-122.366,42.256],[-122.366,42.257],[-122.366,42.257],[-122.366,42.258],[-122.366,42.258],[-122.366,42.258],[-122.366,42.259],[-122.366,42.259],[-122.366,42.26],[-122.366,42.26],[-122.366,42.261],[-122.366,42.261],[-122.366,42.262],[-122.366,42.262],[-122.366,42.262],[-122.366,42.263],[-122.366,42.263],[-122.366,42.264],[-122.366,42.264],[-122.366,42.265],[-122.366,42.265],[-122.366,42.265],[-122.366,42.266],[-122.366,42.266],[-122.366,42.267],[-122.366,42.267],[-122.366,42.268],[-122.366,42.268],[-122.366,42.269],[-122.366,42.269],[-122.366,42.269],[-122.366,42.27],[-122.366,42.27],[-122.366,42.271],[-122.366,42.271],[-122.366,42.272],[-122.366,42.272],[-122.366,42.273],[-122.366,42.273],[-122.367,42.273],[-122.367,42.273],[-122.367,42.273],[-122.368,42.273],[-122.368,42.273],[-122.369,42.273],[-122.369,42.273],[-122.37,42.273],[-122.37,42.273],[-122.371,42.273],[-122.371,42.273],[-122.371,42.273],[-122.372,42.273],[-122.372,42.273],[-122.373,42.273],[-122.373,42.273],[-122.374,42.273],[-122.374,42.273],[-122.375,42.273],[-122.375,42.273],[-122.375,42.273],[-122.376,42.273],[-122.376,42.273],[-122.377,42.273],[-122.377,42.273],[-122.378,42.273],[-122.378,42.273],[-122.379,42.273],[-122.379,42.273],[-122.38,42.273],[-122.38,42.273],[-122.38,42.273],[-122.381,42.273],[-122.381,42.273],[-122.382,42.273],[-122.382,42.273],[-122.383,42.273],[-122.383,42.273],[-122.384,42.273],[-122.384,42.273],[-122.384,42.273],[-122.385,42.273],[-122.385,42.273],[-122.386,42.273],[-122.386,42.273],[-122.386,42.272],[-122.386,42.272],[-122.386,42.271],[-122.386,42.271],[-122.386,42.271],[-122.386,42.27],[-122.386,42.27],[-122.386,42.269],[-122.386,42.269],[-122.386,42.268],[-122.386,42.268],[-122.386,42.267],[-122.386,42.267],[-122.386,42.267],[-122.386,42.266],[-122.386,42.266],[-122.386,42.265],[-122.386,42.265],[-122.386,42.264],[-122.386,42.264],[-122.386,42.263],[-122.386,42.263],[-122.386,42.263],[-122.386,42.262],[-122.386,42.262],[-122.386,42.261],[-122.386,42.261],[-122.386,42.26],[-122.386,42.26],[-122.386,42.259],[-122.386,42.259],[-122.386,42.259],[-122.386,42.258],[-122.386,42.258],[-122.386,42.257],[-122.386,42.257],[-122.386,42.257],[-122.386,42.256],[-122.386,42.256],[-122.386,42.255],[-122.386,42.255],[-122.386,42.255],[-122.386,42.255],[-122.387,42.255],[-122.387,42.255],[-122.388,42.255],[-122.388,42.255],[-122.389,42.255],[-122.389,42.255],[-122.39,42.255],[-122.39,42.255],[-122.39,42.255],[-122.391,42.255],[-122.391,42.255],[-122.392,42.255],[-122.392,42.255],[-122.393,42.255],[-122.393,42.255],[-122.394,42.255],[-122.394,42.255],[-122.394,42.255],[-122.395,42.255],[-122.395,42.255],[-122.396,42.255],[-122.396,42.255],[-122.397,42.255],[-122.397,42.255],[-122.398,42.255],[-122.398,42.255],[-122.399,42.255],[-122.399,42.255],[-122.399,42.255],[-122.4,42.255],[-122.4,42.255],[-122.401,42.255],[-122.401,42.255],[-122.402,42.255],[-122.402,42.255],[-122.403,42.255],[-122.403,42.255],[-122.403,42.255],[-122.404,42.255],[-122.404,42.255],[-122.405,42.255],[-122.405,42.255],[-122.405,42.254],[-122.405,42.254],[-122.405,42.254],[-122.405,42.253],[-122.405,42.253],[-122.405,42.252],[-122.405,42.252],[-122.405,42.252],[-122.405,42.251],[-122.405,42.251],[-122.405,42.25],[-122.405,42.25],[-122.405,42.25],[-122.405,42.249],[-122.405,42.249],[-122.405,42.248],[-122.405,42.248],[-122.405,42.247],[-122.405,42.247],[-122.405,42.247],[-122.405,42.246],[-122.405,42.246],[-122.405,42.245],[-122.405,42.245],[-122.405,42.244],[-122.405,42.244],[-122.405,42.244],[-122.404,42.244],[-122.404,42.244],[-122.403,42.244],[-122.403,42.244],[-122.403,42.244],[-122.402,42.244],[-122.402,42.244],[-122.401,42.244],[-122.401,42.244],[-122.4,42.244],[-122.4,42.244],[-122.399,42.244],[-122.399,42.244],[-122.399,42.244],[-122.398,42.244],[-122.398,42.244],[-122.397,42.244],[-122.397,42.244],[-122.396,42.244],[-122.396,42.244],[-122.396,42.244],[-122.395,42.244],[-122.395,42.244],[-122.394,42.244],[-122.394,42.244],[-122.393,42.244],[-122.393,42.244],[-122.392,42.244],[-122.392,42.244],[-122.391,42.244],[-122.391,42.244],[-122.391,42.244],[-122.39,42.244],[-122.39,42.244],[-122.389,42.244],[-122.389,42.244],[-122.388,42.244],[-122.388,42.244],[-122.387,42.244],[-122.387,42.244],[-122.387,42.244],[-122.386,42.244],[-122.386,42.244],[-122.386,42.244],[-122.386,42.243],[-122.386,42.243],[-122.386,42.242],[-122.386,42.242],[-122.386,42.241],[-122.386,42.241],[-122.386,42.241],[-122.386,42.24],[-122.386,42.24],[-122.386,42.239],[-122.386,42.239],[-122.386,42.238],[-122.386,42.238],[-122.386,42.238],[-122.386,42.237],[-122.386,42.237],[-122.386,42.236],[-122.386,42.236],[-122.386,42.235],[-122.386,42.235],[-122.386,42.234],[-122.386,42.234],[-122.386,42.234],[-122.386,42.233],[-122.386,42.233],[-122.386,42.232],[-122.386,42.232],[-122.386,42.232],[-122.386,42.231],[-122.386,42.231],[-122.386,42.231],[-122.386,42.23],[-122.386,42.23],[-122.386,42.229],[-122.385,42.229],[-122.385,42.229],[-122.384,42.229],[-122.384,42.229],[-122.383,42.229],[-122.383,42.229],[-122.382,42.229],[-122.382,42.229],[-122.382,42.229],[-122.381,42.229],[-122.381,42.229],[-122.38,42.229],[-122.38,42.229],[-122.379,42.229],[-122.379,42.229],[-122.378,42.229],[-122.378,42.229],[-122.377,42.229],[-122.377,42.229],[-122.377,42.229],[-122.376,42.229],[-122.376,42.229],[-122.376,42.229],[-122.376,42.229],[-122.376,42.228],[-122.376,42.228],[-122.376,42.227],[-122.376,42.227],[-122.376,42.226],[-122.376,42.226],[-122.376,42.226],[-122.375,42.226],[-122.375,42.226],[-122.374,42.226],[-122.374,42.226],[-122.373,42.226],[-122.373,42.226],[-122.373,42.226],[-122.372,42.226],[-122.372,42.226],[-122.371,42.226],[-122.371,42.226],[-122.371,42.225],[-122.371,42.225],[-122.371,42.224],[-122.371,42.224],[-122.371,42.224],[-122.371,42.223],[-122.371,42.223],[-122.371,42.222],[-122.371,42.222],[-122.371,42.222],[-122.371,42.221],[-122.371,42.221],[-122.371,42.22],[-122.371,42.22],[-122.371,42.219],[-122.371,42.219],[-122.371,42.219],[-122.371,42.218],[-122.371,42.218],[-122.371,42.217],[-122.371,42.217],[-122.371,42.216],[-122.371,42.216],[-122.371,42.216],[-122.371,42.215],[-122.371,42.215],[-122.371,42.215],[-122.372,42.215],[-122.372,42.215],[-122.373,42.215],[-122.373,42.215],[-122.374,42.215],[-122.374,42.215],[-122.374,42.215],[-122.375,42.215],[-122.375,42.215],[-122.376,42.215],[-122.376,42.214],[-122.376,42.214],[-122.376,42.213],[-122.376,42.213],[-122.376,42.213],[-122.376,42.212],[-122.376,42.212],[-122.376,42.211],[-122.376,42.211],[-122.376,42.211],[-122.376,42.21],[-122.376,42.21],[-122.376,42.209],[-122.376,42.209],[-122.376,42.209],[-122.376,42.208],[-122.376,42.208],[-122.376,42.207],[-122.376,42.207],[-122.377,42.207],[-122.377,42.207],[-122.377,42.207],[-122.378,42.207],[-122.378,42.207],[-122.379,42.207],[-122.379,42.207],[-122.38,42.207],[-122.38,42.207],[-122.381,42.207],[-122.381,42.207],[-122.381,42.207],[-122.382,42.207],[-122.382,42.207],[-122.383,42.207],[-122.383,42.207],[-122.384,42.207],[-122.384,42.207],[-122.385,42.207],[-122.385,42.207],[-122.386,42.207],[-122.386,42.207],[-122.386,42.207],[-122.386,42.206],[-122.386,42.206],[-122.386,42.205],[-122.386,42.205],[-122.386,42.204],[-122.386,42.204],[-122.386,42.204],[-122.386,42.203],[-122.386,42.203],[-122.386,42.202],[-122.386,42.202],[-122.386,42.201],[-122.386,42.201],[-122.386,42.201],[-122.386,42.2],[-122.386,42.2],[-122.386,42.2],[-122.387,42.2],[-122.387,42.2],[-122.388,42.2],[-122.388,42.2],[-122.389,42.2],[-122.389,42.2],[-122.39,42.2],[-122.39,42.2],[-122.39,42.2],[-122.39,42.201],[-122.39,42.201],[-122.39,42.201],[-122.39,42.202],[-122.39,42.202],[-122.39,42.203],[-122.39,42.203],[-122.39,42.203],[-122.39,42.204],[-122.391,42.204],[-122.391,42.204],[-122.392,42.204],[-122.392,42.204],[-122.393,42.204],[-122.393,42.204],[-122.394,42.204],[-122.394,42.204],[-122.394,42.204],[-122.395,42.204],[-122.395,42.204],[-122.395,42.204],[-122.395,42.205],[-122.395,42.205],[-122.395,42.205],[-122.395,42.206],[-122.395,42.206],[-122.395,42.207],[-122.395,42.207],[-122.395,42.207],[-122.396,42.207],[-122.396,42.208],[-122.397,42.208],[-122.397,42.208],[-122.398,42.208],[-122.398,42.208],[-122.398,42.208],[-122.399,42.208],[-122.399,42.208],[-122.4,42.208],[-122.4,42.208],[-122.4,42.208],[-122.4,42.208],[-122.4,42.209],[-122.4,42.209],[-122.4,42.21],[-122.4,42.21],[-122.4,42.21],[-122.4,42.211],[-122.4,42.211],[-122.401,42.211],[-122.401,42.211],[-122.402,42.211],[-122.402,42.211],[-122.402,42.211],[-122.403,42.211],[-122.403,42.211],[-122.404,42.211],[-122.404,42.211],[-122.405,42.211],[-122.405,42.211],[-122.405,42.211],[-122.405,42.21],[-122.405,42.21],[-122.405,42.21],[-122.405,42.209],[-122.405,42.209],[-122.405,42.208],[-122.405,42.208],[-122.405,42.208],[-122.405,42.207],[-122.405,42.207],[-122.405,42.206],[-122.405,42.206],[-122.405,42.206],[-122.405,42.205],[-122.405,42.205],[-122.405,42.204],[-122.405,42.204],[-122.406,42.204],[-122.406,42.204],[-122.406,42.204],[-122.407,42.204],[-122.407,42.204],[-122.408,42.204],[-122.408,42.204],[-122.409,42.204],[-122.409,42.204],[-122.41,42.204],[-122.41,42.204],[-122.41,42.204],[-122.411,42.204],[-122.411,42.204],[-122.412,42.204],[-122.412,42.204],[-122.413,42.204],[-122.413,42.204],[-122.414,42.204],[-122.414,42.204],[-122.414,42.204],[-122.415,42.204],[-122.415,42.204],[-122.416,42.204],[-122.416,42.204],[-122.417,42.204],[-122.417,42.204],[-122.418,42.204],[-122.418,42.204],[-122.418,42.204],[-122.419,42.204],[-122.419,42.204],[-122.42,42.204],[-122.42,42.204],[-122.421,42.204],[-122.421,42.204],[-122.422,42.204],[-122.422,42.204],[-122.422,42.204],[-122.423,42.204],[-122.423,42.204],[-122.424,42.204],[-122.424,42.204],[-122.425,42.204],[-122.425,42.204],[-122.426,42.204],[-122.426,42.204],[-122.427,42.204],[-122.427,42.204],[-122.427,42.204],[-122.428,42.204],[-122.428,42.204],[-122.429,42.204],[-122.429,42.204],[-122.43,42.204],[-122.43,42.204],[-122.431,42.204],[-122.431,42.204],[-122.431,42.204],[-122.432,42.204],[-122.432,42.204],[-122.433,42.204],[-122.433,42.204],[-122.434,42.204],[-122.434,42.204],[-122.435,42.204],[-122.435,42.204],[-122.435,42.204],[-122.436,42.204],[-122.436,42.204],[-122.437,42.204],[-122.437,42.204],[-122.438,42.204],[-122.438,42.204],[-122.439,42.204],[-122.439,42.204],[-122.44,42.204],[-122.44,42.204],[-122.44,42.204],[-122.441,42.204],[-122.441,42.204],[-122.442,42.204],[-122.442,42.204],[-122.443,42.204],[-122.443,42.204],[-122.444,42.204],[-122.444,42.204],[-122.444,42.204],[-122.444,42.204],[-122.444,42.205],[-122.444,42.205],[-122.444,42.206],[-122.444,42.206],[-122.444,42.206],[-122.444,42.207],[-122.444,42.207],[-122.444,42.208],[-122.444,42.208],[-122.444,42.208],[-122.444,42.209],[-122.444,42.209],[-122.444,42.21],[-122.444,42.21],[-122.444,42.211],[-122.444,42.211],[-122.444,42.211],[-122.444,42.212],[-122.444,42.212],[-122.444,42.213],[-122.444,42.213],[-122.444,42.214],[-122.444,42.214],[-122.444,42.214],[-122.444,42.215],[-122.444,42.215],[-122.443,42.215],[-122.443,42.215],[-122.442,42.215],[-122.442,42.215],[-122.442,42.215],[-122.441,42.215],[-122.441,42.215],[-122.44,42.215],[-122.44,42.215],[-122.439,42.215],[-122.439,42.215],[-122.439,42.216],[-122.439,42.216],[-122.439,42.217],[-122.439,42.217],[-122.439,42.217],[-122.439,42.218],[-122.439,42.218],[-122.439,42.219],[-122.439,42.219],[-122.439,42.22],[-122.439,42.22],[-122.439,42.22],[-122.439,42.221],[-122.439,42.221],[-122.439,42.222],[-122.439,42.222],[-122.439,42.223],[-122.439,42.223],[-122.439,42.223],[-122.439,42.224],[-122.439,42.224],[-122.439,42.225],[-122.439,42.225],[-122.439,42.226],[-122.439,42.226],[-122.439,42.226],[-122.439,42.227],[-122.439,42.227],[-122.439,42.228],[-122.439,42.228],[-122.439,42.229],[-122.439,42.229],[-122.439,42.229],[-122.44,42.229],[-122.44,42.229],[-122.441,42.229],[-122.441,42.229],[-122.442,42.229],[-122.442,42.229],[-122.443,42.229],[-122.443,42.229],[-122.443,42.229],[-122.444,42.229],[-122.444,42.229],[-122.444,42.23],[-122.444,42.23],[-122.444,42.231],[-122.444,42.231],[-122.444,42.232],[-122.444,42.232],[-122.444,42.232],[-122.444,42.233],[-122.444,42.233],[-122.444,42.234],[-122.444,42.234],[-122.444,42.235],[-122.444,42.235],[-122.444,42.235],[-122.444,42.236],[-122.444,42.236],[-122.444,42.237],[-122.444,42.237],[-122.444,42.238],[-122.444,42.238],[-122.444,42.238],[-122.444,42.239],[-122.444,42.239],[-122.444,42.24],[-122.444,42.24],[-122.444,42.241],[-122.444,42.241],[-122.444,42.241],[-122.444,42.242],[-122.444,42.242],[-122.444,42.243],[-122.444,42.243],[-122.444,42.244],[-122.444,42.244],[-122.444,42.244],[-122.444,42.245],[-122.444,42.245],[-122.444,42.246],[-122.444,42.246],[-122.444,42.247],[-122.444,42.247],[-122.444,42.247],[-122.444,42.248],[-122.444,42.248],[-122.444,42.249],[-122.444,42.249],[-122.444,42.25],[-122.444,42.25],[-122.444,42.25],[-122.444,42.251],[-122.444,42.251],[-122.445,42.251],[-122.445,42.251],[-122.446,42.251],[-122.446,42.251],[-122.446,42.251],[-122.447,42.251],[-122.447,42.251],[-122.448,42.251],[-122.448,42.251],[-122.449,42.251],[-122.449,42.251],[-122.449,42.251],[-122.45,42.251],[-122.45,42.251],[-122.451,42.251],[-122.451,42.251],[-122.452,42.251],[-122.452,42.251],[-122.452,42.251],[-122.453,42.251],[-122.453,42.251],[-122.454,42.251],[-122.454,42.251],[-122.454,42.251],[-122.454,42.25],[-122.454,42.25],[-122.454,42.25],[-122.454,42.249],[-122.454,42.249],[-122.454,42.248],[-122.454,42.248],[-122.454,42.247],[-122.454,42.247],[-122.454,42.246],[-122.454,42.246],[-122.454,42.246],[-122.454,42.245],[-122.454,42.245],[-122.454,42.244],[-122.454,42.244],[-122.455,42.244],[-122.455,42.244],[-122.456,42.244],[-122.456,42.244],[-122.457,42.244],[-122.457,42.244],[-122.457,42.244],[-122.458,42.244],[-122.458,42.244],[-122.459,42.244],[-122.459,42.244],[-122.46,42.244],[-122.46,42.244],[-122.46,42.244],[-122.461,42.244],[-122.461,42.244],[-122.462,42.244],[-122.462,42.244],[-122.463,42.244],[-122.463,42.244],[-122.463,42.244],[-122.464,42.244],[-122.464,42.244],[-122.464,42.245],[-122.464,42.245],[-122.464,42.246],[-122.464,42.246],[-122.464,42.246],[-122.464,42.247],[-122.464,42.247],[-122.464,42.248],[-122.464,42.248],[-122.465,42.248],[-122.465,42.248],[-122.466,42.248],[-122.466,42.248],[-122.467,42.248],[-122.467,42.248],[-122.467,42.248],[-122.468,42.248],[-122.468,42.248],[-122.469,42.248],[-122.469,42.248],[-122.469,42.248],[-122.469,42.249],[-122.469,42.249],[-122.469,42.25],[-122.469,42.25],[-122.469,42.25],[-122.469,42.251],[-122.469,42.251],[-122.469,42.252],[-122.469,42.252],[-122.469,42.253],[-122.469,42.253],[-122.469,42.253],[-122.469,42.254],[-122.469,42.254],[-122.469,42.255],[-122.469,42.255],[-122.469,42.256],[-122.469,42.256],[-122.469,42.256],[-122.469,42.257],[-122.469,42.257],[-122.469,42.258],[-122.469,42.258],[-122.469,42.258],[-122.469,42.258],[-122.47,42.258],[-122.47,42.258],[-122.471,42.258],[-122.471,42.258],[-122.471,42.258],[-122.472,42.259],[-122.472,42.259],[-122.473,42.259],[-122.473,42.259],[-122.474,42.259],[-122.474,42.259],[-122.475,42.259],[-122.475,42.259],[-122.475,42.259],[-122.476,42.259],[-122.476,42.259],[-122.477,42.259],[-122.477,42.259],[-122.478,42.259],[-122.478,42.259],[-122.479,42.259],[-122.479,42.259],[-122.479,42.259],[-122.48,42.259],[-122.48,42.259],[-122.481,42.259],[-122.481,42.259],[-122.482,42.259],[-122.482,42.259],[-122.483,42.259],[-122.483,42.259],[-122.483,42.259],[-122.484,42.259],[-122.484,42.259],[-122.485,42.259],[-122.485,42.259],[-122.486,42.259],[-122.486,42.259],[-122.486,42.259],[-122.487,42.259],[-122.487,42.259],[-122.488,42.259],[-122.488,42.259],[-122.489,42.259],[-122.489,42.259],[-122.49,42.259],[-122.49,42.259],[-122.49,42.259],[-122.491,42.259],[-122.491,42.259],[-122.492,42.259],[-122.492,42.259],[-122.493,42.259],[-122.493,42.259],[-122.493,42.259],[-122.494,42.259],[-122.494,42.259],[-122.495,42.259],[-122.495,42.259],[-122.496,42.259],[-122.496,42.259],[-122.497,42.259],[-122.497,42.259],[-122.497,42.259],[-122.498,42.259],[-122.498,42.259],[-122.499,42.259],[-122.499,42.259],[-122.5,42.259],[-122.5,42.259],[-122.501,42.259],[-122.501,42.259],[-122.501,42.259],[-122.502,42.259],[-122.502,42.259],[-122.503,42.259],[-122.503,42.259],[-122.504,42.259],[-122.504,42.259],[-122.504,42.259],[-122.505,42.259],[-122.505,42.259],[-122.506,42.259],[-122.506,42.259],[-122.507,42.259],[-122.507,42.259],[-122.508,42.259],[-122.508,42.259],[-122.509,42.259],[-122.509,42.259],[-122.509,42.259],[-122.51,42.259],[-122.51,42.259],[-122.511,42.259],[-122.511,42.259],[-122.512,42.259],[-122.512,42.259],[-122.513,42.259],[-122.513,42.259],[-122.513,42.259],[-122.513,42.26],[-122.513,42.26],[-122.513,42.261],[-122.513,42.261],[-122.513,42.262],[-122.513,42.262],[-122.513,42.262],[-122.513,42.263],[-122.513,42.263],[-122.513,42.264],[-122.513,42.264],[-122.513,42.265],[-122.513,42.265],[-122.513,42.265],[-122.513,42.266],[-122.513,42.266],[-122.513,42.266],[-122.514,42.266],[-122.514,42.266],[-122.515,42.266],[-122.515,42.266],[-122.516,42.266],[-122.516,42.266],[-122.517,42.266],[-122.517,42.266],[-122.517,42.266],[-122.518,42.266],[-122.518,42.266],[-122.519,42.266],[-122.519,42.266],[-122.52,42.266],[-122.52,42.266],[-122.521,42.266],[-122.521,42.266],[-122.521,42.266],[-122.522,42.266],[-122.522,42.266],[-122.522,42.266],[-122.522,42.267],[-122.522,42.267],[-122.522,42.267],[-122.522,42.268],[-122.522,42.268],[-122.522,42.269],[-122.522,42.269],[-122.522,42.269],[-122.523,42.269],[-122.523,42.269],[-122.524,42.269],[-122.524,42.269],[-122.525,42.27],[-122.525,42.27],[-122.525,42.27],[-122.526,42.27],[-122.526,42.27],[-122.527,42.27],[-122.527,42.27],[-122.528,42.27],[-122.528,42.27],[-122.529,42.27],[-122.529,42.27],[-122.529,42.27],[-122.53,42.27],[-122.53,42.27],[-122.531,42.27],[-122.531,42.27],[-122.532,42.27],[-122.532,42.27],[-122.533,42.27],[-122.533,42.27],[-122.534,42.27],[-122.534,42.27],[-122.534,42.27],[-122.535,42.27],[-122.535,42.27],[-122.536,42.27],[-122.536,42.27],[-122.537,42.27],[-122.537,42.27],[-122.538,42.27],[-122.538,42.27],[-122.538,42.27],[-122.539,42.27],[-122.539,42.27],[-122.54,42.27],[-122.54,42.27],[-122.541,42.27],[-122.541,42.27],[-122.542,42.27],[-122.542,42.27],[-122.542,42.27],[-122.542,42.271],[-122.542,42.271],[-122.542,42.272],[-122.542,42.272],[-122.542,42.272],[-122.542,42.273],[-122.542,42.273],[-122.542,42.274],[-122.542,42.274],[-122.542,42.275],[-122.542,42.275],[-122.542,42.275],[-122.542,42.276],[-122.542,42.276],[-122.542,42.277],[-122.542,42.277],[-122.542,42.277],[-122.543,42.277],[-122.543,42.277],[-122.544,42.277],[-122.544,42.277],[-122.545,42.277],[-122.545,42.277],[-122.545,42.277],[-122.546,42.277],[-122.546,42.277],[-122.547,42.277],[-122.547,42.277],[-122.548,42.277],[-122.548,42.277],[-122.549,42.277],[-122.549,42.277],[-122.549,42.277],[-122.55,42.277],[-122.55,42.277],[-122.551,42.277],[-122.551,42.277],[-122.552,42.277],[-122.552,42.277],[-122.552,42.278],[-122.552,42.278],[-122.552,42.279],[-122.552,42.279],[-122.552,42.28],[-122.552,42.28],[-122.552,42.28],[-122.552,42.281],[-122.552,42.281],[-122.552,42.282],[-122.552,42.282],[-122.552,42.283],[-122.552,42.283],[-122.552,42.283],[-122.552,42.284],[-122.552,42.284],[-122.552,42.284],[-122.553,42.284],[-122.553,42.284],[-122.553,42.284],[-122.554,42.284],[-122.554,42.284],[-122.555,42.284],[-122.555,42.284],[-122.556,42.284],[-122.556,42.284],[-122.556,42.284],[-122.557,42.284],[-122.557,42.284],[-122.558,42.284],[-122.558,42.284],[-122.559,42.284],[-122.559,42.284],[-122.56,42.284],[-122.56,42.284],[-122.56,42.284],[-122.561,42.284],[-122.561,42.284],[-122.561,42.285],[-122.561,42.285],[-122.561,42.285],[-122.561,42.286],[-122.561,42.286],[-122.561,42.287],[-122.561,42.287],[-122.561,42.287],[-122.561,42.288],[-122.561,42.288],[-122.561,42.289],[-122.561,42.289],[-122.561,42.29],[-122.561,42.29],[-122.561,42.29],[-122.561,42.291],[-122.561,42.291],[-122.561,42.292],[-122.561,42.292],[-122.561,42.293],[-122.561,42.293],[-122.561,42.293],[-122.561,42.294],[-122.561,42.294],[-122.561,42.295],[-122.561,42.295],[-122.561,42.296],[-122.561,42.296],[-122.561,42.296],[-122.561,42.297],[-122.561,42.297],[-122.561,42.298],[-122.561,42.298],[-122.561,42.298],[-122.561,42.299],[-122.561,42.299],[-122.561,42.3],[-122.561,42.3],[-122.561,42.301],[-122.561,42.301],[-122.561,42.301],[-122.561,42.302],[-122.561,42.302],[-122.561,42.302],[-122.561,42.302],[-122.56,42.302],[-122.56,42.302],[-122.559,42.302],[-122.559,42.302],[-122.559,42.302],[-122.558,42.302],[-122.558,42.302],[-122.557,42.302],[-122.557,42.302],[-122.556,42.302],[-122.556,42.302],[-122.556,42.302],[-122.555,42.302],[-122.555,42.302],[-122.554,42.302],[-122.554,42.302],[-122.553,42.302],[-122.553,42.302],[-122.552,42.302],[-122.552,42.302],[-122.552,42.302],[-122.551,42.302],[-122.551,42.302],[-122.55,42.302],[-122.55,42.302],[-122.549,42.302],[-122.549,42.302],[-122.549,42.302],[-122.548,42.302],[-122.548,42.302],[-122.547,42.302],[-122.547,42.302],[-122.546,42.302],[-122.546,42.302],[-122.545,42.302],[-122.545,42.302],[-122.545,42.302],[-122.544,42.302],[-122.544,42.302],[-122.543,42.302],[-122.543,42.302],[-122.542,42.302],[-122.542,42.302],[-122.542,42.303],[-122.542,42.303],[-122.542,42.303],[-122.542,42.304],[-122.542,42.304],[-122.542,42.305],[-122.542,42.305],[-122.542,42.306],[-122.542,42.306],[-122.542,42.306],[-122.542,42.307],[-122.542,42.307],[-122.542,42.308],[-122.542,42.308],[-122.542,42.309],[-122.542,42.309],[-122.542,42.309],[-122.542,42.31],[-122.542,42.31],[-122.542,42.311],[-122.542,42.311],[-122.542,42.312],[-122.542,42.312],[-122.542,42.312],[-122.542,42.313],[-122.542,42.313],[-122.542,42.314],[-122.542,42.314],[-122.542,42.315],[-122.542,42.315],[-122.542,42.315],[-122.542,42.316],[-122.542,42.316],[-122.542,42.317],[-122.542,42.317],[-122.543,42.317],[-122.543,42.317],[-122.544,42.317],[-122.544,42.317],[-122.545,42.317],[-122.545,42.317],[-122.546,42.317],[-122.546,42.317],[-122.546,42.317],[-122.547,42.317],[-122.547,42.317],[-122.548,42.317],[-122.548,42.317],[-122.549,42.317],[-122.549,42.317],[-122.549,42.317],[-122.55,42.317],[-122.55,42.317],[-122.551,42.317],[-122.551,42.317],[-122.552,42.317],[-122.552,42.317],[-122.552,42.317],[-122.553,42.317],[-122.553,42.317],[-122.554,42.317],[-122.554,42.317],[-122.555,42.317],[-122.555,42.317],[-122.556,42.317],[-122.556,42.317],[-122.556,42.317],[-122.557,42.317],[-122.557,42.317],[-122.558,42.317],[-122.558,42.317],[-122.558,42.317],[-122.559,42.317],[-122.559,42.317],[-122.56,42.317],[-122.56,42.317],[-122.561,42.317],[-122.561,42.317],[-122.561,42.317],[-122.562,42.317],[-122.562,42.317],[-122.563,42.317],[-122.563,42.317],[-122.564,42.317],[-122.564,42.317],[-122.564,42.317],[-122.565,42.317],[-122.565,42.317],[-122.566,42.317],[-122.566,42.317],[-122.567,42.317],[-122.567,42.317],[-122.567,42.317],[-122.568,42.317],[-122.568,42.317],[-122.569,42.317],[-122.569,42.317],[-122.57,42.317],[-122.57,42.317],[-122.57,42.317],[-122.571,42.317],[-122.571,42.317],[-122.572,42.317],[-122.572,42.317],[-122.573,42.317],[-122.573,42.317],[-122.574,42.317],[-122.574,42.317],[-122.574,42.317],[-122.575,42.317],[-122.575,42.317],[-122.576,42.317],[-122.576,42.317],[-122.577,42.317],[-122.577,42.317],[-122.578,42.317],[-122.578,42.317],[-122.578,42.317],[-122.579,42.317],[-122.579,42.317],[-122.58,42.317],[-122.58,42.317],[-122.581,42.317],[-122.581,42.317],[-122.581,42.316],[-122.581,42.316],[-122.581,42.315],[-122.581,42.315],[-122.581,42.314],[-122.581,42.314],[-122.581,42.314],[-122.581,42.313],[-122.581,42.313],[-122.581,42.312],[-122.581,42.312],[-122.581,42.311],[-122.581,42.311],[-122.581,42.311],[-122.581,42.31],[-122.581,42.31],[-122.581,42.309],[-122.581,42.309],[-122.581,42.308],[-122.581,42.308],[-122.581,42.308],[-122.581,42.307],[-122.581,42.307],[-122.581,42.306],[-122.581,42.306],[-122.581,42.305],[-122.581,42.305],[-122.581,42.305],[-122.581,42.304],[-122.581,42.304],[-122.581,42.303],[-122.581,42.303],[-122.581,42.302],[-122.581,42.302],[-122.581,42.302],[-122.581,42.301],[-122.581,42.301],[-122.581,42.3],[-122.581,42.3],[-122.581,42.3],[-122.581,42.299],[-122.581,42.299],[-122.581,42.298],[-122.581,42.298],[-122.581,42.298],[-122.581,42.297],[-122.581,42.297],[-122.581,42.296],[-122.581,42.296],[-122.581,42.296],[-122.581,42.295],[-122.581,42.295],[-122.581,42.294],[-122.581,42.294],[-122.581,42.294],[-122.581,42.293],[-122.581,42.293],[-122.581,42.292],[-122.581,42.292],[-122.581,42.291],[-122.581,42.291],[-122.581,42.291],[-122.581,42.29],[-122.581,42.29],[-122.581,42.289],[-122.581,42.289],[-122.581,42.289],[-122.581,42.288],[-122.581,42.288],[-122.582,42.288],[-122.582,42.288],[-122.582,42.288],[-122.583,42.288],[-122.583,42.288],[-122.584,42.288],[-122.584,42.288],[-122.585,42.288],[-122.585,42.288],[-122.586,42.288],[-122.586,42.288],[-122.586,42.288],[-122.587,42.288],[-122.587,42.288],[-122.588,42.288],[-122.588,42.288],[-122.589,42.288],[-122.589,42.288],[-122.589,42.288],[-122.59,42.288],[-122.59,42.288],[-122.591,42.288],[-122.591,42.288],[-122.592,42.288],[-122.592,42.288],[-122.592,42.288],[-122.593,42.288],[-122.593,42.288],[-122.594,42.288],[-122.594,42.288],[-122.594,42.288],[-122.595,42.288],[-122.595,42.288],[-122.596,42.288],[-122.596,42.288],[-122.597,42.288],[-122.597,42.288],[-122.597,42.288],[-122.598,42.288],[-122.598,42.288],[-122.599,42.288],[-122.599,42.288],[-122.6,42.288],[-122.6,42.288],[-122.6,42.288],[-122.601,42.288],[-122.601,42.288],[-122.602,42.288],[-122.602,42.288],[-122.603,42.288],[-122.603,42.288],[-122.603,42.288],[-122.604,42.288],[-122.604,42.288],[-122.605,42.288],[-122.605,42.288],[-122.605,42.288],[-122.606,42.288],[-122.606,42.288],[-122.607,42.288],[-122.607,42.288],[-122.608,42.288],[-122.608,42.288],[-122.608,42.288],[-122.609,42.288],[-122.609,42.288],[-122.61,42.288],[-122.61,42.288],[-122.61,42.288],[-122.611,42.288],[-122.611,42.288],[-122.612,42.288],[-122.612,42.288],[-122.613,42.288],[-122.613,42.288],[-122.613,42.288],[-122.614,42.288],[-122.614,42.288],[-122.615,42.288],[-122.615,42.288],[-122.615,42.288],[-122.616,42.288],[-122.616,42.288],[-122.617,42.288],[-122.617,42.288],[-122.618,42.287],[-122.618,42.287],[-122.618,42.287],[-122.619,42.287],[-122.619,42.287],[-122.62,42.287],[-122.62,42.287],[-122.62,42.287],[-122.621,42.287],[-122.621,42.287],[-122.622,42.287],[-122.622,42.287],[-122.623,42.287],[-122.623,42.287],[-122.623,42.287],[-122.624,42.287],[-122.624,42.287],[-122.625,42.287],[-122.625,42.287],[-122.626,42.287],[-122.626,42.287],[-122.627,42.287],[-122.627,42.287],[-122.627,42.287],[-122.628,42.287],[-122.628,42.287],[-122.629,42.287],[-122.629,42.287],[-122.63,42.287],[-122.63,42.287],[-122.63,42.287],[-122.631,42.287],[-122.631,42.287],[-122.632,42.287],[-122.632,42.287],[-122.633,42.287],[-122.633,42.287],[-122.634,42.287],[-122.634,42.287],[-122.634,42.287],[-122.635,42.287],[-122.635,42.287],[-122.636,42.287],[-122.636,42.287],[-122.637,42.287],[-122.637,42.287],[-122.638,42.287],[-122.638,42.287],[-122.638,42.287],[-122.639,42.287],[-122.639,42.287],[-122.64,42.287],[-122.64,42.287],[-122.641,42.287],[-122.641,42.287],[-122.642,42.287],[-122.642,42.287],[-122.642,42.287],[-122.643,42.287],[-122.643,42.287],[-122.644,42.287],[-122.644,42.287],[-122.645,42.287],[-122.645,42.287],[-122.645,42.287],[-122.645,42.286],[-122.645,42.286],[-122.645,42.285],[-122.645,42.285],[-122.645,42.284],[-122.645,42.284],[-122.644,42.284],[-122.644,42.284],[-122.643,42.284],[-122.643,42.284],[-122.642,42.284],[-122.642,42.284],[-122.642,42.284],[-122.641,42.284],[-122.641,42.284],[-122.64,42.284],[-122.64,42.284],[-122.64,42.284],[-122.64,42.283],[-122.64,42.283],[-122.639,42.283],[-122.639,42.282],[-122.639,42.282],[-122.639,42.281],[-122.639,42.281],[-122.639,42.28],[-122.64,42.28],[-122.64,42.28],[-122.641,42.28],[-122.641,42.28],[-122.641,42.28],[-122.642,42.28],[-122.642,42.28],[-122.643,42.28],[-122.643,42.28],[-122.644,42.28],[-122.644,42.28],[-122.644,42.28],[-122.644,42.28],[-122.644,42.28],[-122.644,42.279],[-122.644,42.279],[-122.644,42.278],[-122.644,42.278],[-122.644,42.278],[-122.644,42.277],[-122.644,42.277],[-122.645,42.277],[-122.645,42.277],[-122.646,42.277],[-122.646,42.277],[-122.646,42.277],[-122.647,42.277],[-122.647,42.277],[-122.648,42.277],[-122.648,42.277],[-122.649,42.277],[-122.649,42.277],[-122.649,42.277],[-122.65,42.277],[-122.65,42.277],[-122.651,42.277],[-122.651,42.277],[-122.652,42.277],[-122.652,42.277],[-122.653,42.277],[-122.653,42.277],[-122.653,42.277],[-122.654,42.277],[-122.654,42.277],[-122.655,42.277],[-122.655,42.277],[-122.656,42.277],[-122.656,42.277],[-122.657,42.277],[-122.657,42.277],[-122.657,42.277],[-122.658,42.277],[-122.658,42.277],[-122.659,42.277],[-122.659,42.277],[-122.659,42.277],[-122.659,42.278],[-122.659,42.278],[-122.659,42.278],[-122.659,42.279],[-122.659,42.279],[-122.659,42.28],[-122.659,42.28],[-122.659,42.28],[-122.659,42.281],[-122.659,42.281],[-122.659,42.282],[-122.659,42.282],[-122.659,42.283],[-122.659,42.283],[-122.659,42.284],[-122.659,42.284],[-122.659,42.284],[-122.659,42.285],[-122.659,42.285],[-122.659,42.286],[-122.659,42.286],[-122.659,42.287],[-122.659,42.287],[-122.659,42.288],[-122.66,42.288],[-122.66,42.288],[-122.661,42.288],[-122.661,42.288],[-122.662,42.288],[-122.662,42.288],[-122.662,42.288],[-122.663,42.288],[-122.663,42.288],[-122.664,42.288],[-122.664,42.288],[-122.665,42.288],[-122.665,42.288],[-122.666,42.288],[-122.666,42.288],[-122.666,42.288],[-122.667,42.288],[-122.667,42.288],[-122.668,42.288],[-122.668,42.288],[-122.669,42.288],[-122.669,42.288],[-122.669,42.287],[-122.669,42.287],[-122.669,42.286],[-122.669,42.286],[-122.669,42.285],[-122.669,42.285],[-122.669,42.284],[-122.669,42.284],[-122.669,42.284],[-122.67,42.284],[-122.67,42.284],[-122.671,42.284],[-122.671,42.284],[-122.672,42.284],[-122.672,42.284],[-122.673,42.284],[-122.673,42.284],[-122.673,42.284],[-122.674,42.284],[-122.674,42.283],[-122.674,42.283],[-122.674,42.283],[-122.674,42.282],[-122.674,42.282],[-122.674,42.281],[-122.674,42.281],[-122.674,42.28],[-122.674,42.28],[-122.674,42.28],[-122.674,42.279],[-122.674,42.279],[-122.674,42.278],[-122.674,42.278],[-122.674,42.278],[-122.674,42.277],[-122.674,42.277],[-122.674,42.276],[-122.674,42.276],[-122.674,42.276],[-122.674,42.275],[-122.674,42.275],[-122.674,42.274],[-122.674,42.274],[-122.674,42.274],[-122.674,42.273],[-122.674,42.273],[-122.673,42.273],[-122.673,42.273],[-122.672,42.273],[-122.672,42.273],[-122.671,42.273],[-122.671,42.273],[-122.67,42.273],[-122.67,42.273],[-122.669,42.273],[-122.669,42.273],[-122.669,42.273],[-122.668,42.273],[-122.668,42.273],[-122.667,42.273],[-122.667,42.273],[-122.666,42.273],[-122.666,42.273],[-122.665,42.273],[-122.665,42.273],[-122.665,42.273],[-122.664,42.273],[-122.664,42.273],[-122.663,42.273],[-122.663,42.273],[-122.662,42.273],[-122.662,42.273],[-122.661,42.273],[-122.661,42.273],[-122.661,42.273],[-122.66,42.273],[-122.66,42.273],[-122.659,42.273],[-122.659,42.273],[-122.658,42.273],[-122.658,42.273],[-122.657,42.273],[-122.657,42.273],[-122.657,42.273],[-122.656,42.273],[-122.656,42.273],[-122.655,42.273],[-122.655,42.273],[-122.654,42.273],[-122.654,42.273],[-122.654,42.272],[-122.654,42.272],[-122.654,42.271],[-122.654,42.271],[-122.654,42.271],[-122.654,42.27],[-122.654,42.27],[-122.654,42.269],[-122.654,42.269],[-122.654,42.268],[-122.654,42.268],[-122.654,42.267],[-122.654,42.267],[-122.654,42.267],[-122.654,42.266],[-122.654,42.266],[-122.654,42.265],[-122.654,42.265],[-122.654,42.264],[-122.654,42.264],[-122.654,42.264],[-122.654,42.263],[-122.654,42.263],[-122.654,42.262],[-122.654,42.262],[-122.654,42.261],[-122.654,42.261],[-122.654,42.26],[-122.654,42.26],[-122.654,42.26],[-122.654,42.259],[-122.654,42.259],[-122.654,42.259],[-122.653,42.259],[-122.653,42.259],[-122.653,42.259],[-122.652,42.259],[-122.652,42.259],[-122.651,42.259],[-122.651,42.259],[-122.65,42.259],[-122.65,42.259],[-122.649,42.259],[-122.649,42.259],[-122.649,42.259],[-122.648,42.259],[-122.648,42.259],[-122.647,42.259],[-122.647,42.259],[-122.646,42.259],[-122.646,42.259],[-122.646,42.259],[-122.645,42.259],[-122.645,42.259],[-122.645,42.258],[-122.645,42.258],[-122.645,42.258],[-122.645,42.257],[-122.645,42.257],[-122.645,42.256],[-122.645,42.256],[-122.645,42.255],[-122.645,42.255],[-122.644,42.255],[-122.644,42.255],[-122.643,42.255],[-122.643,42.255],[-122.642,42.255],[-122.642,42.255],[-122.642,42.255],[-122.641,42.255],[-122.641,42.255],[-122.64,42.255],[-122.64,42.255],[-122.64,42.255],[-122.64,42.254],[-122.64,42.254],[-122.64,42.253],[-122.64,42.253],[-122.64,42.253],[-122.64,42.252],[-122.64,42.252],[-122.64,42.251],[-122.64,42.251],[-122.64,42.251],[-122.64,42.25],[-122.64,42.25],[-122.64,42.249],[-122.64,42.249],[-122.64,42.248],[-122.64,42.248],[-122.64,42.248],[-122.64,42.247],[-122.64,42.247],[-122.64,42.246],[-122.64,42.246],[-122.64,42.245],[-122.64,42.245],[-122.64,42.245],[-122.64,42.244],[-122.64,42.244],[-122.64,42.243],[-122.64,42.243],[-122.64,42.242],[-122.64,42.242],[-122.64,42.242],[-122.64,42.241],[-122.64,42.241],[-122.64,42.24],[-122.64,42.24],[-122.641,42.24],[-122.641,42.24],[-122.642,42.24],[-122.642,42.24],[-122.642,42.24],[-122.643,42.24],[-122.643,42.24],[-122.644,42.24],[-122.644,42.24],[-122.645,42.24],[-122.645,42.24],[-122.645,42.24],[-122.645,42.239],[-122.645,42.239],[-122.645,42.238],[-122.645,42.238],[-122.645,42.238],[-122.645,42.237],[-122.645,42.237],[-122.645,42.237],[-122.646,42.237],[-122.646,42.237],[-122.646,42.237],[-122.647,42.237],[-122.647,42.237],[-122.648,42.237],[-122.648,42.237],[-122.649,42.237],[-122.649,42.237],[-122.65,42.237],[-122.65,42.236],[-122.65,42.236],[-122.65,42.235],[-122.65,42.235],[-122.65,42.235],[-122.65,42.234],[-122.65,42.234],[-122.65,42.233],[-122.649,42.233],[-122.649,42.232],[-122.649,42.232],[-122.649,42.232],[-122.649,42.231],[-122.649,42.231],[-122.649,42.23],[-122.649,42.23],[-122.649,42.229],[-122.65,42.229],[-122.65,42.229],[-122.651,42.229],[-122.651,42.229],[-122.652,42.229],[-122.652,42.229],[-122.653,42.229],[-122.653,42.229],[-122.653,42.229],[-122.654,42.229],[-122.654,42.229],[-122.655,42.229],[-122.655,42.229],[-122.656,42.229],[-122.656,42.229],[-122.657,42.229],[-122.657,42.229],[-122.657,42.229],[-122.658,42.229],[-122.658,42.229],[-122.659,42.229],[-122.659,42.229],[-122.659,42.229],[-122.659,42.228],[-122.659,42.228],[-122.659,42.228],[-122.659,42.227],[-122.659,42.227],[-122.659,42.226],[-122.659,42.226],[-122.659,42.225],[-122.659,42.225],[-122.659,42.225],[-122.659,42.224],[-122.659,42.224],[-122.659,42.223],[-122.659,42.223],[-122.659,42.223],[-122.659,42.222],[-122.66,42.222],[-122.66,42.222],[-122.661,42.222],[-122.661,42.222],[-122.662,42.222],[-122.662,42.222],[-122.662,42.222],[-122.663,42.222],[-122.663,42.222],[-122.664,42.222],[-122.664,42.222],[-122.665,42.222],[-122.665,42.222],[-122.666,42.222],[-122.666,42.222],[-122.666,42.222],[-122.667,42.222],[-122.667,42.222],[-122.668,42.222],[-122.668,42.222],[-122.669,42.222],[-122.669,42.222],[-122.669,42.222],[-122.669,42.221],[-122.669,42.221],[-122.669,42.22],[-122.669,42.22],[-122.669,42.22],[-122.669,42.219],[-122.669,42.219],[-122.669,42.218],[-122.669,42.218],[-122.669,42.217],[-122.669,42.217],[-122.669,42.216],[-122.669,42.216],[-122.669,42.216],[-122.669,42.215],[-122.669,42.215],[-122.669,42.215],[-122.668,42.215],[-122.668,42.215],[-122.667,42.215],[-122.667,42.215],[-122.666,42.215],[-122.666,42.215],[-122.666,42.215],[-122.665,42.215],[-122.665,42.215],[-122.664,42.215],[-122.664,42.215],[-122.663,42.215],[-122.663,42.215],[-122.662,42.215],[-122.662,42.215],[-122.662,42.215],[-122.661,42.215],[-122.661,42.215],[-122.66,42.215],[-122.66,42.215],[-122.659,42.215],[-122.659,42.215],[-122.658,42.215],[-122.658,42.215],[-122.658,42.215],[-122.657,42.215],[-122.657,42.215],[-122.656,42.215],[-122.656,42.215],[-122.655,42.215],[-122.655,42.215],[-122.654,42.215],[-122.654,42.215],[-122.653,42.215],[-122.653,42.215],[-122.653,42.215],[-122.652,42.215],[-122.652,42.215],[-122.651,42.215],[-122.651,42.215],[-122.65,42.215],[-122.65,42.215],[-122.649,42.215],[-122.649,42.215],[-122.649,42.215],[-122.648,42.215],[-122.648,42.215],[-122.647,42.215],[-122.647,42.215],[-122.646,42.215],[-122.646,42.215],[-122.645,42.215],[-122.645,42.215],[-122.645,42.215],[-122.644,42.215],[-122.644,42.215],[-122.643,42.215],[-122.643,42.215],[-122.642,42.215],[-122.642,42.215],[-122.641,42.215],[-122.641,42.215],[-122.641,42.215],[-122.64,42.215],[-122.64,42.215],[-122.639,42.215],[-122.639,42.215],[-122.638,42.215],[-122.638,42.215],[-122.637,42.215],[-122.637,42.215],[-122.637,42.215],[-122.636,42.215],[-122.636,42.215],[-122.635,42.215],[-122.635,42.215],[-122.635,42.215],[-122.635,42.216],[-122.635,42.216],[-122.635,42.216],[-122.635,42.217],[-122.635,42.217],[-122.635,42.218],[-122.635,42.218],[-122.635,42.219],[-122.634,42.219],[-122.634,42.219],[-122.633,42.219],[-122.633,42.219],[-122.632,42.219],[-122.632,42.219],[-122.632,42.219],[-122.631,42.219],[-122.631,42.219],[-122.63,42.219],[-122.63,42.219],[-122.629,42.219],[-122.629,42.219],[-122.628,42.219],[-122.628,42.219],[-122.628,42.219],[-122.627,42.219],[-122.627,42.219],[-122.626,42.219],[-122.626,42.219],[-122.625,42.219],[-122.625,42.219],[-122.624,42.219],[-122.624,42.219],[-122.624,42.219],[-122.623,42.219],[-122.623,42.219],[-122.622,42.219],[-122.622,42.219],[-122.621,42.219],[-122.621,42.219],[-122.62,42.219],[-122.62,42.219],[-122.62,42.219],[-122.619,42.219],[-122.619,42.219],[-122.618,42.219],[-122.618,42.219],[-122.617,42.219],[-122.617,42.219],[-122.616,42.219],[-122.616,42.219],[-122.616,42.219],[-122.615,42.219],[-122.615,42.219],[-122.615,42.219],[-122.615,42.22],[-122.615,42.22],[-122.615,42.221],[-122.615,42.221],[-122.615,42.221],[-122.615,42.222],[-122.615,42.222],[-122.615,42.222],[-122.614,42.222],[-122.614,42.222],[-122.613,42.222],[-122.613,42.222],[-122.612,42.222],[-122.612,42.222],[-122.611,42.222],[-122.611,42.222],[-122.611,42.222],[-122.61,42.222],[-122.61,42.223],[-122.61,42.223],[-122.61,42.223],[-122.61,42.224],[-122.61,42.224],[-122.61,42.225],[-122.61,42.225],[-122.61,42.225],[-122.61,42.226],[-122.61,42.226],[-122.609,42.226],[-122.609,42.226],[-122.608,42.226],[-122.608,42.226],[-122.607,42.226],[-122.607,42.226],[-122.607,42.226],[-122.606,42.226],[-122.606,42.226],[-122.605,42.226],[-122.605,42.226],[-122.604,42.226],[-122.604,42.226],[-122.603,42.226],[-122.603,42.226],[-122.603,42.226],[-122.602,42.226],[-122.602,42.226],[-122.601,42.226],[-122.601,42.226],[-122.6,42.226],[-122.6,42.225],[-122.6,42.225],[-122.6,42.225],[-122.6,42.224],[-122.6,42.224],[-122.6,42.224],[-122.6,42.224],[-122.6,42.224],[-122.599,42.224],[-122.599,42.224],[-122.598,42.224],[-122.598,42.224],[-122.598,42.224],[-122.598,42.225],[-122.597,42.225],[-122.597,42.225],[-122.597,42.225],[-122.596,42.226],[-122.596,42.226],[-122.596,42.226],[-122.596,42.226],[-122.596,42.227],[-122.596,42.227],[-122.595,42.227],[-122.595,42.228],[-122.595,42.228],[-122.595,42.229],[-122.595,42.229],[-122.595,42.23],[-122.595,42.23],[-122.595,42.23],[-122.594,42.23],[-122.594,42.23],[-122.593,42.23],[-122.593,42.23],[-122.592,42.23],[-122.592,42.23],[-122.591,42.23],[-122.591,42.23],[-122.591,42.23],[-122.591,42.23],[-122.591,42.23],[-122.591,42.231],[-122.591,42.231],[-122.591,42.232],[-122.591,42.232],[-122.591,42.233],[-122.591,42.233],[-122.59,42.233],[-122.59,42.234],[-122.59,42.234],[-122.59,42.235],[-122.59,42.235],[-122.59,42.236],[-122.59,42.236],[-122.59,42.236],[-122.59,42.237],[-122.59,42.237],[-122.59,42.237],[-122.589,42.237],[-122.589,42.237],[-122.588,42.237],[-122.588,42.237],[-122.587,42.237],[-122.587,42.237],[-122.586,42.237],[-122.586,42.237],[-122.586,42.237],[-122.585,42.237],[-122.585,42.237],[-122.584,42.237],[-122.584,42.237],[-122.583,42.237],[-122.583,42.237],[-122.582,42.237],[-122.582,42.237],[-122.582,42.237],[-122.581,42.237],[-122.581,42.237],[-122.581,42.237],[-122.581,42.238],[-122.581,42.238],[-122.581,42.239],[-122.581,42.239],[-122.58,42.239],[-122.58,42.24],[-122.58,42.24],[-122.58,42.241],[-122.58,42.241],[-122.58,42.242],[-122.58,42.242],[-122.58,42.242],[-122.58,42.243],[-122.58,42.243],[-122.58,42.244],[-122.58,42.244],[-122.58,42.245],[-122.58,42.245],[-122.58,42.245],[-122.58,42.246],[-122.58,42.246],[-122.58,42.247],[-122.581,42.247],[-122.581,42.248],[-122.581,42.248],[-122.581,42.248],[-122.581,42.249],[-122.581,42.249],[-122.581,42.25],[-122.581,42.25],[-122.581,42.251],[-122.581,42.251],[-122.581,42.251],[-122.58,42.251],[-122.58,42.251],[-122.58,42.251],[-122.579,42.251],[-122.579,42.251],[-122.578,42.251],[-122.578,42.251],[-122.577,42.251],[-122.577,42.251],[-122.576,42.251],[-122.576,42.251],[-122.576,42.252],[-122.576,42.252],[-122.576,42.253],[-122.576,42.253],[-122.576,42.254],[-122.576,42.254],[-122.576,42.254],[-122.576,42.255],[-122.576,42.255],[-122.576,42.256],[-122.576,42.256],[-122.576,42.257],[-122.576,42.257],[-122.576,42.257],[-122.576,42.258],[-122.576,42.258],[-122.576,42.259],[-122.576,42.259],[-122.575,42.259],[-122.575,42.259],[-122.575,42.259],[-122.574,42.259],[-122.574,42.259],[-122.573,42.259],[-122.573,42.259],[-122.573,42.259],[-122.572,42.259],[-122.572,42.259],[-122.571,42.259],[-122.571,42.259],[-122.57,42.259],[-122.57,42.259],[-122.57,42.259],[-122.569,42.259],[-122.569,42.259],[-122.568,42.259],[-122.568,42.259],[-122.567,42.259],[-122.567,42.259],[-122.567,42.259],[-122.566,42.259],[-122.566,42.259],[-122.565,42.259],[-122.565,42.259],[-122.564,42.259],[-122.564,42.259],[-122.564,42.259],[-122.563,42.259],[-122.563,42.259],[-122.562,42.259],[-122.562,42.259],[-122.561,42.259],[-122.561,42.259],[-122.561,42.259],[-122.56,42.259],[-122.56,42.259],[-122.559,42.259],[-122.559,42.259],[-122.558,42.259],[-122.558,42.259],[-122.557,42.259],[-122.557,42.259],[-122.557,42.259],[-122.556,42.259],[-122.556,42.259],[-122.555,42.259],[-122.555,42.259],[-122.554,42.259],[-122.554,42.259],[-122.553,42.259],[-122.553,42.259],[-122.553,42.259],[-122.552,42.259],[-122.552,42.259],[-122.551,42.259],[-122.551,42.259],[-122.55,42.259],[-122.55,42.259],[-122.549,42.259],[-122.549,42.259],[-122.549,42.259],[-122.548,42.259],[-122.548,42.259],[-122.547,42.259],[-122.547,42.259],[-122.546,42.259],[-122.546,42.259],[-122.545,42.259],[-122.545,42.259],[-122.545,42.259],[-122.544,42.259],[-122.544,42.259],[-122.543,42.259],[-122.543,42.259],[-122.542,42.259],[-122.542,42.259],[-122.542,42.258],[-122.542,42.258],[-122.542,42.257],[-122.542,42.257],[-122.542,42.256],[-122.542,42.256],[-122.542,42.256],[-122.542,42.255],[-122.542,42.255],[-122.542,42.254],[-122.542,42.254],[-122.542,42.253],[-122.542,42.253],[-122.542,42.252],[-122.542,42.252],[-122.542,42.252],[-122.542,42.251],[-122.542,42.251],[-122.542,42.25],[-122.542,42.25],[-122.542,42.249],[-122.542,42.249],[-122.542,42.249],[-122.542,42.248],[-122.542,42.248],[-122.542,42.247],[-122.542,42.247],[-122.542,42.246],[-122.542,42.246],[-122.542,42.246],[-122.542,42.245],[-122.542,42.245],[-122.542,42.244],[-122.542,42.244],[-122.542,42.244],[-122.541,42.244],[-122.541,42.244],[-122.54,42.244],[-122.54,42.244],[-122.539,42.244],[-122.539,42.244],[-122.539,42.244],[-122.538,42.244],[-122.538,42.244],[-122.537,42.244],[-122.537,42.244],[-122.536,42.244],[-122.536,42.244],[-122.535,42.244],[-122.535,42.244],[-122.535,42.244],[-122.534,42.244],[-122.534,42.244],[-122.533,42.244],[-122.533,42.244],[-122.532,42.244],[-122.532,42.244],[-122.531,42.244],[-122.531,42.244],[-122.531,42.244],[-122.53,42.244],[-122.53,42.244],[-122.529,42.244],[-122.529,42.244],[-122.528,42.244],[-122.528,42.244],[-122.527,42.244],[-122.527,42.244],[-122.527,42.244],[-122.526,42.244],[-122.526,42.244],[-122.525,42.244],[-122.525,42.244],[-122.524,42.244],[-122.524,42.244],[-122.523,42.244],[-122.523,42.244],[-122.523,42.244],[-122.523,42.244],[-122.523,42.245],[-122.523,42.245],[-122.523,42.246],[-122.523,42.246],[-122.523,42.247],[-122.523,42.247],[-122.523,42.247],[-122.523,42.248],[-122.523,42.248],[-122.523,42.249],[-122.523,42.249],[-122.523,42.25],[-122.522,42.25],[-122.522,42.25],[-122.522,42.251],[-122.522,42.251],[-122.522,42.251],[-122.522,42.251],[-122.521,42.251],[-122.521,42.251],[-122.52,42.251],[-122.52,42.251],[-122.519,42.251],[-122.519,42.251],[-122.518,42.251],[-122.518,42.251],[-122.518,42.251],[-122.518,42.251],[-122.518,42.25],[-122.518,42.25],[-122.518,42.25],[-122.518,42.249],[-122.518,42.249],[-122.518,42.248],[-122.518,42.248],[-122.518,42.248],[-122.517,42.248],[-122.517,42.248],[-122.516,42.248],[-122.516,42.248],[-122.515,42.248],[-122.515,42.248],[-122.514,42.248],[-122.514,42.248],[-122.514,42.248],[-122.513,42.248],[-122.513,42.248],[-122.513,42.247],[-122.513,42.247],[-122.513,42.246],[-122.513,42.246],[-122.513,42.246],[-122.513,42.245],[-122.513,42.245],[-122.513,42.244],[-122.513,42.244],[-122.512,42.244],[-122.512,42.244],[-122.511,42.244],[-122.511,42.244],[-122.511,42.244],[-122.51,42.244],[-122.51,42.244],[-122.509,42.244],[-122.509,42.244],[-122.508,42.244],[-122.508,42.244],[-122.508,42.244],[-122.508,42.243],[-122.508,42.243],[-122.508,42.242],[-122.508,42.242],[-122.508,42.241],[-122.508,42.241],[-122.508,42.241],[-122.508,42.24],[-122.508,42.24],[-122.508,42.239],[-122.508,42.239],[-122.508,42.238],[-122.508,42.238],[-122.508,42.238],[-122.508,42.237],[-122.508,42.237],[-122.508,42.237],[-122.509,42.237],[-122.509,42.237],[-122.51,42.237],[-122.51,42.237],[-122.51,42.237],[-122.511,42.237],[-122.511,42.237],[-122.512,42.237],[-122.512,42.237],[-122.513,42.237],[-122.513,42.236],[-122.513,42.236],[-122.513,42.235],[-122.513,42.235],[-122.513,42.235],[-122.513,42.234],[-122.513,42.234],[-122.513,42.233],[-122.513,42.233],[-122.513,42.232],[-122.513,42.232],[-122.513,42.232],[-122.513,42.231],[-122.513,42.231],[-122.513,42.23],[-122.513,42.23],[-122.513,42.229],[-122.512,42.229],[-122.512,42.229],[-122.511,42.229],[-122.511,42.229],[-122.51,42.229],[-122.51,42.229],[-122.51,42.229],[-122.509,42.229],[-122.509,42.229],[-122.508,42.229],[-122.508,42.229],[-122.507,42.229],[-122.507,42.229],[-122.506,42.229],[-122.506,42.229],[-122.506,42.229],[-122.505,42.229],[-122.505,42.229],[-122.504,42.229],[-122.504,42.229],[-122.503,42.229],[-122.503,42.229],[-122.503,42.229],[-122.503,42.229],[-122.503,42.228],[-122.503,42.228],[-122.503,42.227],[-122.503,42.227],[-122.503,42.226],[-122.503,42.226],[-122.503,42.226],[-122.503,42.225],[-122.503,42.225],[-122.503,42.224],[-122.503,42.224],[-122.503,42.223],[-122.503,42.223],[-122.503,42.223],[-122.503,42.222],[-122.503,42.222],[-122.503,42.221],[-122.503,42.221],[-122.503,42.221],[-122.503,42.22],[-122.503,42.22],[-122.503,42.219],[-122.503,42.219],[-122.503,42.218],[-122.503,42.218],[-122.504,42.218],[-122.504,42.218],[-122.505,42.218],[-122.505,42.218],[-122.506,42.218],[-122.506,42.218],[-122.506,42.218],[-122.507,42.218],[-122.507,42.218],[-122.508,42.218],[-122.508,42.218],[-122.508,42.218],[-122.509,42.218],[-122.509,42.218],[-122.51,42.218],[-122.51,42.218],[-122.511,42.218],[-122.511,42.218],[-122.511,42.218],[-122.512,42.218],[-122.512,42.218],[-122.513,42.218],[-122.513,42.218],[-122.513,42.218],[-122.513,42.217],[-122.513,42.217],[-122.513,42.216],[-122.513,42.216],[-122.513,42.216],[-122.513,42.215],[-122.513,42.215],[-122.513,42.214],[-122.513,42.214],[-122.513,42.214],[-122.513,42.213],[-122.513,42.213],[-122.513,42.212],[-122.513,42.212],[-122.513,42.211],[-122.513,42.211],[-122.513,42.211],[-122.514,42.211],[-122.514,42.211],[-122.514,42.211],[-122.515,42.211],[-122.515,42.211],[-122.516,42.211],[-122.516,42.211],[-122.517,42.211],[-122.517,42.211],[-122.518,42.211],[-122.518,42.211],[-122.518,42.21],[-122.518,42.21],[-122.518,42.209],[-122.518,42.209],[-122.518,42.209],[-122.518,42.208],[-122.518,42.208],[-122.518,42.207],[-122.518,42.207],[-122.518,42.207],[-122.518,42.206],[-122.518,42.206],[-122.518,42.205],[-122.518,42.205],[-122.518,42.205],[-122.518,42.204],[-122.518,42.204],[-122.518,42.204],[-122.519,42.204],[-122.519,42.204],[-122.52,42.204],[-122.52,42.204],[-122.52,42.204],[-122.521,42.204],[-122.521,42.204],[-122.522,42.204],[-122.522,42.204],[-122.523,42.204],[-122.523,42.203],[-122.523,42.203],[-122.523,42.202],[-122.523,42.202],[-122.523,42.202],[-122.523,42.201],[-122.523,42.201],[-122.523,42.2],[-122.523,42.2],[-122.523,42.2],[-122.523,42.199],[-122.523,42.199],[-122.523,42.198],[-122.523,42.198],[-122.523,42.198],[-122.523,42.197],[-122.523,42.197],[-122.523,42.196],[-122.523,42.196],[-122.523,42.196],[-122.524,42.196],[-122.524,42.196],[-122.525,42.196],[-122.525,42.196],[-122.526,42.196],[-122.526,42.196],[-122.527,42.196],[-122.527,42.196],[-122.528,42.196],[-122.528,42.197],[-122.528,42.197],[-122.528,42.198],[-122.528,42.198],[-122.528,42.198],[-122.528,42.199],[-122.528,42.199],[-122.528,42.2],[-122.528,42.2],[-122.528,42.2],[-122.528,42.201],[-122.528,42.201],[-122.527,42.202],[-122.527,42.202],[-122.527,42.203],[-122.527,42.203],[-122.527,42.203],[-122.527,42.204],[-122.528,42.204],[-122.528,42.204],[-122.529,42.204],[-122.529,42.204],[-122.53,42.204],[-122.53,42.204],[-122.531,42.204],[-122.531,42.204],[-122.532,42.204],[-122.532,42.204],[-122.532,42.204],[-122.532,42.204],[-122.532,42.205],[-122.532,42.205],[-122.532,42.205],[-122.532,42.206],[-122.532,42.206],[-122.532,42.207],[-122.532,42.207],[-122.532,42.207],[-122.533,42.207],[-122.533,42.207],[-122.534,42.207],[-122.534,42.207],[-122.535,42.207],[-122.535,42.207],[-122.535,42.207],[-122.536,42.207],[-122.536,42.207],[-122.537,42.207],[-122.537,42.207],[-122.538,42.207],[-122.538,42.207],[-122.539,42.207],[-122.539,42.207],[-122.54,42.207],[-122.54,42.207],[-122.54,42.207],[-122.541,42.207],[-122.541,42.207],[-122.542,42.207],[-122.542,42.207],[-122.542,42.208],[-122.542,42.208],[-122.542,42.209],[-122.542,42.209],[-122.542,42.209],[-122.542,42.21],[-122.542,42.21],[-122.542,42.211],[-122.542,42.211],[-122.543,42.211],[-122.543,42.211],[-122.543,42.211],[-122.544,42.211],[-122.544,42.211],[-122.545,42.211],[-122.545,42.211],[-122.546,42.211],[-122.546,42.211],[-122.547,42.211],[-122.547,42.211],[-122.547,42.211],[-122.547,42.21],[-122.547,42.21],[-122.547,42.209],[-122.547,42.209],[-122.547,42.209],[-122.547,42.208],[-122.547,42.208],[-122.547,42.207],[-122.547,42.207],[-122.548,42.207],[-122.548,42.207],[-122.549,42.207],[-122.549,42.207],[-122.55,42.207],[-122.55,42.207],[-122.551,42.207],[-122.551,42.207],[-122.551,42.207],[-122.552,42.207],[-122.552,42.208],[-122.552,42.208],[-122.552,42.209],[-122.552,42.209],[-122.552,42.209],[-122.552,42.21],[-122.552,42.21],[-122.552,42.211],[-122.552,42.211],[-122.552,42.211],[-122.553,42.211],[-122.553,42.211],[-122.554,42.211],[-122.554,42.211],[-122.555,42.211],[-122.555,42.211],[-122.555,42.211],[-122.556,42.211],[-122.556,42.211],[-122.557,42.211],[-122.557,42.211],[-122.557,42.212],[-122.557,42.212],[-122.557,42.213],[-122.557,42.213],[-122.557,42.214],[-122.557,42.214],[-122.557,42.214],[-122.557,42.215]],[[-122.193,42.227],[-122.193,42.226],[-122.193,42.226],[-122.193,42.225],[-122.193,42.225],[-122.193,42.225],[-122.193,42.224],[-122.193,42.224],[-122.193,42.223],[-122.193,42.223],[-122.193,42.222],[-122.193,42.222],[-122.193,42.222],[-122.193,42.221],[-122.193,42.221],[-122.193,42.22],[-122.193,42.22],[-122.193,42.219],[-122.193,42.219],[-122.193,42.219],[-122.193,42.218],[-122.193,42.218],[-122.193,42.217],[-122.193,42.217],[-122.192,42.217],[-122.192,42.217],[-122.191,42.217],[-122.191,42.217],[-122.191,42.217],[-122.19,42.217],[-122.19,42.217],[-122.189,42.217],[-122.189,42.217],[-122.188,42.217],[-122.188,42.217],[-122.188,42.218],[-122.188,42.218],[-122.188,42.218],[-122.188,42.219],[-122.188,42.219],[-122.188,42.22],[-122.188,42.22],[-122.188,42.22],[-122.188,42.221],[-122.188,42.221],[-122.188,42.222],[-122.188,42.222],[-122.188,42.222],[-122.188,42.223],[-122.188,42.223],[-122.188,42.224],[-122.188,42.224],[-122.188,42.225],[-122.188,42.225],[-122.188,42.225],[-122.188,42.226],[-122.188,42.226],[-122.188,42.227],[-122.188,42.227],[-122.188,42.228],[-122.188,42.228],[-122.188,42.228],[-122.189,42.228],[-122.189,42.228],[-122.19,42.228],[-122.19,42.228],[-122.191,42.228],[-122.191,42.228],[-122.192,42.228],[-122.192,42.228],[-122.192,42.228],[-122.193,42.228],[-122.193,42.227],[-122.193,42.227],[-122.193,42.227]],[[-122.47,42.176],[-122.47,42.176],[-122.47,42.175],[-122.47,42.175],[-122.47,42.174],[-122.47,42.174],[-122.47,42.174],[-122.47,42.173],[-122.47,42.173],[-122.47,42.172],[-122.47,42.172],[-122.47,42.171],[-122.47,42.171],[-122.47,42.171],[-122.469,42.171],[-122.469,42.171],[-122.468,42.171],[-122.468,42.171],[-122.467,42.171],[-122.467,42.171],[-122.467,42.171],[-122.466,42.171],[-122.466,42.171],[-122.465,42.171],[-122.465,42.171],[-122.464,42.171],[-122.464,42.171],[-122.464,42.172],[-122.464,42.172],[-122.464,42.172],[-122.464,42.173],[-122.464,42.173],[-122.464,42.174],[-122.464,42.174],[-122.464,42.175],[-122.464,42.175],[-122.464,42.175],[-122.464,42.176],[-122.464,42.176],[-122.464,42.177],[-122.464,42.177],[-122.464,42.178],[-122.464,42.178],[-122.464,42.178],[-122.464,42.179],[-122.464,42.179],[-122.464,42.18],[-122.464,42.18],[-122.464,42.18],[-122.464,42.181],[-122.464,42.181],[-122.464,42.182],[-122.464,42.182],[-122.464,42.182],[-122.465,42.182],[-122.465,42.182],[-122.466,42.182],[-122.466,42.182],[-122.467,42.182],[-122.467,42.182],[-122.468,42.182],[-122.468,42.182],[-122.468,42.182],[-122.469,42.182],[-122.469,42.182],[-122.469,42.181],[-122.469,42.181],[-122.469,42.18],[-122.469,42.18],[-122.469,42.18],[-122.469,42.179],[-122.469,42.179],[-122.469,42.178],[-122.469,42.178],[-122.47,42.178],[-122.47,42.178],[-122.47,42.178],[-122.47,42.178],[-122.47,42.177],[-122.47,42.177],[-122.47,42.176],[-122.47,42.176]],[[-122.463,42.186],[-122.462,42.186],[-122.462,42.186],[-122.461,42.186],[-122.461,42.186],[-122.46,42.186],[-122.46,42.186],[-122.46,42.186],[-122.459,42.186],[-122.459,42.186],[-122.458,42.186],[-122.458,42.186],[-122.457,42.186],[-122.457,42.186],[-122.456,42.186],[-122.456,42.186],[-122.456,42.186],[-122.455,42.186],[-122.455,42.186],[-122.454,42.186],[-122.454,42.186],[-122.453,42.186],[-122.453,42.186],[-122.452,42.186],[-122.452,42.186],[-122.452,42.186],[-122.451,42.186],[-122.451,42.186],[-122.45,42.186],[-122.45,42.186],[-122.449,42.186],[-122.449,42.186],[-122.448,42.186],[-122.448,42.186],[-122.448,42.186],[-122.447,42.186],[-122.447,42.186],[-122.446,42.186],[-122.446,42.186],[-122.445,42.186],[-122.445,42.186],[-122.444,42.186],[-122.444,42.186],[-122.444,42.187],[-122.444,42.187],[-122.444,42.187],[-122.444,42.188],[-122.444,42.188],[-122.444,42.189],[-122.444,42.189],[-122.444,42.19],[-122.444,42.19],[-122.444,42.19],[-122.444,42.191],[-122.444,42.191],[-122.444,42.192],[-122.444,42.192],[-122.444,42.193],[-122.444,42.193],[-122.444,42.193],[-122.444,42.194],[-122.444,42.194],[-122.444,42.195],[-122.444,42.195],[-122.444,42.196],[-122.444,42.196],[-122.444,42.196],[-122.444,42.197],[-122.444,42.197],[-122.444,42.198],[-122.444,42.198],[-122.444,42.199],[-122.444,42.199],[-122.444,42.199],[-122.444,42.2],[-122.444,42.2],[-122.445,42.2],[-122.445,42.2],[-122.446,42.2],[-122.446,42.2],[-122.447,42.2],[-122.447,42.2],[-122.448,42.2],[-122.448,42.2],[-122.448,42.2],[-122.449,42.2],[-122.449,42.2],[-122.45,42.2],[-122.45,42.2],[-122.451,42.2],[-122.451,42.2],[-122.452,42.2],[-122.452,42.2],[-122.452,42.2],[-122.453,42.2],[-122.453,42.2],[-122.454,42.2],[-122.454,42.2],[-122.455,42.2],[-122.455,42.2],[-122.456,42.2],[-122.456,42.2],[-122.456,42.2],[-122.457,42.2],[-122.457,42.2],[-122.458,42.2],[-122.458,42.2],[-122.459,42.2],[-122.459,42.2],[-122.46,42.2],[-122.46,42.2],[-122.46,42.2],[-122.461,42.2],[-122.461,42.2],[-122.462,42.2],[-122.462,42.2],[-122.463,42.2],[-122.463,42.2],[-122.464,42.2],[-122.464,42.2],[-122.464,42.2],[-122.464,42.199],[-122.464,42.199],[-122.464,42.199],[-122.464,42.198],[-122.464,42.198],[-122.464,42.197],[-122.464,42.197],[-122.464,42.196],[-122.464,42.196],[-122.464,42.196],[-122.464,42.195],[-122.464,42.195],[-122.464,42.194],[-122.464,42.194],[-122.464,42.193],[-122.464,42.193],[-122.464,42.193],[-122.464,42.192],[-122.464,42.192],[-122.464,42.191],[-122.464,42.191],[-122.464,42.19],[-122.464,42.19],[-122.464,42.19],[-122.464,42.189],[-122.464,42.189],[-122.464,42.188],[-122.464,42.188],[-122.464,42.187],[-122.464,42.187],[-122.464,42.187],[-122.464,42.186],[-122.464,42.186],[-122.464,42.186],[-122.463,42.186],[-122.463,42.186]]]]}}]}