{"type":"FeatureCollection","features":[{"type":"Feature","geometry":{"type":"MultiPolygon","coordinates":[[[[-122.55677386361724,42.21481802036031],[-122.55632786981785,42.2148179962453],[-122.55588200944798,42.21482245169265],[-122.55543162637038,42.214822483171375],[-122.55498570312953,42.21482250480926],[-122.55453980399722,42.214822442639424],[-122.55409388275673,42.214822459669726],[-122.55364796251621,42.2148224743962],[-122.55319758449822,42.214822494217366],[-122.55275175696944,42.214822475499446],[-122.55230583973915,42.214822483291925],[-122.55185989722354,42.214826946783454],[-122.55184649039037,42.21525051355583],[-122.55183751873973,42.21567415918065],[-122.55182417846227,42.21609778800008],[-122.5518152702677,42.216525872367896],[-122.55180186136238,42.21694945789951],[-122.55179297852185,42.217373093471615],[-122.5517795685828,42.21779668835788],[-122.55177074918666,42.21822476286767],[-122.55175733821017,42.218648367157535],[-122.55174838588225,42.21907196879309],[-122.55173504146637,42.21949563513395],[-122.5517261525679,42.21992367590227],[-122.55171719883913,42.2203472916178],[-122.55170378529506,42.2207709193426],[-122.55169492133518,42.22119451559432],[-122.55168148040265,42.221622611465605],[-122.55167261549444,42.22204621711948],[-122.55211398873342,42.22204619485114],[-122.55255989006795,42.2220462156464],[-122.5530058831204,42.22204620531835],[-122.55345178645592,42.22204622150583],[-122.5538976907919,42.22204623538964],[-122.55434359612825,42.22204624696977],[-122.55478503997774,42.22205064105891],[-122.55523094735022,42.222050648053944],[-122.55567685572281,42.22205065274526],[-122.55612276509548,42.22205065513285],[-122.55656867546809,42.222050655216684],[-122.55657765047177,42.22162707367117],[-122.55659095206201,42.221199006606135],[-122.55660431798432,42.220775374181514],[-122.55661770920013,42.22034728779607],[-122.55662661465634,42.219923672360366],[-122.55663997900331,42.21950005401645],[-122.55665336863069,42.21907198185988],[-122.55666673189685,42.21864837291951],[-122.55667566122558,42.21822031785003],[-122.55668911416214,42.21779668949291],[-122.5567024758524,42.21737309463338],[-122.55671579520167,42.216944993518865],[-122.55672478748359,42.21652138682807],[-122.55673810578838,42.216093295217874],[-122.55675155606433,42.215669690347944],[-122.5567603886011,42.215246073870226],[-122.55677386361724,42.21481802036031]]],[[[-122.55677386361724,42.21481802036031],[-122.55721970011986,42.21481801830294],[-122.55767008719909,42.214817977494434],[-122.55811599330872,42.214818023493],[-122.55856192352074,42.21481798568303],[-122.55900783163106,42.214818027074024],[-122.55945813205786,42.21481800575524],[-122.5599041583276,42.21481355570428],[-122.5603500018006,42.214813537477866],[-122.56079591387495,42.21481356963164],[-122.56124621830195,42.214813538984664],[-122.56169222308584,42.214813537685146],[-122.56213367919467,42.21481357076449],[-122.56257506867864,42.21481354890402],[-122.56301652674736,42.21481357746773],[-122.5634579838098,42.21481798025312],[-122.5638994438839,42.214818004300085],[-122.56434090493795,42.21481802608901],[-122.56478229936329,42.214817992939835],[-122.56522376237643,42.214818010213015],[-122.56566522636933,42.21481802522814],[-122.56610675723702,42.21482246714004],[-122.56654822323505,42.21482247763792],[-122.56698953190178,42.214822462027925],[-122.5674309998582,42.2148224680104],[-122.56787246879401,42.21482247173475],[-122.56831393870907,42.21482247320096],[-122.56875538507505,42.21482693038831],[-122.5691968569944,42.2148269273376],[-122.56963832989278,42.21482692202872],[-122.57007971307216,42.21482694329341],[-122.57052118792855,42.214826933468615],[-122.57096266376374,42.21482692138562],[-122.5714041163248,42.21483136502049],[-122.57184550346572,42.21483137725402],[-122.57228704990341,42.21483141107023],[-122.57273289821487,42.214831410380796],[-122.57317437899962,42.21483138698375],[-122.57361577006544,42.21483139016385],[-122.57405725280692,42.21483136225071],[-122.57449871345347,42.2148314135879],[-122.57494019815202,42.21483138115826],[-122.5753860524031,42.21483136676299],[-122.5758275159968,42.2148314113033],[-122.57626900363992,42.214831372076446],[-122.57625112468713,42.21526837906582],[-122.57623333577777,42.21570536219485],[-122.57621545551557,42.2161423791409],[-122.57619766529857,42.21657937222596],[-122.57617983057068,42.21701185939187],[-122.57615748878774,42.21744889981112],[-122.57613962893788,42.21788585510364],[-122.57612183606504,42.218322868048546],[-122.57610397490642,42.218759833295124],[-122.57608620452407,42.21919239771871],[-122.57606834206156,42.2196293728686],[-122.57605047894432,42.22006635299528],[-122.5760326828071,42.22050339077742],[-122.57601481838078,42.22094038085829],[-122.5759970440105,42.221377347072924],[-122.57597920210388,42.22180988832632],[-122.57596133571889,42.222246893286574],[-122.57595685749331,42.22265264145759],[-122.57595240277183,42.223053934992805],[-122.57594799151617,42.223459744378495],[-122.57594790564126,42.22386106660655],[-122.57594342611904,42.22426683184184],[-122.57593903775512,42.22466819493822],[-122.57593455756417,42.225073968706106],[-122.57593010089742,42.22547528755698],[-122.57592562003705,42.22588106985695],[-122.57636710731911,42.22588551637018],[-122.57680859567128,42.225889960624066],[-122.57724999437312,42.22589443146649],[-122.57768702438979,42.225898879886984],[-122.57812842522146,42.225903346234865],[-122.57856991784332,42.22590778147501],[-122.57901132081483,42.22591224330548],[-122.57944826433966,42.225916711653376],[-122.57988982780941,42.22592119282188],[-122.5803312105745,42.22593010715154],[-122.58077270858082,42.22593453111826],[-122.58076822263648,42.225528766434024],[-122.5807638038886,42.22512743634421],[-122.58075929426053,42.224726139298426],[-122.58075487518737,42.22432481759508],[-122.58075038858345,42.22391906991606],[-122.58074590153576,42.223517703966806],[-122.58074148197241,42.2231163948904],[-122.580737062246,42.22271509000732],[-122.58073250733746,42.222309306656875],[-122.5807547856408,42.221872291952764],[-122.58077715417045,42.22143087617127],[-122.58080389101323,42.22099386263399],[-122.58082619034847,42.22055240428127],[-122.58084848892868,42.22011095100709],[-122.58087076345001,42.2196739613367],[-122.58089752037795,42.21923250933048],[-122.580919793361,42.21879552966337],[-122.58094208888706,42.21835409660027],[-122.58096893407672,42.217912630931224],[-122.58099113713328,42.217475613624174],[-122.58101343035452,42.21703419574573],[-122.5810358135204,42.216592754101214],[-122.58106247387161,42.216155742987056],[-122.58108485548583,42.21571431144928],[-122.58110714546146,42.21527729033715],[-122.58112936723869,42.21483584508298],[-122.58157530301966,42.214835851380144],[-122.58202123979875,42.214835855373174],[-122.58246271814696,42.21483586597251],[-122.58290858927501,42.21483581271476],[-122.58335006958875,42.214835818775015],[-122.58379591964398,42.21483584244388],[-122.58423740192376,42.21483584396514],[-122.58468334465954,42.214835834203114],[-122.58512473821021,42.21483586003226],[-122.58557068293125,42.21483584568531],[-122.58601214640842,42.214840296084404],[-122.58645800246617,42.21484030600018],[-122.586899490688,42.21484029390304],[-122.58734534873051,42.21484029923472],[-122.5877868389171,42.214840282598416],[-122.5882327665896,42.21484033600721],[-122.58867425874128,42.2148403148313],[-122.58912012075308,42.2148403109943],[-122.58956152417514,42.21484031413113],[-122.59000747886455,42.214840276857885],[-122.5904489518996,42.21484032811578],[-122.59089481787952,42.21484031511038],[-122.59133631592346,42.21484028031661],[-122.59178225153761,42.21484031538528],[-122.59222366085221,42.21484030490652],[-122.59266953079896,42.21484028273253],[-122.59311100972984,42.21484032037302],[-122.59355688165991,42.21484029361473],[-122.59399836255572,42.21484032671602],[-122.59444423646877,42.21484029537338],[-122.5948857193292,42.21484032393543],[-122.59533159522495,42.21484028800838],[-122.59577308004964,42.21484031203115],[-122.5957686248071,42.2144211836214],[-122.59576419241844,42.21400197827568],[-122.59575973681427,42.21358285901867],[-122.59575521337464,42.21316369168463],[-122.59575080214891,42.21274004237173],[-122.59574634600051,42.21232093689255],[-122.59574191270468,42.211901754481865],[-122.59573738854249,42.21148260550461],[-122.59573295488518,42.21106343224885],[-122.5952870521975,42.211076842126026],[-122.59483669215999,42.21109463525437],[-122.5943907908696,42.211108040521545],[-122.5939404091184,42.21112591050403],[-122.59349007297334,42.211139239129],[-122.59304415183124,42.21115709498713],[-122.59259372641715,42.21117044780835],[-122.59214334731612,42.21118830846459],[-122.59169745022706,42.211201699878416],[-122.59124716313241,42.211219527032426],[-122.59079674055886,42.21123287051652],[-122.59079672375489,42.21081371847064],[-122.59079226973616,42.21039012290269],[-122.59078779333058,42.20997098939352],[-122.59078340742668,42.20955183161217],[-122.59077888521455,42.20912819731914],[-122.59077449894525,42.20870904874189],[-122.5907699541748,42.208289880939944],[-122.59076558973092,42.207866284378106],[-122.59076550344138,42.2074471164557],[-122.59032412910423,42.20745603242732],[-122.58988266488248,42.20746497499329],[-122.58943665267722,42.207478329008644],[-122.58899528068306,42.20748723820129],[-122.5885538188042,42.20749617398695],[-122.58811235771853,42.207505107519545],[-122.58767089742618,42.20751403879906],[-122.58722946097272,42.207522886329485],[-122.58678800226802,42.20753181310298],[-122.58634652171153,42.20754519473186],[-122.58590506454803,42.207554117000946],[-122.58589615361704,42.20712605573965],[-122.58588721989793,42.20670245626203],[-122.58587839944285,42.20627437565457],[-122.5858693978988,42.205850732922585],[-122.58586048656728,42.20542269065273],[-122.58585166580797,42.20499462431492],[-122.58584266397096,42.20457099570455],[-122.58583377538376,42.20414288621473],[-122.58582484097788,42.20371931965138],[-122.58581595218986,42.20329121965938],[-122.58580694996432,42.202867609846],[-122.5857980609761,42.20243951935237],[-122.58578923950871,42.20201148627886],[-122.58578023699016,42.20158789058771],[-122.58577134769956,42.201159814365965],[-122.58576243565123,42.20073619923646],[-122.58575793652858,42.20030807081706],[-122.58576239774327,42.1998978592373],[-122.58576685861571,42.19948765204643],[-122.5857713421884,42.19907736776675],[-122.58577580237605,42.198667169354465],[-122.58578028526343,42.19825689385511],[-122.58578467715014,42.19784665158105],[-122.58579361663071,42.19743200135326],[-122.58579809844487,42.197021739072646],[-122.58580257991629,42.19661148118257],[-122.58624405960997,42.19660704344999],[-122.58668986207238,42.19659811472789],[-122.58713580113422,42.19659366334527],[-122.5875773058962,42.196584762966516],[-122.58802317909439,42.19658025436694],[-122.58846459484452,42.19657137829355],[-122.58891053741377,42.196566917751476],[-122.58935204546162,42.19655800831047],[-122.5897978315096,42.196553519390704],[-122.59024379889583,42.19654459614193],[-122.59068528727492,42.196540135717235],[-122.59068972167738,42.19612988348603],[-122.59069424546551,42.19571523255077],[-122.5906986791805,42.19530498914771],[-122.5907075700885,42.19489474083737],[-122.59071202517327,42.19448005063132],[-122.59071645781715,42.19406982044792],[-122.59072098076709,42.193659565818415],[-122.59072543481216,42.19324488897528],[-122.59072986642673,42.1928346720112],[-122.59028839405579,42.19284358700918],[-122.58984248734977,42.19284805360727],[-122.58940101662121,42.19285696407444],[-122.58895518004817,42.192865852657896],[-122.58850927595364,42.19287031237641],[-122.58806780767084,42.19287921603731],[-122.58762188292462,42.19288812657984],[-122.58718034804345,42.192892599138915],[-122.586734492569,42.192901557737386],[-122.58629302752612,42.19291045233844],[-122.58584712864628,42.19291489832003],[-122.58585606382586,42.19250467534025],[-122.58586051885912,42.19209892110821],[-122.58586492852888,42.191688663272764],[-122.58587393058333,42.19128287980868],[-122.58587833952976,42.19087263070883],[-122.58588274813486,42.190462386000455],[-122.58589174900385,42.19005661552156],[-122.58589615688575,42.18964637954874],[-122.58590065506563,42.18923611913924],[-122.58545920650046,42.18924508947306],[-122.58501334759397,42.18924953010584],[-122.58457183306899,42.18925844327982],[-122.58413034208016,42.18926289921269],[-122.58368448582418,42.18926733298787],[-122.58324304138307,42.18927629200628],[-122.58279709624149,42.18928075002788],[-122.58235567648482,42.189289623059835],[-122.58191425745261,42.18929412030076],[-122.58146829194305,42.18930302645937],[-122.58102687464589,42.18930751916706],[-122.58101789608872,42.189717708172516],[-122.58101344152375,42.19012794541493],[-122.5810045297503,42.19053819583734],[-122.58100007445817,42.190948441863235],[-122.58099116187235,42.19135870107002],[-122.58098666134026,42.19176444796069],[-122.5809778385921,42.19217468707838],[-122.58097338184922,42.19258495062279],[-122.58096885716263,42.192995165921054],[-122.58052738151538,42.1929906936336],[-122.5800904548285,42.192981807554],[-122.57965343844779,42.19297732204799],[-122.57921651399579,42.19296843154205],[-122.57877949976086,42.19296394160872],[-122.57834241929794,42.192955022859934],[-122.5779054748061,42.19295058113859],[-122.57746853136364,42.1929461372042],[-122.5770270878542,42.19293719157916],[-122.57659005591772,42.192932772017016],[-122.57615307168405,42.19292381335434],[-122.57616196839048,42.19249131790906],[-122.5761664307696,42.19205875442596],[-122.5761708927728,42.19162619582469],[-122.57617978817309,42.1911937150234],[-122.57618427295844,42.19075671101305],[-122.57619319052296,42.1903241585677],[-122.57619765092953,42.189891619544206],[-122.57620656760771,42.18945907686396],[-122.57621102721772,42.18902654760458],[-122.57621548645194,42.18859402322693],[-122.57622442537841,42.188157040323865],[-122.57622888381253,42.18772452576053],[-122.57623779829349,42.1872920075429],[-122.5762421883465,42.18685945011035],[-122.57624673624444,42.18642692137738],[-122.57625558183493,42.18599436517582],[-122.57626012893445,42.18556184620834],[-122.57670151813583,42.18556634070004],[-122.57713847519389,42.18557076006607],[-122.57757550088603,42.18557522984931],[-122.5780169839123,42.1855796887941],[-122.5784539884107,42.18558860869499],[-122.57889101730937,42.185593071813905],[-122.57933234535248,42.18559750021577],[-122.57976937636097,42.18560195888507],[-122.58020638529683,42.185610869908544],[-122.58064778416397,42.185615344209154],[-122.58108481837793,42.18561979621441],[-122.5810759230698,42.18520955213409],[-122.58106248077463,42.184799350041565],[-122.58105358533801,42.18438911473496],[-122.58104468981523,42.183978883815996],[-122.58103127047761,42.18356861343633],[-122.5810223748261,42.18315839129188],[-122.58100900001472,42.182752636543604],[-122.58100003665052,42.182342370502134],[-122.58099123141083,42.181932132654815],[-122.58055423502499,42.18192767999474],[-122.58012162811849,42.18191879107163],[-122.57968908980678,42.18191432530252],[-122.57925655252475,42.181909857364786],[-122.5788195603533,42.181905395917646],[-122.57838702514098,42.181900923620326],[-122.57795449095862,42.1818964491544],[-122.57752202538553,42.18189202514535],[-122.57708503738368,42.181887554912244],[-122.57665250630095,42.181883073918584],[-122.57621988562295,42.1818786195686],[-122.57621549138896,42.181468405744724],[-122.5762110294062,42.18105814368528],[-122.57620661132547,42.18065239263894],[-122.57620214900166,42.180242139313066],[-122.57619768650638,42.179831890378075],[-122.57619313321946,42.179421674644225],[-122.5761887375097,42.17901585948782],[-122.57618427450257,42.17860562367771],[-122.57617981132397,42.17819539225844],[-122.57660784862018,42.178199884331576],[-122.57703597754386,42.178204345470775],[-122.57746403990365,42.17820875186479],[-122.57789208022908,42.178213237566105],[-122.57832457708875,42.178217712517245],[-122.57875271006083,42.1782221651369],[-122.57918075342559,42.178226644444315],[-122.57960888841684,42.178231092815025],[-122.58003693380077,42.178235567874346],[-122.58046507081089,42.17824001199606],[-122.58089757379788,42.17824447404797],[-122.5809109103262,42.177829758772674],[-122.58092876941092,42.177415091845965],[-122.58094656031143,42.177000376793146],[-122.58096435060628,42.17658566623147],[-122.58097784311347,42.176170992722895],[-122.58099563223837,42.17575629114333],[-122.58101342075769,42.17534159405488],[-122.58103129928077,42.174926872645756],[-122.58104463138898,42.17451219329974],[-122.5814950999949,42.174512188015385],[-122.58194547901132,42.17451220919227],[-122.58239581428452,42.17450772213257],[-122.58284174005279,42.1745077474627],[-122.583292054491,42.174507709002235],[-122.58374243752445,42.17450772080275],[-122.58419284420353,42.174503276981305],[-122.5846387739495,42.17450329302735],[-122.5850890924016,42.174503245191474],[-122.58553947945147,42.174503247615064],[-122.58598532160457,42.17450328551989],[-122.58643573307499,42.17449882999856],[-122.58688612312274,42.174498825395524],[-122.58733651418852,42.174498818442125],[-122.58778245092519,42.17449881824608],[-122.58823275340986,42.17449883543408],[-122.58868316967974,42.174494368188995],[-122.58913347415334,42.174494380678254],[-122.58957941486501,42.1744943711982],[-122.59002981197057,42.17449435019049],[-122.59048011948715,42.17449435565357],[-122.59093054055448,42.17448987668491],[-122.59093045768219,42.17408410751192],[-122.59093501000471,42.17367390398542],[-122.59093949439594,42.17326365224981],[-122.59094388784176,42.172853433729706],[-122.59094834963847,42.17244764380644],[-122.59095283300616,42.17203740520797],[-122.5909573160313,42.171627171004516],[-122.59096173112944,42.171216888595794],[-122.59096175843682,42.17080667244763],[-122.59096619176299,42.170374163733534],[-122.59096621467494,42.169937135020284],[-122.59096621428131,42.16950019270979],[-122.59096623660977,42.169063173969505],[-122.59096616805276,42.16862618903329],[-122.59096618979846,42.1681891802665],[-122.59096621125235,42.16775217648662],[-122.59097059649366,42.16731519725148],[-122.59097061731943,42.16687820344583],[-122.5909706378534,42.16644121462704],[-122.59097065809557,42.166004230795096],[-122.5909706561884,42.16557170417298],[-122.59097067585029,42.165134730263844],[-122.5909706276458,42.164697708750005],[-122.59097064672486,42.16426074481502],[-122.59097505224577,42.16382372402474],[-122.59097516127892,42.163386741251664],[-122.59097511186516,42.16294973968955],[-122.59097506216101,42.162512743115336],[-122.59097517031674,42.162075775304956],[-122.59097512003034,42.16163878870624],[-122.59097513820593,42.16120622999943],[-122.59097954133034,42.16076924407981],[-122.59097958070551,42.16033224358434],[-122.59097952921375,42.15989527688762],[-122.5914210262771,42.15989529337621],[-122.59186243502648,42.1598997065842],[-122.59230838801999,42.159899709242566],[-122.59274986644193,42.15990417049409],[-122.59319127694512,42.15990420673763],[-122.59363275746105,42.15990866347122],[-122.59407419296834,42.15990861380244],[-122.59452006042929,42.15990863384484],[-122.59496154407215,42.15991308377884],[-122.59540295956667,42.15991310870925],[-122.5958444453027,42.1599175541252],[-122.59584896500246,42.159511791573735],[-122.59584894156374,42.159110441703426],[-122.59585334876479,42.15870916794139],[-122.5958533460917,42.158303375115665],[-122.59585332187292,42.15790203791591],[-122.5958578400288,42.157496296733015],[-122.5958578152744,42.15709496799609],[-122.5958578115601,42.15668919228352],[-122.59586223994351,42.156287862519726],[-122.59541640717794,42.15628784880309],[-122.5949749598292,42.156283401013695],[-122.5945290385288,42.15628341152401],[-122.59408757181718,42.15628341033253],[-122.59364612759543,42.15627895574387],[-122.59320020931412,42.15627895938775],[-122.592758745592,42.156278951398455],[-122.59231282929623,42.156278950457526],[-122.59187138923639,42.15627448678819],[-122.59142547497284,42.15627448126186],[-122.59098401522901,42.156274464194],[-122.59098400798763,42.15584641719395],[-122.59098852268309,42.155422787980726],[-122.59098844728048,42.1549946979279],[-122.59099296129187,42.15457107814386],[-122.590992952849,42.15414305019556],[-122.59099294536124,42.15371939649686],[-122.59099738957434,42.15329136884119],[-122.59099738149233,42.152867724571294],[-122.5910018938168,42.152444128334906],[-122.59100190689824,42.15201604279782],[-122.59100635098288,42.15159240341694],[-122.59100627290736,42.151164356211964],[-122.59100635391825,42.150740706687046],[-122.59101072819037,42.1503126597816],[-122.59101080860506,42.14988901968687],[-122.59068527817671,42.14963041877806],[-122.59035975210982,42.149371818325605],[-122.59002525529965,42.149099780607536],[-122.58969092128812,42.14882776722939],[-122.58936097600511,42.14855132383547],[-122.58902649328517,42.148279287873976],[-122.58869208280976,42.14800730505247],[-122.58828184134812,42.14786015302525],[-122.58786712890597,42.147717458780065],[-122.58745689468991,42.147570303855716],[-122.58704666410519,42.14742314750188],[-122.5866319624878,42.147280448816595],[-122.58622164860054,42.14713331836124],[-122.58581140663566,42.146990607750034],[-122.58539673810094,42.146843454555224],[-122.58498657083668,42.14670079358698],[-122.58457627141692,42.146553657357444],[-122.58416161383175,42.1464064997721],[-122.58375138978096,42.14626378185692],[-122.58334110123961,42.14611664129994],[-122.58292643205547,42.14597392927955],[-122.58251615076087,42.14582678582501],[-122.58210600854397,42.1456841146462],[-122.58169128227163,42.14553697705381],[-122.58128101185511,42.14538982927216],[-122.58083959625408,42.14538978730995],[-122.5803981586162,42.145389824451996],[-122.57995220228258,42.145389815409935],[-122.57951069908397,42.14538979543869],[-122.57906935493821,42.14538979699752],[-122.57862787669012,42.14538532261689],[-122.57818644400199,42.14538534844624],[-122.57774494476743,42.145385319441836],[-122.57730351403734,42.14538534075544],[-122.57685763220957,42.14538536829967],[-122.57641615914497,42.14538088260209],[-122.57597473140775,42.14538089711894],[-122.57553323712798,42.14538085680031],[-122.57509181134957,42.14538086680151],[-122.57465029600336,42.14538090332701],[-122.57420889563342,42.14537645891397],[-122.5737674053197,42.14537640956202],[-122.57332153150782,42.145376418837266],[-122.57288011068228,42.145376417526265],[-122.57243860028886,42.145376442737295],[-122.57199720510211,42.145371987009575],[-122.57155578726125,42.14537197892482],[-122.57156015324266,42.14492606158361],[-122.57156467688914,42.14448017324312],[-122.57156470452068,42.14402979598897],[-122.57156906935829,42.143583894295816],[-122.57157352434413,42.143137969024586],[-122.571578002637,42.142687599363455],[-122.57158245682618,42.142241684543194],[-122.57158691061899,42.14179577492244],[-122.571141078977,42.14179577233014],[-122.57069509028581,42.14179574363305],[-122.5702491701033,42.141795765208656],[-122.56980331757937,42.14180020519461],[-122.5693573993496,42.14180022216373],[-122.56891593364676,42.14180022875739],[-122.56847001740636,42.14180024114196],[-122.5680240780999,42.14180470071399],[-122.56757816381281,42.14180470849169],[-122.56713234106657,42.14180468519437],[-122.56668642877949,42.141804688365085],[-122.56624051749253,42.14180468923209],[-122.56579903436752,42.141809129379304],[-122.56535312502479,42.14180912566254],[-122.56490721668236,42.14180911964212],[-122.56446121879887,42.14180914008654],[-122.56401535547343,42.141813631538454],[-122.56356945008538,42.14181361860759],[-122.56312354569802,42.1418136033731],[-122.56267764231137,42.14181358583499],[-122.56223625880128,42.141813610849745],[-122.56179024215074,42.141818066995036],[-122.56179031469226,42.141390019263554],[-122.56179031945885,42.14096192373935],[-122.56179029924171,42.14053828235911],[-122.56179030345093,42.14011019636776],[-122.56179473548298,42.13968218881251],[-122.56179471439398,42.13925856160738],[-122.56179471772151,42.13883048993998],[-122.56179472076883,42.13840242306385],[-122.56179478938563,42.13797878127106],[-122.56179479187485,42.13755072392794],[-122.56179472659628,42.137122618798315],[-122.56179915469009,42.136699012249096],[-122.56179924682827,42.136270940469764],[-122.56179918066958,42.135842849667355],[-122.5617991570524,42.13541926498971],[-122.5617991808659,42.134991154961135],[-122.5617992472241,42.13456755095772],[-122.56179919164252,42.134161827420286],[-122.56179922472448,42.13376044665982],[-122.56180368500964,42.13335914375549],[-122.5618036945149,42.13295785275255],[-122.56180363629295,42.13255651338972],[-122.56180373582733,42.13215520205243],[-122.56180370175096,42.131749422784225],[-122.56180364278923,42.13134809610597],[-122.56180367410103,42.13094674488317],[-122.56183489585118,42.13089323589945],[-122.56198652300412,42.130496420376396],[-122.56214252990466,42.13009954848292],[-122.56255731541613,42.130104015436316],[-122.5629719683883,42.13010400844855],[-122.56338217203688,42.13010400723321],[-122.56379686979189,42.13010849698572],[-122.56421161590983,42.13010845528327],[-122.56462627237627,42.130108440347406],[-122.56503652267416,42.130112931969975],[-122.56531300891295,42.12979632805168],[-122.56558949129463,42.12947972593594],[-122.56586587930535,42.129163154382795],[-122.56614235397372,42.12884655587227],[-122.5664188247852,42.12852995916439],[-122.56662842398141,42.12822669306183],[-122.56683354722138,42.12792351816387],[-122.56703860014635,42.127620292669256],[-122.56724380822939,42.12731709293996],[-122.56766734397767,42.12731704791736],[-122.56809094811027,42.127317053375904],[-122.56851907064204,42.127317101290785],[-122.5689426329698,42.12731260220617],[-122.56936623977577,42.12731260140652],[-122.56978984748427,42.12731259852788],[-122.5702135235814,42.12731264612794],[-122.57063713309539,42.12731263909092],[-122.57106076715577,42.12730818217408],[-122.57148437843033,42.12730817097959],[-122.57190799060706,42.127308157706054],[-122.57190799857122,42.126880111368514],[-122.57190800572461,42.12645643620489],[-122.57190801313162,42.1260283994051],[-122.57190795277235,42.12560031484455],[-122.5719080265834,42.125176706419786],[-122.5719079656683,42.124748631398035],[-122.57190799497663,42.12432053240822],[-122.57190797745584,42.12389696692947],[-122.57190800620658,42.12346887747904],[-122.57190803467682,42.12304079282365],[-122.5719079488464,42.1226171889776],[-122.57191242631508,42.12218910567307],[-122.57191245390351,42.12176103535337],[-122.57191245769961,42.121337416932874],[-122.5719124847303,42.12090935615329],[-122.57191248797498,42.120485747173774],[-122.57191244697,42.120057643387696],[-122.57147097478415,42.120053217426886],[-122.57102952668625,42.12004870790157],[-122.5705835837008,42.12004873249563],[-122.57014220518808,42.12004427097797],[-122.56970073725384,42.120039835959076],[-122.56925933710725,42.1200398168818],[-122.56881787127097,42.12003537734555],[-122.56837633903415,42.12003088300101],[-122.56793491889928,42.120030938454036],[-122.56749347925603,42.12002641083652],[-122.56705201766287,42.120021962264815],[-122.5670520398693,42.11961620253514],[-122.56704756921762,42.119205955634044],[-122.5670475909599,42.11880020456854],[-122.5670475449823,42.11839440526337],[-122.56704752274591,42.117984163546545],[-122.56704318525092,42.1175784046324],[-122.56704313855887,42.11717261830237],[-122.56704311559949,42.11676238970283],[-122.56704306840307,42.11635661203925],[-122.56748458270037,42.11636103209027],[-122.56792607504993,42.116365531178744],[-122.56836750100592,42.11636997546357],[-122.56881337691614,42.11637440947161],[-122.56925484874318,42.116383348291706],[-122.5696962779713,42.11638778577767],[-122.57014222465445,42.11639226546133],[-122.57058365603667,42.11639669840703],[-122.57102506547629,42.11640121039182],[-122.57146649900221,42.116405638820424],[-122.5719124500268,42.116410109353986],[-122.57191244695407,42.11600430742683],[-122.57191251110123,42.115598562350414],[-122.57191248405817,42.11519721543267],[-122.57191238975193,42.11479145514329],[-122.5719123856767,42.11438567040876],[-122.57191238135005,42.113979889984364],[-122.57191237677195,42.11357411387013],[-122.57191246242057,42.11316831331228],[-122.57191245733884,42.11276254581859],[-122.57146654427316,42.112758075097176],[-122.57102501391945,42.112749176591755],[-122.57057917054102,42.112744753821175],[-122.57013773295726,42.11273582202279],[-122.56969182433582,42.11273134212838],[-122.56925038904575,42.112722405789675],[-122.56880445963169,42.11271800259821],[-122.56836302663486,42.11270906171912],[-122.56791712245892,42.112704572651936],[-122.56747560127839,42.11269565598139],[-122.56702976678537,42.11269121486803],[-122.56658824789852,42.112682293656285],[-122.56614237221606,42.11267334931162],[-122.5657008990344,42.112668922204406],[-122.56525502566735,42.11265997327381],[-122.56481355468665,42.11265554162586],[-122.56436759315679,42.11264661685486],[-122.56392621485594,42.11264215192078],[-122.56348032309563,42.11263327510632],[-122.56303878906411,42.112628781833344],[-122.5625928996185,42.112619900432385],[-122.56215152572075,42.1126154264189],[-122.56215150968988,42.112187356687876],[-122.56215591718089,42.111763730091035],[-122.56216041478672,42.111340079451246],[-122.56216488900311,42.1109165147952],[-122.56216929540845,42.110492902295704],[-122.5621737919259,42.11006926575421],[-122.56217819760764,42.109645662653385],[-122.56218271783163,42.10921758980344],[-122.56218276530933,42.108793975072814],[-122.5621871025004,42.10837033358018],[-122.56219159724496,42.107946720586284],[-122.56219609162648,42.107523112292135],[-122.5622005856449,42.10709950869771],[-122.56220494580221,42.10667144059395],[-122.56220943909248,42.10624784644851],[-122.56220941693847,42.105824212125874],[-122.56221384210639,42.10540057484525],[-122.56265983781329,42.1054050362771],[-122.56310571984295,42.10541396940506],[-122.56354715543154,42.1054229079552],[-122.56399308705932,42.10542730996108],[-122.56443452494214,42.10543624397084],[-122.56488043577382,42.10544072266285],[-122.56532632362126,42.105449644314405],[-122.5657677890067,42.10545412623793],[-122.5662137696323,42.105463014561636],[-122.56665966098127,42.105471929322256],[-122.56710112969796,42.10547640442284],[-122.56711447332665,42.105039420072174],[-122.56712330132288,42.10460239610397],[-122.5671367582117,42.10416094790566],[-122.56715010019113,42.103723978615214],[-122.56715908457915,42.103286993495054],[-122.5671723818994,42.10284553672433],[-122.56718129784613,42.10240850913505],[-122.5671947281132,42.10197153116822],[-122.56720366692213,42.1015300687812],[-122.56721700564749,42.10109312961188],[-122.56722591960599,42.1006561220891],[-122.56723930410175,42.10021466701122],[-122.56725266418799,42.099777661641355],[-122.56726157663216,42.09934066918233],[-122.56727495946447,42.09889922932202],[-122.5672838709129,42.09846224692226],[-122.56685134411373,42.09846220109044],[-122.56641434827809,42.09846224221046],[-122.5659818473316,42.09845774757163],[-122.56554485345299,42.098457784288804],[-122.56511233048664,42.09845772974193],[-122.56467536261438,42.098453317605866],[-122.56424275113928,42.098453287435404],[-122.56380576113028,42.098453315347214],[-122.56337330943015,42.098453304609265],[-122.56293627817601,42.09844883114173],[-122.562503737966,42.098448844779185],[-122.56253939730934,42.09802076261368],[-122.5625750556661,42.097592685245345],[-122.56261522721475,42.09716465753466],[-122.56265088355417,42.09673658975898],[-122.56268658620742,42.09630400132405],[-122.56272224056676,42.09587594319341],[-122.56275789393968,42.09544788985988],[-122.5627980832977,42.09501980492544],[-122.5628336672276,42.09459170866587],[-122.56286940803655,42.094163640994026],[-122.56290505741926,42.09373560684893],[-122.5629407530651,42.0933030524006],[-122.562980869793,42.09287493898144],[-122.56301651616593,42.092446919278046],[-122.56305218456494,42.09201882312794],[-122.56308785197714,42.09159073177662],[-122.56312358582366,42.091162697738675],[-122.56315920803601,42.09073011991637],[-122.56319493990115,42.090302095524606],[-122.5632305601208,42.08986952745121],[-122.56326177662429,42.089441467875005],[-122.56329743814656,42.08901340541693],[-122.56333314585248,42.08858082321772],[-122.56336880539456,42.088152770407795],[-122.56339997489486,42.08772023436924],[-122.56343572292556,42.08729216248359],[-122.56347137954482,42.08686412412143],[-122.56350708231241,42.08643156627317],[-122.56353822392698,42.08600349274111],[-122.56357392474501,42.085570944644616],[-122.56360966786845,42.085142896857015],[-122.56364525217305,42.084714830085844],[-122.56367650456812,42.08428230428296],[-122.56371217735528,42.08385421844037],[-122.56370775437566,42.08341721623488],[-122.56370324077987,42.08298024775495],[-122.5636988173983,42.08254325555732],[-122.56369436973965,42.08211071091264],[-122.5636898785503,42.08167367617095],[-122.56368091903782,42.081236735343055],[-122.5636764949005,42.08079976310998],[-122.5636720031561,42.08036274338134],[-122.56367202359954,42.079925773472276],[-122.56366753140894,42.079488763754455],[-122.56366757431658,42.07905172264073],[-122.56366314908269,42.07861477543181],[-122.56365863219442,42.07818222282154],[-122.56365865131747,42.07774527789038],[-122.56365424843898,42.07730826443159],[-122.5636541996224,42.07687127701721],[-122.56364980101172,42.076420895414664],[-122.56364975635579,42.07597054016894],[-122.56364977775763,42.075524603307656],[-122.56364528800746,42.07507426632047],[-122.56364530884473,42.07462833993885],[-122.56364528600385,42.074177924654926],[-122.56364523985442,42.07372759589577],[-122.5636408154815,42.073281692932206],[-122.56364079176187,42.072831293553435],[-122.56364081111676,42.072385393399564],[-122.56363634262816,42.0719350122756],[-122.5636363854221,42.07148468129037],[-122.56363633651307,42.07103874439611],[-122.56363186728555,42.070588379175234],[-122.56363188520436,42.07014250524884],[-122.56363194980644,42.06969211423766],[-122.56363636758516,42.06924174959493],[-122.56364076097773,42.06879583127149],[-122.56364526833805,42.068345448509],[-122.5636496849115,42.067895099778],[-122.56365416749142,42.067449168500154],[-122.56365867364268,42.0669988016507],[-122.56366308901005,42.06654846883163],[-122.56366757039234,42.066102553309804],[-122.56367200795096,42.0656521498935],[-122.56367651248954,42.06520180427939],[-122.56368099267397,42.06475590451437],[-122.56368542902558,42.06430551701359],[-122.56368986497405,42.06385513483583],[-122.56369434396156,42.06340925082809],[-122.56369433588445,42.062958886897334],[-122.56369877067341,42.062508520634864],[-122.563703295429,42.06205813099039],[-122.56370770548715,42.06161221553514],[-122.56371213906978,42.061161865189376],[-122.56371666261623,42.060711491462605],[-122.56372107147942,42.060265591767056],[-122.56372552684566,42.05981517616285],[-122.56372995881894,42.05936484705747],[-122.56373445685095,42.05891893441952],[-122.56373891100995,42.05846853473555],[-122.56373892205458,42.0580181480234],[-122.56374332857469,42.05757227984867],[-122.56374778157395,42.05712189608477],[-122.56375223416977,42.056671517645576],[-122.56375672985283,42.05622563653118],[-122.56376118164494,42.05577526868817],[-122.56376572338876,42.05532487747006],[-122.56377015050522,42.05487895965297],[-122.56377460108997,42.054428607731666],[-122.56378348513714,42.054004994060044],[-122.56379690133795,42.05358134876049],[-122.56380580829305,42.05315330533776],[-122.563819133107,42.05272969821099],[-122.56383254773279,42.052306067099174],[-122.5638415197433,42.051882448341175],[-122.56385486682268,42.05145441637438],[-122.56414917602936,42.051200222670765],[-122.5643364003582,42.050950500203214],[-122.56451927096093,42.05070075797856],[-122.56477337061581,42.05051797785998],[-122.56503206730281,42.0503395716579],[-122.56519706992856,42.05010326050925],[-122.56536204711897,42.04987138933118],[-122.56558051299422,42.04969305897792],[-122.56579904396565,42.04951913898767],[-122.5661111684896,42.04934074645182],[-122.56639207364444,42.049117839873894],[-122.5666685338206,42.04889929903735],[-122.56690934940345,42.04865855150922],[-122.56715902603143,42.048310709328945],[-122.5673196122688,42.04798075647243],[-122.56753809079164,42.04777561297883],[-122.56776107647696,42.04757051468886],[-122.56804196454422,42.04745011851488],[-122.56833625128377,42.04740551981459],[-122.56863053784343,42.0473609201731],[-122.56903185015094,42.04732973154686],[-122.56930834636741,42.04728959978212],[-122.56958928417163,42.04724945925473],[-122.56974977427215,42.04709781247251],[-122.56996826847437,42.04698637588428],[-122.57019124957304,42.04687041154613],[-122.57032949193975,42.04666084342535],[-122.57047217464297,42.04645126828664],[-122.57074864398064,42.046250588634926],[-122.57086895576343,42.04605439878777],[-122.57098942415696,42.045858233548714],[-122.57120793054254,42.0455951039875],[-122.57143085297689,42.04533204886163],[-122.57163151351867,42.04493966889501],[-122.5717920240068,42.04468101067173],[-122.57197038589837,42.04444466983212],[-122.57214874589631,42.04420833012252],[-122.57242968178042,42.043998773019595],[-122.57271061524563,42.04378921619996],[-122.57303164710528,42.043659891256105],[-122.57334823609828,42.043530573703066],[-122.57366933446315,42.04337892362612],[-122.57399038535296,42.04323179214191],[-122.5742489625582,42.04308464570415],[-122.5745121147001,42.042941952625576],[-122.57486436433702,42.042763563228235],[-122.57522116512246,42.04258970787451],[-122.57556001894044,42.04239792341077],[-122.57589882476951,42.04221065765485],[-122.57620660660645,42.04204122453524],[-122.57651422874935,42.04187176737653],[-122.5768218713108,42.04169787209267],[-122.57705820416574,42.041568568575634],[-122.57729906746337,42.041439227857516],[-122.57766912939721,42.04123412214238],[-122.57803930102234,42.04102454955748],[-122.5784093570771,42.04081944301777],[-122.57866799865606,42.04064553338457],[-122.57893107965268,42.04047161540918],[-122.57913172849292,42.04019961010191],[-122.57939033919851,42.03999004297447],[-122.57956873550579,42.04007918762166],[-122.57946172201018,42.04045376418139],[-122.57935026521228,42.04082835274174],[-122.57934575759677,42.04120292393318],[-122.57934134001063,42.04157747010546],[-122.57934127320046,42.04195204024899],[-122.57951964359675,42.042215110267],[-122.57969808361295,42.04247823413403],[-122.57997448915461,42.042785919959435],[-122.58024654770398,42.04309358708287],[-122.58051845268712,42.043401232043024],[-122.5807950176462,42.043593004019606],[-122.58107140570992,42.04378919036763],[-122.5814013873591,42.0439720363838],[-122.5816599974517,42.04421279519842],[-122.58191865616742,42.04445804528604],[-122.58211486658028,42.04472558320143],[-122.58231110140497,42.04498868431265],[-122.58248941068724,42.04539891715515],[-122.58269011840417,42.04568430964108],[-122.58289076148981,42.04596965131804],[-122.58311370017695,42.04621046322475],[-122.58334108347798,42.04645126740405],[-122.58343032134593,42.046709912926204],[-122.58343924613027,42.04712902873422],[-122.58344814787519,42.047548230304066],[-122.58366216636828,42.04791833835044],[-122.58387174980632,42.048168063477675],[-122.58408582264325,42.048413261267925],[-122.58429987512426,42.0486585412221],[-122.5844514229709,42.049028650896986],[-122.58462090643545,42.04930509175684],[-122.58479032343031,42.049577124242546],[-122.58495976555405,42.04984907714505],[-122.58512918671916,42.05024151348734],[-122.5852986554515,42.05062943347835],[-122.58546817297133,42.05102184837616],[-122.58586939606016,42.0510530422936],[-122.58627082416652,42.05108874942905],[-122.58667209601126,42.05112443099868],[-122.58706892681566,42.051160119560215],[-122.58751044082588,42.051137797156095],[-122.58795181895093,42.05111100989134],[-122.58839775355091,42.05108875527471],[-122.58883919998364,42.05106201596399],[-122.58928062564496,42.051039713316],[-122.58967301591693,42.050981733799475],[-122.5900654058953,42.05092375260451],[-122.59045779558006,42.05086576973111],[-122.59085469493881,42.05080782858841],[-122.59124708403931,42.05074984233769],[-122.59163947284601,42.05069185440854],[-122.59200961358962,42.05059824221509],[-122.59237973251642,42.05050906751708],[-122.59273200311915,42.05039313777276],[-122.59308422581051,42.05027271574043],[-122.59343649376784,42.050156783902366],[-122.5937887811459,42.05003641224027],[-122.59414104645808,42.0499204783081],[-122.59449782705926,42.04987586864281],[-122.59485451721713,42.04983128629458],[-122.59521127702955,42.04979111254735],[-122.59550110604891,42.049804503561646],[-122.59579093567125,42.04981789360448],[-122.59606297245145,42.04988030335458],[-122.59633938310866,42.049938293001716],[-122.59677187923612,42.05006313729116],[-122.59719993616095,42.05018798913623],[-122.59748533652433,42.0503128532981],[-122.5977751816152,42.050437707514476],[-122.59806060638275,42.050558131714205],[-122.598337113834,42.05070082078104],[-122.59860913355689,42.05083902760664],[-122.5988855552221,42.05102629068901],[-122.59915753684537,42.05121356322474],[-122.59942958858343,42.05140088821749],[-122.5997640330799,42.05165059267455],[-122.60009848194252,42.051900297409524],[-122.6002500011517,42.05213216985704],[-122.60055331573659,42.05230608322995],[-122.60086091839541,42.05247996304798],[-122.60115069909806,42.052720757692335],[-122.6014406411579,42.0529615765286],[-122.60161005731455,42.053273685942095],[-122.60177954336122,42.053585849973096],[-122.60194896444797,42.0538979637561],[-122.60225220558397,42.05421900795006],[-122.6024796553705,42.054361726553466],[-122.60271150251552,42.054499943710844],[-122.60305482748598,42.054584671409614],[-122.60339817415878,42.0546649586137],[-122.60374594622971,42.054749674204864],[-122.60408938703698,42.054829930223946],[-122.60441037928653,42.05496815971582],[-122.6047314218998,42.055110880259605],[-122.60507477571272,42.05515096914567],[-122.60542255118537,42.05519112808557],[-122.60577041826059,42.05523125691276],[-122.6058239290875,42.05558794871058],[-122.60587292636664,42.05594024291539],[-122.60592650601112,42.05629699369236],[-122.60598001893216,42.05665369532835],[-122.606028998673,42.05701043882299],[-122.60606909746585,42.05744294082142],[-122.60610924472441,42.05787993979837],[-122.60615390083846,42.058143046207874],[-122.60619853790537,42.058410594129555],[-122.60633674478298,42.05878514962687],[-122.60647051018478,42.059159718394405],[-122.60668006064601,42.05932027125293],[-122.60688963577186,42.05948074306935],[-122.60726418354648,42.05965464077634],[-122.60763880246405,42.05982859003903],[-122.60801333831385,42.06000692589487],[-122.60838789722423,42.06018082097862],[-122.60865539674204,42.0603502809898],[-122.60891854507797,42.0605197221182],[-122.60918160544269,42.06068919191511],[-122.60936001929718,42.06102807306138],[-122.60956065426173,42.06127335082831],[-122.60976131454328,42.06151854848091],[-122.61010915274322,42.0617370899329],[-122.6104613908131,42.061951128547925],[-122.6107066127046,42.06201801597959],[-122.61095190698173,42.06208931421477],[-122.61100988659041,42.0622097253087],[-122.61106781206612,42.06252185647554],[-122.61112134242686,42.06283849291573],[-122.61117926929859,42.06315062913049],[-122.61133091739407,42.06347166970266],[-122.61136217180893,42.0637436699785],[-122.61138887275862,42.064020151418674],[-122.61132643845947,42.06435456239332],[-122.61125955858016,42.064688986378705],[-122.61119712199647,42.06502340316002],[-122.61113023976598,42.065357832946724],[-122.61116149182229,42.06559865795223],[-122.61118823211584,42.06583944212508],[-122.6113532087531,42.066026703195405],[-122.61151820592166,42.06620952421817],[-122.61190616198672,42.06642804589541],[-122.61229407415959,42.06664207389735],[-122.61268203946643,42.066860594439575],[-122.61307886616072,42.067038970164326],[-122.61347573861758,42.0672128229004],[-122.61387257336422,42.06739119651804],[-122.61426941215721,42.06756956909239],[-122.61454146599011,42.067779156891945],[-122.61471086297527,42.06798874823027],[-122.61488035206703,42.068198311598884],[-122.61505873004488,42.06848369358791],[-122.61524157403933,42.0687646260663],[-122.61541995685927,42.06905001147133],[-122.6155536637034,42.06922839401162],[-122.61569188852204,42.06941117904883],[-122.61578101332886,42.06974560295744],[-122.61587029724463,42.07008005336366],[-122.61583462780686,42.07044570334253],[-122.61579895756296,42.07081135682335],[-122.61583013392199,42.07106104403251],[-122.61586137802831,42.07131078530527],[-122.61598177030781,42.07163180055313],[-122.61622258767193,42.071921659007856],[-122.6164678538082,42.07221150855293],[-122.61670861057507,42.072501317506344],[-122.61691809495974,42.07279117715804],[-122.61713218558695,42.0730810517123],[-122.61719010468744,42.0733485612849],[-122.61721690562761,42.07374100823138],[-122.61724368072132,42.074128883991165],[-122.61727041470087,42.07452128648764],[-122.61734177665417,42.074953825600865],[-122.61741312132845,42.07539081122748],[-122.6174889313976,42.075823349590706],[-122.61756027849576,42.07626034501225],[-122.61758700334732,42.07663939131803],[-122.61761381884699,42.07701841260277],[-122.61764052576318,42.07740190833469],[-122.61748892187565,42.07770960213295],[-122.61734171275427,42.07801279328864],[-122.61719019489212,42.078320462786856],[-122.61703858443049,42.078628163309475],[-122.61695833874417,42.07904283445406],[-122.61687798233324,42.0794619809957],[-122.61684680772497,42.079836566569234],[-122.61681111868593,42.080211113784536],[-122.61673534820211,42.08046082102985],[-122.61665948637037,42.0807105586322],[-122.61671300480873,42.08097360877057],[-122.61677101902754,42.08124114508726],[-122.61711883349166,42.081459692046586],[-122.61747103090181,42.08167817588203],[-122.61787239289373,42.08187435566154],[-122.61827813374295,42.082066110334175],[-122.61868401851123,42.08226233017272],[-122.61908525423962,42.08245404094786],[-122.61949105750534,42.08265028764614],[-122.6198478214762,42.08280188077476],[-122.6202089447204,42.08295349116793],[-122.62057016154218,42.0831050718309],[-122.62093129113644,42.08325668032411],[-122.62128806769005,42.08340826974515],[-122.62162699454171,42.083492999208936],[-122.62196585094362,42.08357331365436],[-122.62230026740228,42.08365799903502],[-122.62263921789835,42.08373828235981],[-122.62298704055634,42.083773959032946],[-122.62333481480165,42.08380513921064],[-122.62367819307407,42.08384082390789],[-122.62395912355436,42.08384085483993],[-122.62423998692472,42.08384083240177],[-122.62461461221075,42.083880985279784],[-122.62499352774275,42.083921102042304],[-122.62536815584625,42.083961251711166],[-122.62575607380145,42.083912198884526],[-122.62613965286623,42.08385868385135],[-122.62617072510054,42.08384975093898],[-122.62641605505233,42.083863107902275],[-122.6266612774915,42.08388093562251],[-122.62696894486491,42.08394787466438],[-122.62721426161688,42.08394784890828],[-122.62745948826695,42.08394785124319],[-122.62771809288338,42.083921111437604],[-122.62798125215706,42.08388988842334],[-122.62833341758775,42.08388097737467],[-122.62869018823781,42.08387207751503],[-122.62906921306853,42.08372489783819],[-122.62944828622162,42.0835822121836],[-122.62983171394652,42.08343954312972],[-122.63022408000909,42.08335481424612],[-122.63061653568016,42.083270055000895],[-122.63100890015781,42.08318532297576],[-122.63140133135876,42.08310064182905],[-122.63175361432191,42.08293120303225],[-122.63211034186554,42.08276175237987],[-122.63235554350308,42.08257893960961],[-122.63260081675867,42.082400540743684],[-122.63285048498874,42.082128524515106],[-122.63315821080984,42.081914481718066],[-122.63347029027267,42.08170045658407],[-122.63383596413826,42.08151321245638],[-122.63419721161468,42.08132589783246],[-122.63456286360383,42.08114309490037],[-122.63492401559448,42.0809558079466],[-122.63528961167934,42.08076850907702],[-122.63572221365565,42.080661471575176],[-122.63615027734595,42.080554472453905],[-122.63657833979734,42.080447471544055],[-122.63701084765603,42.08034045738281],[-122.63740323774839,42.080278019454425],[-122.63779567859903,42.08022007452448],[-122.63818805163153,42.080162075475585],[-122.63858044066843,42.08009963254085],[-122.63898185435548,42.079970345773916],[-122.6392092181483,42.079809837186254],[-122.63944111747568,42.0796492883185],[-122.63972197727321,42.079555668662614],[-122.64000287524092,42.07945752497701],[-122.64000288315835,42.0790517623039],[-122.64000299735812,42.078641533115196],[-122.64000293724922,42.07823572668778],[-122.64000294441254,42.07782997701323],[-122.64000289994004,42.07741973732806],[-122.6400029294657,42.07701391510516],[-122.64000295800822,42.07663937589634],[-122.64000737219168,42.07620687621293],[-122.6400073787511,42.07576987011639],[-122.64001188261066,42.075337351501716],[-122.64001187243029,42.074904796969896],[-122.64001186196582,42.07447224734471],[-122.64001631338506,42.07403524952216],[-122.64001630230446,42.07360270976141],[-122.64002080442216,42.07317021573216],[-122.64002079272794,42.07273768578481],[-122.64002522662796,42.07230514914174],[-122.64002516290171,42.071868135335116],[-122.64002968646949,42.07143557976694],[-122.64002967354614,42.07100306949868],[-122.64003410603719,42.07057055253762],[-122.64003418287147,42.07013802329273],[-122.64003411761817,42.06970103432728],[-122.64003414244463,42.06926402158098],[-122.64003418305111,42.06882257295279],[-122.6400296714548,42.06838561066056],[-122.64002969545247,42.06794861299264],[-122.64002966771537,42.067507127174984],[-122.64002524579429,42.06707015116974],[-122.64002521751435,42.06662867552524],[-122.64002079514624,42.06619170958764],[-122.64002076632352,42.06575024411624],[-122.64002078866083,42.065313276657996],[-122.64001631414294,42.06487183294784],[-122.64001626844076,42.06443482314218],[-122.64001628994997,42.06399787076341],[-122.64001183759004,42.06355636108392],[-122.64001185856081,42.063119418775464],[-122.64000740574866,42.06267791926971],[-122.64000735868306,42.06224093461756],[-122.64000734677863,42.06181288753738],[-122.64001185367225,42.06138924492637],[-122.64001182515227,42.06096564738856],[-122.64001190272404,42.06053758585014],[-122.6400163182688,42.06011398620124],[-122.64001631173859,42.05969032164669],[-122.64001629808673,42.05926230321652],[-122.64002073548923,42.05883863655548],[-122.64002081158486,42.05841059891131],[-122.64002071356974,42.057986982076606],[-122.64002070562736,42.057563341170926],[-122.64002522519561,42.05713530628035],[-122.6400252166606,42.05671167484464],[-122.64002520785311,42.05628804811908],[-122.64002965892416,42.05585997515245],[-122.64002964952478,42.05543635789734],[-122.64002963985291,42.055012745352336],[-122.64003414358643,42.05491464531609],[-122.64003413353451,42.05449103857266],[-122.64003412321014,42.054067436539306],[-122.64003420294839,42.05364381043857],[-122.64003412459377,42.05322016542391],[-122.64003411345195,42.05279657752159],[-122.64003419236998,42.05237296555286],[-122.64003412915041,42.051944895745926],[-122.64003414003663,42.05152124084867],[-122.64003412780185,42.0510976718375],[-122.64003413814254,42.0506740263629],[-122.64003412536285,42.05025046677252],[-122.64002969161227,42.04982684227885],[-122.64002970117862,42.04940321093771],[-122.64002971047216,42.04897958430829],[-122.64002971949292,42.04855596239058],[-122.6400297282408,42.04813234518453],[-122.64002968516047,42.04770424186511],[-122.6400297092782,42.04727619575149],[-122.64002968155678,42.04684366372518],[-122.64002970511446,42.04641562728377],[-122.64002516620747,42.045983064189684],[-122.64002527956771,42.04555500864916],[-122.64002518328878,42.04512244377938],[-122.64002520577122,42.0446944266829],[-122.64002519924422,42.0442618428184],[-122.64002080108588,42.04383376578222],[-122.64002077119483,42.04340127285183],[-122.64002074797494,42.04297314155559],[-122.64002071751958,42.04254065840013],[-122.64001626687802,42.04210811054422],[-122.64001631033004,42.041680046173326],[-122.64001630191251,42.041247496551165],[-122.6400163448037,42.040819441855774],[-122.64001189325423,42.04038691354936],[-122.64001186816434,42.03995881614474],[-122.64001185866098,42.039526286076146],[-122.64001184887368,42.039093760921475],[-122.64001183880234,42.03866124068071],[-122.64001181259175,42.038233162680186],[-122.64001189225645,42.03780062345188],[-122.64000737162146,42.03736807705493],[-122.64000736046194,42.03693557641929],[-122.64000737185702,42.036502999554436],[-122.64000734428899,42.03607494582214],[-122.64000742257672,42.03564243111527],[-122.64000734282584,42.03520989770826],[-122.64000735308672,42.0347773404537],[-122.64000741469137,42.034349277364605],[-122.64000298249073,42.0339167414158],[-122.64000290165403,42.03348422761761],[-122.64000291082549,42.033051689973156],[-122.6400029555336,42.03262808296358],[-122.6400029483285,42.03219999167182],[-122.64000294084518,42.03177190519523],[-122.64000293308361,42.03134382353381],[-122.6400029250438,42.03091574668753],[-122.63999845938481,42.030492122598936],[-122.63999845083605,42.03006405533217],[-122.63999844200912,42.0296359928805],[-122.63999843290402,42.02920793524391],[-122.63999851380223,42.028779853664645],[-122.63999848835348,42.02835624183348],[-122.63999847841608,42.027928198592505],[-122.63999849103327,42.027500079042774],[-122.63999848053935,42.02707204543276],[-122.63999405145871,42.026643947026585],[-122.63999402468103,42.02622035897254],[-122.63999403623158,42.025792258637516],[-122.63999401159195,42.02535523910345],[-122.63999405410487,42.0249182769526],[-122.639994013126,42.02448570318094],[-122.63999405506091,42.024048751016664],[-122.63999402926474,42.023611751509044],[-122.63999405486847,42.02317924495357],[-122.63999402849566,42.022742255433606],[-122.6399894937042,42.02230523007519],[-122.63998960876123,42.02187270962024],[-122.63998958156736,42.021435735107474],[-122.6399894866477,42.02099871325598],[-122.63998954913929,42.02056172003158],[-122.63998950534781,42.020129195793984],[-122.63998956726083,42.01969221255864],[-122.6399895614488,42.01925518198753],[-122.63998951680017,42.0188226726063],[-122.639989577844,42.01838570438065],[-122.6399895711648,42.017948688820944],[-122.63998512400181,42.01751168977485],[-122.63998507825444,42.01707920021834],[-122.63998507075414,42.01664219966963],[-122.63998506296389,42.016205204142146],[-122.63998503918532,42.015772648343564],[-122.6399850308184,42.01533566280751],[-122.63998511241324,42.01489865354584],[-122.64041760698957,42.014898656026574],[-122.64085460987309,42.01489869715767],[-122.6412916365357,42.01489865497893],[-122.64172413394125,42.01489865091246],[-122.64216113968445,42.01489868542805],[-122.64259365439528,42.01489424240242],[-122.64303059456458,42.01489422016839],[-122.64346318594102,42.01489417863797],[-122.64390019544427,42.01489420434867],[-122.64433269845206,42.01489418721083],[-122.64476970985793,42.014894208518726],[-122.64520672222008,42.014894227613794],[-122.64563924316319,42.014889769331724],[-122.64607618994563,42.01488973167947],[-122.64650876505479,42.014889755982566],[-122.64694578117569,42.01488976627253],[-122.64737829072943,42.01488973387301],[-122.64781530875186,42.01488973976005],[-122.64824779737678,42.01488978410171],[-122.64868476465281,42.01488529865104],[-122.64912178548697,42.014885297923264],[-122.64955436714499,42.01488530696196],[-122.6495543453175,42.01448396655457],[-122.64955432324595,42.0140826303828],[-122.64955436837059,42.01368135078734],[-122.64955434581029,42.01328002308621],[-122.64955433769414,42.01287426526469],[-122.64955431464293,42.012472946081516],[-122.64955429134771,42.012071631133885],[-122.64955435805105,42.01167029166766],[-122.64955433426695,42.011268985191414],[-122.64955874995412,42.010867670979245],[-122.64956320278894,42.010461845839785],[-122.64956317818661,42.01006055211929],[-122.6495676831688,42.009659221912216],[-122.64957220248296,42.00925346200893],[-122.64957654913474,42.00885211674134],[-122.64958105312886,42.00845079929363],[-122.64958555679425,42.00804948608333],[-122.64959000734714,42.00764369103202],[-122.64917523340613,42.007643714301686],[-122.64876055055966,42.00764370682787],[-122.64834586857384,42.007643697361594],[-122.64793118744875,42.00764368590284],[-122.64751657461255,42.00764372478582],[-122.64709735074149,42.00764818367924],[-122.64668267216447,42.00764816622234],[-122.64626790421379,42.00764817552058],[-122.64585322735871,42.00764815407842],[-122.64584433179013,42.007732923930234],[-122.64549205982989,42.007737379008134],[-122.64513973610136,42.00773734655023],[-122.6447875326979,42.007741851091],[-122.64435059419985,42.007741828704106],[-122.64391356642263,42.00774183285034],[-122.64347653960147,42.007741834783616],[-122.64303960397197,42.007741805759665],[-122.64260257906325,42.00774180326751],[-122.6421700617599,42.007741839315784],[-122.64173303875357,42.00774183242062],[-122.64129601670368,42.00774182331254],[-122.64085908584634,42.00774178324955],[-122.64042213312682,42.00774182205613],[-122.63998511394617,42.007741806310214],[-122.63998509687796,42.00737614309193],[-122.63991374330132,42.00698375076188],[-122.63984684552976,42.006586917301405],[-122.63977549411268,42.00619453296181],[-122.63970416661313,42.005802071515134],[-122.63963727198569,42.00540525016671],[-122.6395659238264,42.005012877788545],[-122.63912891864392,42.00501729071541],[-122.63868754286739,42.00502176517023],[-122.63825046499697,42.00502176893373],[-122.63781352987662,42.00502622754308],[-122.63737199913926,42.00503067167332],[-122.63693506575932,42.0050351258394],[-122.6364935527653,42.00503513201849],[-122.63605662117122,42.00503958174018],[-122.63561960021138,42.00504405798639],[-122.63517818026628,42.005044028703644],[-122.63474116109262,42.00504850050461],[-122.63430414278461,42.00505297009474],[-122.6338627768055,42.00505741989433],[-122.6334257765388,42.00505745157255],[-122.63298432213284,42.005061925614854],[-122.63256512971569,42.005066394316096],[-122.6321415221914,42.00507079097385],[-122.63171790912402,42.00507083315592],[-122.63129428043402,42.00507530673184],[-122.63087074278744,42.00507974950082],[-122.63045150362636,42.00507972212552],[-122.63002787740506,42.005084189490184],[-122.62960425199483,42.005088654777516],[-122.62918071762873,42.005093089259695],[-122.62875711062466,42.00509311691358],[-122.62833348769219,42.00509757596833],[-122.62791430421345,42.00510202209888],[-122.62749068289497,42.00510647702087],[-122.62706707934647,42.00510649638224],[-122.62664345969498,42.00511094714857],[-122.62622876841428,42.005119860150785],[-122.62581412812546,42.005133257001354],[-122.62539934794653,42.00514219475436],[-122.62498022010807,42.00515111249175],[-122.62456553155054,42.005160017523906],[-122.62415082642244,42.0051733540634],[-122.62373604896739,42.00518228384437],[-122.62332142982315,42.005191235265315],[-122.62290228804959,42.00520457643881],[-122.62248751262882,42.00521350023614],[-122.62207289551749,42.00522244567578],[-122.62168052155472,42.0052358223552],[-122.62128809829223,42.00524471139963],[-122.62089563518957,42.00525811324579],[-122.62049877460846,42.00526700919891],[-122.62006177527536,42.005284840726446],[-122.6196247942653,42.00529823653902],[-122.6191833754677,42.005311640546935],[-122.618746328455,42.00532497957649],[-122.6183049110519,42.005338379109986],[-122.61786793279701,42.00535176606433],[-122.61743095522688,42.00536515081545],[-122.61698947253385,42.00537849129371],[-122.61655249634227,42.0053918716156],[-122.6161110643282,42.0054096935093],[-122.61567408946951,42.00542306940453],[-122.61523702505929,42.00543647181025],[-122.61479561318113,42.00544985347191],[-122.61435864038607,42.00546322273469],[-122.61391722990332,42.00547659992243],[-122.61348016825009,42.00548999346836],[-122.61304319751942,42.00550335609876],[-122.612601770669,42.005521160138926],[-122.61216471103495,42.00553454705338],[-122.61172780969314,42.00554795541364],[-122.61128631310571,42.005561347913876],[-122.6108493457739,42.00557469948538],[-122.61040785058277,42.00558808751048],[-122.60997088463107,42.00560143465286],[-122.60953382912716,42.00561480830007],[-122.60909249363041,42.005628213278364],[-122.60865542064018,42.005646016068624],[-122.60821399625432,42.00565944528266],[-122.60777703370344,42.005672781366286],[-122.60733998160013,42.00568614395258],[-122.6068985593036,42.00569956646665],[-122.60646150858062,42.00571292462297],[-122.60602017791915,42.00572631395832],[-122.60558317675235,42.00574415363885],[-122.6051461280508,42.00575750516429],[-122.60470912811951,42.00577534044518],[-122.60427214810338,42.00578873993166],[-122.60383514940717,42.0058065708133],[-122.60339817071691,42.00581996589563],[-122.6029611732562,42.00583779237806],[-122.6025241958921,42.005851183056286],[-122.60208715185931,42.005864519163225],[-122.60165022362955,42.00588239141366],[-122.6012131809247,42.00589572311579],[-122.60078513018681,42.00591357206095],[-122.60035703238651,42.0059269329099],[-122.59992456447867,42.00594035342416],[-122.59949646799302,42.00595371002299],[-122.59906837216107,42.00596706450757],[-122.59863590624416,42.00598047859236],[-122.59820772148572,42.005993857523386],[-122.59777518955079,42.00600721494241],[-122.59734714365922,42.006025046931356],[-122.59691911841405,42.00603844317581],[-122.5964864981856,42.00605182286172],[-122.59605847425485,42.00606521485644],[-122.59563038363228,42.00607855236409],[-122.59519792298453,42.00609194929834],[-122.59476974343569,42.00610531124905],[-122.59433726376923,42.00612313753837],[-122.59390915283437,42.006136547615014],[-122.59347218947077,42.0061498926669],[-122.59303520389243,42.00616331658286],[-122.5926027266886,42.00618113422965],[-122.59216567508926,42.006194501387874],[-122.59172869151627,42.00620791871912],[-122.59129171086921,42.00622568644572],[-122.59085916656714,42.00623909042914],[-122.59042218500014,42.00625250117574],[-122.58998513678337,42.00626585734085],[-122.58954822598773,42.00628366866761],[-122.58911568434618,42.00629706395285],[-122.5886787054726,42.00631046591175],[-122.58824170630399,42.006328299349185],[-122.58780466142568,42.00634164452391],[-122.58737212244576,42.00635503111063],[-122.58693514626661,42.006368424281504],[-122.58650258747402,42.006386240220046],[-122.58606561261546,42.006399629009444],[-122.58563307628951,42.00641300692032],[-122.58519610279716,42.00642639132608],[-122.58476356782106,42.00643976489798],[-122.58432657430774,42.0064575786224],[-122.58388960282406,42.00647095644373],[-122.58345706983258,42.006484323498285],[-122.5830200094699,42.00649772561724],[-122.58258747782897,42.006511088332445],[-122.58215055479079,42.00652894348489],[-122.58171358668312,42.00654231033821],[-122.58127209125317,42.006555712119805],[-122.58083510278034,42.00657350826506],[-122.58039360870544,42.00658690557404],[-122.57995664332111,42.00660026357192],[-122.57951519608154,42.00661814252115],[-122.57907823203607,42.0066314960928],[-122.57863674071714,42.00664488445481],[-122.57819982335278,42.006662719720936],[-122.5777583333891,42.00667610361076],[-122.57732137206818,42.0066894483275],[-122.57687992866376,42.006707313874024],[-122.57644287843479,42.00672068283919],[-122.57600139122893,42.00673405778174],[-122.57556447765258,42.00675187978281],[-122.57512299180291,42.006765250253274],[-122.57468601161288,42.00677866275275],[-122.57424457204547,42.00679651489629],[-122.57380752588199,42.00680987057744],[-122.57336604279122,42.006823232100736],[-122.5729291330049,42.006841040836875],[-122.57248771858114,42.006854450281295],[-122.5720507424538,42.00686784949952],[-122.57160923941713,42.00688563584676],[-122.57116782705423,42.00689903857142],[-122.5707308529634,42.00691243113767],[-122.57028932891018,42.006930291834514],[-122.56985228885317,42.00694362757877],[-122.56941087924854,42.006957021357884],[-122.56897388490471,42.00697483885317],[-122.56853247665656,42.00698822816106],[-122.56809550663176,42.00700160744589],[-122.56765394223326,42.00701496854889],[-122.56721255925493,42.007023917341506],[-122.56677559135919,42.00703728996975],[-122.56633414262011,42.007046181884675],[-122.56589264843072,42.00705958640821],[-122.56545568266472,42.00707295237993],[-122.56501423621994,42.007081837563454],[-122.56457274418602,42.00709523536138],[-122.56413136658965,42.007104168441586],[-122.56369431344581,42.007117554191055],[-122.56325287009433,42.00712643039065],[-122.56281138096847,42.00713981921203],[-122.56237444386964,42.00714873582859],[-122.5619329561937,42.00716212017327],[-122.56149146922415,42.00717550226913],[-122.56105009701271,42.00718441963674],[-122.5606130488742,42.00719778984248],[-122.56017158795225,42.00720673138862],[-122.5597301941446,42.00722007585038],[-122.55929317211955,42.00722900557041],[-122.55885175679957,42.00724242661781],[-122.55841023168135,42.007251306775395],[-122.55796881781973,42.00726472332383],[-122.55753186494196,42.007278049330594],[-122.55709040940762,42.00728697516181],[-122.55664899770218,42.00730038498645],[-122.55620747643385,42.007309253907785],[-122.55577050346521,42.00732265209143],[-122.55532905102511,42.007331568938795],[-122.55488764222918,42.007344969788726],[-122.55445060410916,42.00735830890813],[-122.55400915396537,42.00736721902426],[-122.55356774732722,42.00738061315009],[-122.55312620848134,42.00738954741421],[-122.55268924052014,42.00740293005732],[-122.55224779347202,42.00741183118973],[-122.55180638974474,42.00742521634099],[-122.55136938144088,42.007434106054404],[-122.55092788891052,42.00744751537871],[-122.55048648734189,42.00746089380595],[-122.55004504414426,42.00746978370434],[-122.5495990993203,42.00747427295291],[-122.54915324566169,42.007478731252846],[-122.54870730265799,42.00748321589848],[-122.54826138354706,42.00748761718301],[-122.5478154423646,42.007492097225374],[-122.54736961756456,42.007492112445604],[-122.5469236782491,42.007496587883956],[-122.54647323548448,42.007501015270606],[-122.54602738825632,42.007505457438675],[-122.54558145168288,42.007509925949286],[-122.54513551602022,42.007514392158285],[-122.5446895812684,42.00751885606569],[-122.54424373768393,42.007523289029585],[-122.54379780475416,42.007527748334255],[-122.54335194000073,42.0075322577547],[-122.54290600889247,42.00753671245658],[-122.54245560015201,42.007536685009846],[-122.54200967092264,42.00754113508422],[-122.54156380986718,42.00754563527586],[-122.54111788246004,42.00755008074754],[-122.54067195596443,42.007554523917705],[-122.54022609764093,42.00755901720625],[-122.53978017296804,42.00756345577378],[-122.53933424920695,42.007567892039816],[-122.53888839361612,42.007572378425365],[-122.53843794450181,42.00757684497669],[-122.53799202348533,42.007581274315335],[-122.53754614440452,42.00759018767441],[-122.53710026614225,42.00759909873557],[-122.53665429844031,42.00760803613292],[-122.53620842181525,42.00761694259781],[-122.53576245575049,42.007625875398],[-122.53531214390793,42.00763478335803],[-122.53486617948965,42.00764371153817],[-122.53487067501412,42.00726471835796],[-122.53487066622064,42.0068856826008],[-122.53487513468527,42.00651113075625],[-122.5348751254153,42.00613210251277],[-122.53488407745418,42.005730764002],[-122.53488850221872,42.00532946442574],[-122.53489299041935,42.00493257405002],[-122.5348974145279,42.00453128290171],[-122.53490636504108,42.00412996129722],[-122.53491081145262,42.00372859757593],[-122.53491527530335,42.00333180496605],[-122.53491972105846,42.002930449674324],[-122.53492423372847,42.0025291510388],[-122.53537455484597,42.0025246518503],[-122.53582497051269,42.0025157694205],[-122.53627529344408,42.00251126553865],[-122.53672568455264,42.002506811725574],[-122.53717159921337,42.0024978760198],[-122.53762190188012,42.002493446166795],[-122.53807232186558,42.002484552031234],[-122.53852271659461,42.00248008885306],[-122.5389731122544,42.00247562332702],[-122.53942337734746,42.00246669837223],[-122.53986933840066,42.002462234468474],[-122.54031973679541,42.00245776192389],[-122.54077007173576,42.0024488823695],[-122.54122047194475,42.00244440513071],[-122.54167078283791,42.00243995417923],[-122.54211677416164,42.00243104538426],[-122.54256708685922,42.00242658976255],[-122.54301751636162,42.00241766986774],[-122.54346783087277,42.00241320955265],[-122.54391823655946,42.00240871825299],[-122.54436414190545,42.00239982650472],[-122.5448144591502,42.00239535917227],[-122.54482340567229,42.00199403196926],[-122.5448323263456,42.00159714219618],[-122.54484118180177,42.00119585206218],[-122.54485012708794,42.0007945375295],[-122.54486350827786,42.000393220667284],[-122.54487242727636,41.99999634761709],[-122.54488137128452,41.99959504575519],[-122.54489031487917,41.999193748132384],[-122.54489919080567,41.99879240234436],[-122.54490814157619,41.99834649440298],[-122.54491705000248,41.997896106533105],[-122.54493046119777,41.99744576983882],[-122.54493936858265,41.99699539264829],[-122.54494825008437,41.9965494533993],[-122.54496165960468,41.99609913267056],[-122.54497049820529,41.995648719046486],[-122.54497949378938,41.99519833452977],[-122.54498839864567,41.994747983986024],[-122.54500178057816,41.99430211695515],[-122.54501070737696,41.99385169600853],[-122.5450196106991,41.993401361431914],[-122.54503303929943,41.992950997000115],[-122.54504184898823,41.99250505283763],[-122.54505084100006,41.992054705598065],[-122.54505976526887,41.991604311304336],[-122.54507319164871,41.99115396818357],[-122.54508199932623,41.99070804512215],[-122.54509092206075,41.990257666799636],[-122.54510432144536,41.989811771464595],[-122.54511324314221,41.989361403772094],[-122.54512213902984,41.988915473131904],[-122.54513105973618,41.98846511606959],[-122.5451444569227,41.988019241784286],[-122.544734205485,41.98802364785655],[-122.54432845707517,41.988028097852904],[-122.54391818418165,41.98803258106769],[-122.54351246274604,41.98803259562168],[-122.5431021914147,41.988037074960964],[-122.54269644605219,41.98804151729287],[-122.54228617624081,41.98804599275776],[-122.5418759974089,41.988050437650614],[-122.54147016409023,41.98805490284857],[-122.54105998677885,41.98805934386792],[-122.54065415496345,41.988063805233445],[-122.5402438889574,41.988068271001744],[-122.53983814886094,41.98807269991244],[-122.53942788437575,41.988077161806466],[-122.53902212279705,41.98808166790131],[-122.53861185983222,41.98808612592099],[-122.53820616395097,41.988095031188486],[-122.53779590246447,41.98809948533536],[-122.53739007662111,41.98810393137241],[-122.53697981665611,41.98810838164467],[-122.5365740185064,41.988108392219964],[-122.5361638273307,41.98811289101339],[-122.53575356969458,41.98811733546251],[-122.53534783787491,41.98812174328932],[-122.53490189636182,41.9881307210137],[-122.53446043988546,41.98813517777824],[-122.53401454949538,41.98813963827617],[-122.53357309481457,41.98814409050706],[-122.53312720623906,41.98814854642579],[-122.53268131857565,41.98815300004348],[-122.53223983995588,41.98816187710335],[-122.53179386384394,41.98816635475681],[-122.5313479788617,41.98817080149503],[-122.53090659675,41.98817529250428],[-122.5304606233648,41.98817976327618],[-122.53001917583211,41.98818419735074],[-122.52957333478206,41.98819311898094],[-122.52912736407824,41.988197582872516],[-122.52868591919965,41.9882020101366],[-122.52824001752471,41.98820652185108],[-122.52779857444291,41.98821094458168],[-122.52735260737076,41.98821539931295],[-122.52690677145185,41.98822430719329],[-122.52646530801672,41.98822880412657],[-122.52601934362684,41.98823325197762],[-122.52557353757786,41.988237721324936],[-122.52513200963317,41.988242159040674],[-122.52468611518047,41.98824665241627],[-122.52424467925279,41.988251056991295],[-122.52379875910509,41.988259977451506],[-122.5233528673341,41.98826446394815],[-122.52291141104791,41.98826894272525],[-122.52246545388817,41.988273372234815],[-122.52202399939924,41.988277846478034],[-122.52157811125971,41.98828232381616],[-122.5211321962465,41.988291230524254],[-122.52069074441197,41.988295697957064],[-122.52024479175452,41.988300116006556],[-122.51979890721117,41.988304584164545],[-122.51935745807816,41.98830904478554],[-122.51891157535132,41.98831350836458],[-122.51847016715222,41.98832244854163],[-122.51802421899838,41.98832685513168],[-122.5175782487348,41.98833134043125],[-122.51713680405587,41.98833578970825],[-122.51669092583033,41.988340241829334],[-122.51624955014438,41.9883447389861],[-122.51580355517707,41.98835364681157],[-122.51580804365626,41.987912167598104],[-122.51581250871735,41.9874707745256],[-122.5158124949371,41.98702925821562],[-122.51581695926319,41.98658787540441],[-122.5158214179057,41.9861508481457],[-122.51582590448015,41.98570939453908],[-122.51583039066358,41.98526794606443],[-122.5158302849958,41.98482648395662],[-122.51583477044447,41.984385045745604],[-122.51583922720117,41.983948043837884],[-122.51584371187164,41.98350661583921],[-122.51584812896537,41.98306514056625],[-122.51585261285464,41.982623722831974],[-122.51585259538365,41.982182262869735],[-122.5158571404617,41.981745257721286],[-122.51586155604417,41.981303802927634],[-122.51586597123705,41.98086235326701],[-122.51587047624457,41.98042088014818],[-122.51587045710033,41.97997944579598],[-122.51587491008547,41.97954249459272],[-122.51587941396943,41.9791010368215],[-122.51588385028266,41.978659531783684],[-122.5158882631851,41.97821811286977],[-122.51589276589661,41.97777667049962],[-122.51589280668668,41.97733966870165],[-122.51589724148816,41.97689818414873],[-122.5159016528801,41.97645678571587],[-122.51590608690195,41.976015311431475],[-122.51591058770862,41.97557389467779],[-122.51591055966571,41.97513686584062],[-122.51591499256648,41.97469540690759],[-122.51591958244101,41.974253976917026],[-122.5159240145604,41.97381252825304],[-122.51636982999605,41.973808055659916],[-122.51682026477101,41.97379916950685],[-122.51726617218624,41.97379466370336],[-122.51771205749957,41.97379023657881],[-122.5181624276931,41.973781291042535],[-122.51860831479726,41.97377685929425],[-122.51905872599026,41.97377239146144],[-122.51950466578961,41.97376344412906],[-122.51995498860222,41.97375900021528],[-122.52040087933388,41.97375455921795],[-122.52084682169593,41.9737456049644],[-122.52085572228054,41.97334428877027],[-122.52086465015198,41.972938546940156],[-122.52087360061063,41.972532728470476],[-122.52087806709153,41.972131430388835],[-122.52088692656892,41.971725649140694],[-122.52089587581013,41.97131984364292],[-122.5209048016229,41.97091412345998],[-122.52091372234484,41.970512756238385],[-122.52091814749735,41.97010699758463],[-122.52047220347066,41.97011146879791],[-122.5200219573169,41.97012039629702],[-122.51957151528782,41.97012481571492],[-122.51912561328751,41.970133761920394],[-122.51867524023996,41.970138229053255],[-122.51822927276527,41.97014711825111],[-122.51777890152718,41.970151580713306],[-122.51732853122202,41.970156040828044],[-122.5168826334908,41.970164975468705],[-122.5164322649949,41.970169430913195],[-122.51598636896044,41.970178360933126],[-122.51599083387623,41.96979485771993],[-122.51599529848679,41.969411358382686],[-122.51600426238369,41.96902791027956],[-122.51600865487107,41.96861320346255],[-122.51601763669255,41.96819851995417],[-122.51602655091367,41.96778378859322],[-122.5160309422676,41.9673690953748],[-122.51603992282298,41.96695442546531],[-122.5160444426214,41.96654419425528],[-122.5161380183661,41.96653973091648],[-122.51658391584692,41.966535283106005],[-122.51703429749136,41.96652631781584],[-122.51748019676262,41.966521865381466],[-122.51792612490334,41.96651298151169],[-122.51837202595605,41.966508524476346],[-122.51881788862005,41.96649958362697],[-122.51926829085676,41.96649516918015],[-122.51971424539056,41.966486195126144],[-122.5201601500139,41.96648172886577],[-122.52060608322913,41.966472831178265],[-122.52105189945986,41.966468388902385],[-122.5214978343633,41.966459486617],[-122.52194817484006,41.966455005825495],[-122.52239411144029,41.96644609891885],[-122.52284002141367,41.96644161883268],[-122.52328595970138,41.96643270732764],[-122.52373187145426,41.96642822264026],[-122.52418224376787,41.96641930109276],[-122.52462813431197,41.96641489274714],[-122.52507407598337,41.966405972022365],[-122.52551999130452,41.96640147810968],[-122.52596584449056,41.966392581376994],[-122.52641626115324,41.966388129679984],[-122.52686220620708,41.96637919973535],[-122.52730803492366,41.966374725189176],[-122.52775398166342,41.96636579064641],[-122.52819987933843,41.9663613638739],[-122.52864582776449,41.96635242473259],[-122.52909615966038,41.966347987662786],[-122.52954201961042,41.96633907249426],[-122.52998801102545,41.96633460790226],[-122.53043387266128,41.96632568813604],[-122.53087977568467,41.96632124753752],[-122.53087092473189,41.96672699907216],[-122.53086198318739,41.96713278354311],[-122.53085304122187,41.967538572354776],[-122.5308396256358,41.967939889638885],[-122.53083077296472,41.9683456584872],[-122.5308218296983,41.96875146027312],[-122.53081290899905,41.96915718542661],[-122.53079953207887,41.96956300168292],[-122.53079067768608,41.969968787892185],[-122.53034030400865,41.969973234839664],[-122.52989436409784,41.96997767369582],[-122.52944394249226,41.969986626469584],[-122.52899800437056,41.969991060700856],[-122.52854767465767,41.96999998021025],[-122.52809730552825,41.97000441546889],[-122.52765147751175,41.97001337703875],[-122.5272010200107,41.97001783622212],[-122.52675065362173,41.970022264462834],[-122.52630476099158,41.970031166709816],[-122.52585437341395,41.97003567125415],[-122.52584547199729,41.970441462769315],[-122.52583650297697,41.970847206243],[-122.52582760071887,41.971253006438005],[-122.52581874821777,41.97165430027214],[-122.52580984512298,41.97206010909936],[-122.5258008744221,41.97246586988293],[-122.52579190329955,41.97287163500565],[-122.52578308912881,41.9732774282567],[-122.5257741443626,41.97367877209795],[-122.52622004678149,41.97367430107719],[-122.52667038325778,41.973669822170336],[-122.5271163145707,41.973660916568306],[-122.52756665285393,41.973656432991426],[-122.52801262608645,41.97365200510523],[-122.52845849277023,41.973643040198176],[-122.52890890097393,41.97363860201018],[-122.52935483654426,41.97362968486519],[-122.52980515636953,41.97362527060623],[-122.53025106690001,41.973620778786625],[-122.53069700503158,41.97361185472028],[-122.53114741777338,41.9736074048658],[-122.53159324081707,41.97360293472251],[-122.5320436147658,41.97359399787399],[-122.53248950679412,41.973589575487914],[-122.53293992319702,41.973585116290536],[-122.53338586645854,41.973576178358016],[-122.53383176118822,41.973571749046386],[-122.53428202293397,41.97356725907938],[-122.53472803595577,41.97355836660397],[-122.53517836670856,41.9735539243455],[-122.53562431422334,41.973544974869974],[-122.53563762648372,41.97313919699622],[-122.5356466362063,41.972737883113446],[-122.53565994750471,41.97233211387105],[-122.53566891531675,41.97192632640726],[-122.53568222564958,41.97152056584411],[-122.53569119257774,41.971114787059804],[-122.53570452492563,41.97070895419816],[-122.53571349096977,41.970303184094156],[-122.5357267993712,41.969897440890186],[-122.53573578380892,41.96946934646573],[-122.53574913661299,41.96903685002722],[-122.53576255290767,41.968608759271135],[-122.53577587848108,41.96818070194805],[-122.53578481987209,41.96774814527202],[-122.53579823456488,41.967320069058665],[-122.53581155853915,41.96689202627731],[-122.53582049844958,41.966459484295626],[-122.53583384434887,41.9660313702577],[-122.53584725689299,41.96560331341832],[-122.53585616922881,41.965175215085026],[-122.535869539622,41.96474268663899],[-122.5358829505643,41.964314644342934],[-122.5358918614328,41.96388656055415],[-122.535905230213,41.9634540468036],[-122.53591857236628,41.96302596668769],[-122.53593200413503,41.96259786280573],[-122.5359408941163,41.962192127096586],[-122.53595423877364,41.96178630872949],[-122.53596321803211,41.96138055310561],[-122.53597656172268,41.96097474342312],[-122.53598554009675,41.96056899648238],[-122.53599888282068,41.96016319548446],[-122.53600779312777,41.959757404868256],[-122.53602120206777,41.95935166491337],[-122.53603011149181,41.958945882981304],[-122.5356153380723,41.958954786531194],[-122.53520511343204,41.95895922527356],[-122.53479040862119,41.95896817722613],[-122.53437575368264,41.958972618007486],[-122.53396105030757,41.95898156598407],[-122.53354639689212,41.958986002786915],[-122.53313612672304,41.95899494089743],[-122.53272138466758,41.95899940233484],[-122.53230677431107,41.95900831378905],[-122.53189203377909,41.95901277124715],[-122.5314773347044,41.9590217073168],[-122.53106259569594,41.95902616079522],[-122.53065241993191,41.95903505853625],[-122.53023768243865,41.959039508056726],[-122.52982298622945,41.959048436195495],[-122.5294082502603,41.95905288173636],[-122.52899798717301,41.959061800221086],[-122.52858341004509,41.959066265579615],[-122.52816871670171,41.95907518578799],[-122.52775398377226,41.95907962339173],[-122.52733929186665,41.95908853962392],[-122.5269290592714,41.959093020041344],[-122.52651436879485,41.959101932319],[-122.52609970607223,41.95910641435088],[-122.52566713324636,41.95911532090141],[-122.52523456118722,41.95912422528948],[-122.52480201708563,41.959128699252005],[-122.52437403551461,41.959137617656694],[-122.52394149307126,41.95914208731294],[-122.52350892416003,41.95915098307094],[-122.52307638338502,41.95915544839796],[-122.52264388321368,41.959164392197884],[-122.52221131664807,41.95917328146733],[-122.52178320988894,41.959177734993816],[-122.52135071205296,41.959186672328485],[-122.52091817541714,41.95919112685604],[-122.52048567915898,41.95920005986538],[-122.52005311651017,41.95920893834255],[-122.51962058235547,41.959213386377364],[-122.5191879982846,41.95922234147736],[-122.51875996442732,41.95922683240202],[-122.5183274049291,41.95923570224899],[-122.51789494125725,41.95924019402046],[-122.51746238333918,41.959249059541506],[-122.51702980318308,41.95925800384898],[-122.51659734199117,41.95926248912887],[-122.51616928499232,41.959271395515664],[-122.51573670717272,41.95928033335718],[-122.51530418130189,41.95928475979368],[-122.51487160506171,41.95929369330876],[-122.51444355113262,41.95930259115713],[-122.51401097641802,41.95931152036998],[-122.5135785209809,41.95931599054804],[-122.51315037920402,41.95932491057005],[-122.51271789698684,41.95933380474531],[-122.5122853253777,41.959342725329975],[-122.51185278306549,41.95934721544615],[-122.51142473451912,41.95935609835808],[-122.51099216524881,41.95936501247662],[-122.51055966388854,41.959373976811094],[-122.51013164631766,41.9593784250145],[-122.50969907938618,41.95938733266733],[-122.50926651322266,41.959396238157815],[-122.50883401496681,41.95940519386571],[-122.50840597176102,41.95941406184348],[-122.50797343682304,41.959418532550345],[-122.50754087376751,41.959427429412926],[-122.50711280985239,41.95943637193922],[-122.50668024832416,41.95944526449975],[-122.50624771667337,41.959449726572394],[-122.5058152238619,41.95945866718898],[-122.50538716301749,41.959467601177366],[-122.50495460459821,41.95947648511011],[-122.50452207623513,41.959480938549035],[-122.50408949636893,41.959489899101854],[-122.50366143859631,41.959498824552036],[-122.50322888328711,41.95950769985666],[-122.50279639587735,41.95951662538377],[-122.50236830275406,41.9595210637134],[-122.50193572675445,41.959530013498096],[-122.50150324168493,41.95953893256051],[-122.50107075738345,41.95954784946145],[-122.50064257735185,41.95955230780512],[-122.50021009462318,41.959561220402904],[-122.49977752250004,41.95957015939741],[-122.49934504130786,41.95957906767186],[-122.49891702181851,41.95958354129908],[-122.49848438491237,41.959592421439844],[-122.49805190606219,41.95960132324979],[-122.49762383598066,41.959610299774816],[-122.49719132158184,41.95961471653777],[-122.49675875491012,41.959623640438735],[-122.49632618900708,41.95963256217743],[-122.4958982121617,41.9596415016101],[-122.49546561089144,41.95964593829364],[-122.49502421562525,41.959650433073485],[-122.49457832315952,41.95965487711973],[-122.49413677241361,41.959659343527946],[-122.49369091217748,41.959659354628094],[-122.49324945344503,41.9596637879491],[-122.4928035646708,41.95966822283621],[-122.49236204812235,41.95966825180493],[-122.49191616121733,41.95967268211175],[-122.49147477325191,41.959677158758744],[-122.49102882868709,41.959677184663995],[-122.49058737545835,41.959681604382716],[-122.49014590007326,41.95968610278951],[-122.48970001776749,41.959690521659844],[-122.48925850794082,41.959690534761194],[-122.48881269461421,41.959695001447486],[-122.48837115577274,41.95969943839003],[-122.48792521799848,41.95969944826845],[-122.48748383828044,41.959703904526705],[-122.48703793847957,41.95970839060119],[-122.48659647039909,41.95971287087212],[-122.48615053650185,41.95971287158647],[-122.48570909333307,41.95971726638031],[-122.48526762800017,41.95972173986126],[-122.48482176412152,41.95972178611294],[-122.48438023353617,41.95972620265988],[-122.48393434020393,41.95973067271721],[-122.48349300015248,41.959730680200174],[-122.48304695142329,41.95973512181841],[-122.48260564886135,41.959739605557424],[-122.482159601957,41.95974404259538],[-122.48171817557801,41.95974406954818],[-122.48127671849849,41.959748522637206],[-122.48083083163733,41.959752976678146],[-122.48038940814435,41.959752996838795],[-122.47994352315368,41.95975744630008],[-122.47950206973066,41.95976189032195],[-122.47905609639727,41.95976636374162],[-122.47861467674471,41.95976637483084],[-122.47816879544985,41.9597708151336],[-122.47772734568457,41.95977525008802],[-122.47728140814957,41.959775285945405],[-122.47683996023636,41.9597797163654],[-122.47641633754316,41.959788665826366],[-122.47598825015605,41.95979313536028],[-122.47556465206515,41.95980199971044],[-122.47514103162959,41.9598109429273],[-122.4746950695586,41.95982430307039],[-122.47425369601514,41.959837681925606],[-122.47380780248466,41.959851089912135],[-122.47336627312369,41.95986444037247],[-122.47292038104702,41.95987784379447],[-122.47247901037687,41.959891213614235],[-122.47203748316875,41.959904557306885],[-122.4715916276602,41.95992243473046],[-122.4711501018444,41.959935773905904],[-122.47070421335239,41.959949165931334],[-122.47026275605575,41.95996255299832],[-122.46981687034825,41.959984849742206],[-122.4693709851863,41.96000714420406],[-122.46892506760288,41.96003386482647],[-122.46848361391972,41.96005615215362],[-122.46803764017048,41.960078468321186],[-122.46759175713744,41.96010075368054],[-122.46714590857435,41.96012751762766],[-122.46669993641552,41.960149826951],[-122.46625405497356,41.96017210546747],[-122.46580811768997,41.960198891106494],[-122.46536666767419,41.960221162647905],[-122.46536669589143,41.95977524045214],[-122.46537118741956,41.95932489271961],[-122.46537564521664,41.95887897864645],[-122.46538010261521,41.95843306981565],[-122.46538452586287,41.95798268560646],[-122.46538898246135,41.95753678731294],[-122.46539343866138,41.95709089426172],[-122.46539789446302,41.95664500645277],[-122.46540240626365,41.956194614956594],[-122.465406794198,41.95574868527574],[-122.46541124880099,41.95530281324712],[-122.46541129627357,41.95485686794091],[-122.46541571634806,41.95440652619879],[-122.46542019289272,41.95396058902458],[-122.46542466903853,41.95351465709443],[-122.46542912169183,41.95306881133161],[-122.46543356324985,41.95261840990149],[-122.46543800440259,41.95216801382124],[-122.46544247894687,41.95172210297154],[-122.46544698635209,41.95127176994109],[-122.46545142629175,41.950821389856564],[-122.46545589963254,41.950375494843435],[-122.46546033876508,41.9499251254053],[-122.46546477749244,41.94947476131695],[-122.46546918257424,41.94902882974063],[-122.46547371064152,41.948578447785096],[-122.46547814815645,41.9481280996937],[-122.46548264218178,41.947682155443665],[-122.46548707888952,41.94723181799942],[-122.46549160533456,41.94678145739215],[-122.465496008014,41.946335557495324],[-122.46550046659824,41.94588515513985],[-122.46508583935385,41.945911931653846],[-122.46467102152171,41.945934203119386],[-122.46425636132338,41.9459564964984],[-122.46383721621665,41.94598329793371],[-122.46342255686592,41.946005587352],[-122.46300786448562,41.94603230161461],[-122.46259311583498,41.94605461560259],[-122.46217849125715,41.94608137833103],[-122.46176374344732,41.946103688378734],[-122.4613490525778,41.94613039477567],[-122.46093430560967,41.946152700882756],[-122.46051968254073,41.94617945574699],[-122.46051969087358,41.94662092536615],[-122.46051523625952,41.94706682920754],[-122.46051517689776,41.94750825675702],[-122.46051072153585,41.94795417103521],[-122.46051072857153,41.948395661318706],[-122.46050627246242,41.94884158603436],[-122.46050626819478,41.949287432935314],[-122.46050627427937,41.94972893874214],[-122.46050184017103,41.950174798223024],[-122.46050177855643,41.950616261955226],[-122.46049741075262,41.951062184277255],[-122.46049734848852,41.951503658340066],[-122.4604929128865,41.95194953869],[-122.46049290634788,41.95239542213274],[-122.46049284312998,41.952836911715885],[-122.4604884064286,41.95328280774292],[-122.4604884327187,41.95372427914327],[-122.46048842491591,41.95417018345106],[-122.460483987116,41.95461609515502],[-122.46048397865506,41.9550620099477],[-122.46048396988809,41.955507929982474],[-122.4604794639267,41.955953805001975],[-122.46047957847641,41.95639527897679],[-122.46047950168858,41.956841162270905],[-122.46047506168689,41.95728710537966],[-122.46047507440571,41.95773297064096],[-122.46047506371323,41.95817892207561],[-122.46047052231269,41.95862034778936],[-122.46047060113371,41.95906628113883],[-122.46047061258628,41.959512167311395],[-122.46046610331808,41.959958089404665],[-122.46046611411238,41.960403986059085],[-122.46046608603149,41.96047534237346],[-122.46046609772733,41.96090342604079],[-122.46046610914149,41.96133151453806],[-122.46046617723574,41.96175509826957],[-122.4604661880901,41.96218319637589],[-122.46046613159398,41.96261124688957],[-122.4604661086782,41.96303487342773],[-122.4604706394748,41.96346295528376],[-122.46047054897753,41.963886538905406],[-122.46047064865354,41.96431463253725],[-122.46047059079565,41.96474270709457],[-122.46047065671678,41.96516632890571],[-122.46047059829695,41.9655944130706],[-122.46047062977885,41.96602247354183],[-122.46047053760819,41.96644608573392],[-122.46047056852927,41.966874155811574],[-122.46047502945854,41.96731113957647],[-122.46047505913545,41.967748130547626],[-122.4604750885192,41.96818512655024],[-122.46047511760977,41.96862212758436],[-122.46047498913748,41.96905910974359],[-122.46047498447263,41.96949163885052],[-122.4604750126847,41.96992865492736],[-122.46047506371738,41.97036559507659],[-122.46047509134328,41.970802621215626],[-122.46047948300543,41.971239597769305],[-122.4604795100894,41.97167663397018],[-122.46047955999508,41.97211359423977],[-122.4604795194092,41.97255058806687],[-122.4604794785287,41.972987586924454],[-122.46047952755433,41.973424562284094],[-122.46047948608555,41.97386157120231],[-122.46047953452474,41.974298556621946],[-122.46047945933174,41.97473109299234],[-122.46003805944787,41.9747489420318],[-122.45959216134473,41.97476673853271],[-122.45915063951463,41.9747801289758],[-122.45870480981401,41.97479797336021],[-122.45825889054827,41.97481584398419],[-122.45781746099281,41.97482919911492],[-122.4573714759616,41.974847012740405],[-122.45692564885671,41.974864847992805],[-122.45648413116885,41.97487822486487],[-122.45603821517656,41.974896084086396],[-122.45559682171002,41.97491391055646],[-122.4551508744124,41.974927282581454],[-122.45470496037697,41.97494513495775],[-122.45426356884302,41.9749629546523],[-122.45381762364285,41.97497631982353],[-122.45337171156503,41.974994165354666],[-122.45293026649155,41.97500757658414],[-122.45248435573131,41.97502541755853],[-122.45204287722599,41.97504325448826],[-122.45159693553514,41.975056608243115],[-122.45115102673361,41.975074442371984],[-122.45070964036863,41.975092244004905],[-122.45026367764207,41.975105671873074],[-122.44981777079934,41.975123499156865],[-122.44937629616207,41.97514132253269],[-122.4489304257392,41.97515471502874],[-122.44848895240426,41.97517253389345],[-122.44804311522151,41.97519040451623],[-122.44759717982872,41.97520373771025],[-122.4471557754957,41.97522160224867],[-122.44670978299725,41.975239442092914],[-122.44626834827709,41.975252819423886],[-122.44582244730604,41.97527062619552],[-122.44537652383227,41.97528851164491],[-122.44493509118588,41.97530188219184],[-122.44448919217574,41.975319682118545],[-122.44404327066073,41.97533756072281],[-122.44360184008885,41.97535092448576],[-122.44315585283185,41.975368746079624],[-122.4427100234848,41.975386589326774],[-122.44226850477942,41.97539997481696],[-122.44182267675176,41.975417813508365],[-122.44138112351305,41.97543562475755],[-122.4409352656769,41.975448976161964],[-122.44093521509427,41.97574329256508],[-122.44093088859174,41.97616247314382],[-122.44093080000282,41.976586063627074],[-122.44093077819525,41.97700971129374],[-122.44092638364336,41.97742885339826],[-122.44092629418081,41.97785245801017],[-122.44092636171666,41.978276091295236],[-122.44092639791641,41.978695246189396],[-122.44092187583853,41.97911886612173],[-122.44083710986072,41.97911884540789],[-122.44040023548646,41.97913221754396],[-122.43996315041963,41.979141161330375],[-122.4395217246027,41.979150075518895],[-122.43908473134367,41.97915898635753],[-122.43864776969465,41.97917237816723],[-122.43821077797173,41.979181284594624],[-122.43777378703993,41.97919018881545],[-122.43733227496769,41.97919912034732],[-122.43689531626222,41.979212503318166],[-122.43645832766721,41.979221400898396],[-122.43602133986363,41.97923029627208],[-122.4360169016679,41.979640549411656],[-122.43601686436219,41.98004632275542],[-122.43601242552316,41.98045658471268],[-122.4360124181962,41.980866850159785],[-122.43600797134606,41.98127255657493],[-122.43600796346037,41.98168283083774],[-122.43600349280808,41.982088626950194],[-122.43600350752861,41.982498829050314],[-122.43599903623868,41.98290463388339],[-122.43644049363027,41.98289573618101],[-122.43687745268419,41.982886784749276],[-122.4373188810282,41.98287339894808],[-122.43776034079193,41.982864494514665],[-122.43819733850411,41.98285110527512],[-122.43863879983085,41.98284219636226],[-122.43907579899613,41.982828802692765],[-122.43951726188557,41.98281988930044],[-122.43995872558399,41.98281097365606],[-122.44039572695549,41.98279757332912],[-122.44083719221612,41.982788653205226],[-122.44091297986868,41.982784221115494],[-122.44090851875828,41.983194459673975],[-122.44090852559414,41.98360027023574],[-122.44090858636027,41.98401048789377],[-122.44090409328177,41.984416255907476],[-122.44090403224082,41.98482202705583],[-122.44090409219348,41.985232257909864],[-122.44090403064124,41.98563803777548],[-122.44089956734412,41.986048307164054],[-122.44089959547046,41.98645406722959],[-122.44089960310771,41.98689549440726],[-122.44089511857791,41.9873414405764],[-122.44089512556567,41.987782878066554],[-122.44089516325214,41.9882288049284],[-122.44089073686249,41.988670253937535],[-122.44089070681689,41.9891161387422],[-122.44089071255239,41.9895575968555],[-122.44088624898383,41.990003493284235],[-122.44088621359344,41.99012389149259],[-122.4412830933977,41.99010609485885],[-122.44167993766318,41.99009272840006],[-122.44207228245484,41.99007930892213],[-122.44246925398923,41.990061478349325],[-122.44286166690559,41.990048107778314],[-122.44325848209431,41.99003024965106],[-122.44365089605449,41.99001687551281],[-122.44404774353701,41.99000349822812],[-122.44449363776599,41.989985667253734],[-122.44493953263543,41.98996783399104],[-122.44538542814527,41.98994999844005],[-122.4458313558015,41.98993664503413],[-122.44627281961365,41.989918806389475],[-122.44671871708286,41.989900963993385],[-122.44716461519218,41.989883119308985],[-122.44761054563457,41.989869756758026],[-122.44805644507065,41.98985190749392],[-122.44850234514657,41.98983405594148],[-122.44894831295333,41.98981625456939],[-122.44939417909812,41.98980283038173],[-122.44983562490272,41.989785054628086],[-122.45028152757658,41.989767193942114],[-122.45072743088986,41.98974933096777],[-122.45072744449384,41.990003526081864],[-122.45072299256445,41.990449455109214],[-122.45071856338105,41.990895308371044],[-122.45071411065433,41.991341247868036],[-122.45070959043196,41.99178714013038],[-122.45070513690693,41.992233090097415],[-122.45070070612903,41.99267896429517],[-122.45070077550842,41.993124894479536],[-122.45069625373459,41.99357080767845],[-122.45069182180757,41.99401669757706],[-122.45068729923423,41.99446262124401],[-122.45068286650957,41.99490852161003],[-122.4506784333866,41.995354427209584],[-122.45067399986517,41.995800338042706],[-122.45066947569354,41.99624628264563],[-122.45066500940281,41.99668771872569],[-122.45066500855958,41.99713364348357],[-122.45066050638744,41.99757952272046],[-122.45065616117725,41.99802543113065],[-122.45065165820716,41.998471320832685],[-122.45064722194455,41.998917268246885],[-122.45064271817549,41.9993631684145],[-122.45063821400655,41.99980907381463],[-122.45063379969824,42.000254955907955],[-122.45063379608037,42.00070092252658],[-122.45062938102188,42.001146815084034],[-122.45062487530207,42.001592741413745],[-122.4506204594466,42.002038644435345],[-122.45061604319311,42.00248455268887],[-122.45061146916206,42.00293044223058],[-122.45060705211081,42.00337636094774],[-122.45060263466152,42.00382228489687],[-122.45059814969888,42.00426816159102],[-122.45059816610748,42.00471409427007],[-122.45014776573646,42.00472301946955],[-122.44970192293754,42.00473639826713],[-122.44925595882675,42.00474531713883],[-122.4488055255371,42.004758669041095],[-122.44835972042492,42.00476760724371],[-122.4479137587554,42.004776519199886],[-122.44746782949848,42.00478991504049],[-122.44701752512312,42.00479879541277],[-122.44657159738757,42.00481218664076],[-122.44612563893993,42.00482108938516],[-122.44567971271722,42.004834476023],[-122.44522938843677,42.004843428122996],[-122.44478343243132,42.004852323951965],[-122.44433759878174,42.004865675144444],[-122.44388718669722,42.004874648797724],[-122.44344135456957,42.004887995378525],[-122.44299540178764,42.00489688199633],[-122.4425494809022,42.00491025252305],[-122.44209907207421,42.00491921687269],[-122.44165318883825,42.0049281490698],[-122.44120727025518,42.00494151268768],[-122.44075695416807,42.0049504415201],[-122.44075690680653,42.005369542727784],[-122.44075240145678,42.00578873081569],[-122.44074798602344,42.00620789499286],[-122.44074797399449,42.00662257614815],[-122.44074355789334,42.00704174952022],[-122.44073907433057,42.00746087501555],[-122.44073909227508,42.00788005639939],[-122.44073464428753,42.00829475702698],[-122.44073457569537,42.008352715505595],[-122.44031991991965,42.00835714238373],[-122.43990521098785,42.00835716168819],[-122.43949050293158,42.00835717900077],[-122.43908028438423,42.00836159875941],[-122.43866557802701,42.008361612110505],[-122.43825090314219,42.00836611009354],[-122.43783619849293,42.008366119461805],[-122.43742145812844,42.00837056096122],[-122.43700684546884,42.008370537814756],[-122.43659210672766,42.00837497533305],[-122.43617740549654,42.00837497673551],[-122.4357672069392,42.008375027672486],[-122.4353212704337,42.00837944195726],[-122.43487531166477,42.00838393497539],[-122.43442944409688,42.00838839716328],[-122.43398354730034,42.008388370415055],[-122.43353759133771,42.008392856528765],[-122.4330917265766,42.00839731181363],[-122.43264583272756,42.00839727815861],[-122.43219987957185,42.00840175736799],[-122.43175401761825,42.008406205749935],[-122.43130810352655,42.0084062462219],[-122.43086215317777,42.00841071852696],[-122.4304162940316,42.00841516000598],[-122.42997031579661,42.008415141061924],[-122.42952445853862,42.00841957793849],[-122.42907851191892,42.008424041038225],[-122.4286326037202,42.00842406769595],[-122.42818665898815,42.00842852619227],[-122.42774080545979,42.00843295386538],[-122.4272949002083,42.008432973616316],[-122.42684895828538,42.0084374252086],[-122.42640301728353,42.008441874499745],[-122.42595714428572,42.00844637400208],[-122.42550674139137,42.00844633248282],[-122.42506087029052,42.00845082735971],[-122.42461049857302,42.008455267828296],[-122.42416460020516,42.008455271417425],[-122.42371423040635,42.008459707213895],[-122.42326836305367,42.00846419284147],[-122.42281794294443,42.008464218331504],[-122.42237201041179,42.00846864681851],[-122.42192614587756,42.008473125520034],[-122.42147578080068,42.008477549649854],[-122.42102979904546,42.00847756556987],[-122.4210342953839,42.00836610992362],[-122.42105658048453,42.00792018535431],[-122.42108329909115,42.00747426579396],[-122.4211101741922,42.007028375464074],[-122.42113245689423,42.00658246658767],[-122.42115917296547,42.006136562718574],[-122.42118141583536,42.00569509813573],[-122.42120822051632,42.00524917616293],[-122.42120372989133,42.004843431634505],[-122.42120369626655,42.00443761018843],[-122.42120372945703,42.004031845584315],[-122.42120376239284,42.00362608531098],[-122.42119929416975,42.00322027708073],[-122.42119932663893,42.00281452546874],[-122.42119929178709,42.002408725679594],[-122.42119925668186,42.00200293022227],[-122.42119485471989,42.00159719182186],[-122.42119478093592,42.001195838333444],[-122.421194812179,42.000790108328594],[-122.421194866371,42.00038430164029],[-122.42119039654119,41.999978528008405],[-122.42119036000076,41.99957275849218],[-122.42119041347124,41.99916696479967],[-122.42118594304876,41.99876120416028],[-122.4211859057895,41.998355447638815],[-122.42118589147879,41.99794961444013],[-122.42075334872084,41.997954111932266],[-122.4203164255374,41.997963011851105],[-122.41988381741363,41.99796745249011],[-122.41945136747403,41.99797191496163],[-122.41901432783577,41.99797635137079],[-122.4185817893719,41.99798083799601],[-122.41814925177198,41.99798532245652],[-122.41771221476569,41.99798975228107],[-122.41727976916638,41.99799420388657],[-122.41684719553088,41.99800311477043],[-122.41641022816444,41.99800759051771],[-122.41596430506047,41.99801209244504],[-122.41551397292042,41.99801651098447],[-122.41506798461884,41.998020955780554],[-122.41462215455249,41.99802542228198],[-122.41417173495545,41.99802986232755],[-122.41372584456632,41.99803883816045],[-122.41327995018057,41.99804324523126],[-122.41282960038957,41.99804773079147],[-122.41238368464144,41.9980522142452],[-122.4119332696774,41.99805664262566],[-122.41148735578308,41.998061121454676],[-122.4110414428106,41.99806559798296],[-122.41059105841167,41.99807450483414],[-122.41014523751086,41.998078948243474],[-122.40969932726806,41.99808341784829],[-122.40924891787164,41.998087832239975],[-122.40880300948369,41.998092297220204],[-122.40835710201806,41.99809675989977],[-122.40790667220459,41.998101248302305],[-122.40746079402288,41.99811019183392],[-122.4070103892631,41.9981145945605],[-122.40656455249784,41.99811910050609],[-122.4061186496176,41.99812355163771],[-122.40566822443733,41.998128028375184],[-122.40522232341245,41.99813247488228],[-122.40477642331054,41.99813691908879],[-122.40432611830333,41.998145845828425],[-122.40388012974495,41.99815031390167],[-122.40342979946554,41.998154750485035],[-122.4029838127631,41.99815921393292],[-122.40253791724979,41.99816364659144],[-122.4020875665433,41.99816815718583],[-122.40208756688268,41.99858285725295],[-122.40208310713028,41.9989930754852],[-122.40208308004094,41.999403298912846],[-122.40207861964014,41.99981352600175],[-122.40207870910898,42.00022821553339],[-122.40207424805759,42.00063845152711],[-122.40206978666075,42.001048691949414],[-122.40206975813949,42.00145893756442],[-122.40206525589814,42.00187362025284],[-122.40206522681001,42.00228387477136],[-122.40206085438815,42.002694104464176],[-122.40206082473722,42.00310436783809],[-122.40205638463141,42.00351455386221],[-122.40205188072746,42.003929258979504],[-122.40205194048593,42.00433950719217],[-122.40204747614389,42.004749787564876],[-122.40204746830076,42.005159992105575],[-122.4020429630831,42.00557471517546],[-122.40204746520243,42.00601614823006],[-122.4020518768298,42.006457614902004],[-122.40205194474773,42.006899057448166],[-122.40205635591013,42.00734053436903],[-122.40206079010487,42.00778193538868],[-122.4020608572135,42.008223393308654],[-122.40206535798971,42.0086648571061],[-122.40162828990971,42.00866934211865],[-122.40119127266352,42.00867823063022],[-122.40075873053567,42.008682683548734],[-122.40032178195708,42.00869162020073],[-122.39988476712925,42.008700502113335],[-122.39944779361566,42.00870494760943],[-122.39901528136613,42.00871387854995],[-122.39857821927782,42.00871834814335],[-122.39814127474834,42.0087272737832],[-122.39770430467372,42.00873171046686],[-122.39726727148727,42.008740660183655],[-122.39682144712329,42.00875849813413],[-122.39637105842478,42.008780795464794],[-122.39592507798412,42.008798604772615],[-122.39547473139037,42.00881646323832],[-122.39502881928235,42.0088343204831],[-122.3945784329767,42.00885660853645],[-122.39413261240921,42.00887443269692],[-122.39368663516241,42.00889223051866],[-122.39323629180069,42.00891007738543],[-122.39279040870557,42.0089324099294],[-122.39233999957911,42.008950199614226],[-122.39189409191312,42.00896804077826],[-122.39144366084044,42.008985906842156],[-122.39099778010448,42.009008230202376],[-122.39054744058984,42.00902606313872],[-122.39010153547171,42.00904389510686],[-122.38965115573598,42.00906615766142],[-122.38920525186956,42.00908398503301],[-122.38875482464516,42.009101837163925],[-122.38830892207687,42.0091196599359],[-122.38785861176228,42.00914196575697],[-122.38742607852794,42.00915984098677],[-122.38698904518763,42.00917765999473],[-122.38655653642323,42.00919544987277],[-122.38611957132173,42.00921331705349],[-122.38568253981099,42.009231129491965],[-122.3852500095794,42.00924899389337],[-122.3848130463051,42.009266854505704],[-122.38437601662379,42.00928466037468],[-122.38394348819571,42.00930251827473],[-122.38350645973192,42.00932031977142],[-122.38307393250416,42.00933817334451],[-122.38263697227433,42.00935602301696],[-122.3822000126566,42.00937387049263],[-122.38220896548906,42.00895916260991],[-122.38221335178517,42.00854892016726],[-122.38221787032519,42.00813421951268],[-122.38222229822108,42.00771955185628],[-122.38223118241864,42.00730480947634],[-122.38223569985671,42.006890122393855],[-122.3822400843719,42.0064799022793],[-122.38224460110757,42.006065224195666],[-122.38224905047974,42.005650498092486],[-122.3822490910759,42.00524026110786],[-122.38225353978955,42.00482554400498],[-122.38225348953479,42.00441534439401],[-122.3822579375909,42.0040006362911],[-122.3822579770531,42.003590417109734],[-122.38225799150155,42.003175716228924],[-122.38226239633993,42.002765455188],[-122.38226241021594,42.002350763306765],[-122.38226688432896,42.00190483350213],[-122.38226683499242,42.00145893561873],[-122.38227130835092,42.0010130162776],[-122.38227134862927,42.00056710038689],[-122.38227584600634,42.00012567727485],[-122.38227572834991,41.99967974772701],[-122.38228020020256,41.999233849260996],[-122.38228023915919,41.99878795424287],[-122.38228471025658,41.998342066240504],[-122.38228468155161,41.99789612915198],[-122.3822892421629,41.99745022314738],[-122.38228921279604,41.99700429652333],[-122.38229361538677,41.996558376918664],[-122.38229358535966,41.996112460759264],[-122.38229814445789,41.99566657568515],[-122.382298113769,41.995220669990076],[-122.38230260511597,41.99477474285246],[-122.382302573766,41.994328847622235],[-122.38230706435779,41.993882930951386],[-122.38230703234682,41.993437046185974],[-122.38231148001516,41.992995572379556],[-122.38231153760462,41.992549669564234],[-122.38231586944222,41.9921037497124],[-122.38231592636957,41.99165785736302],[-122.38231591599938,41.991211917722445],[-122.38187897218526,41.99120749042214],[-122.3814419377082,41.99119852367159],[-122.3810049960759,41.991194091946845],[-122.3805679885255,41.99118960548521],[-122.38012650250965,41.991180711173904],[-122.37968956413779,41.99117627279005],[-122.3792525598501,41.99117177966834],[-122.3788155333594,41.99116736531843],[-122.3783785737703,41.991158435582975],[-122.3779370508737,41.991153962261045],[-122.37750011790011,41.99114951279387],[-122.37706311901457,41.991145008587196],[-122.37662614066373,41.99113615096362],[-122.37618914396235,41.991131642332],[-122.37574769349949,41.99112721033937],[-122.37531065156858,41.99111829352698],[-122.374873725109,41.991113830764654],[-122.37443670946186,41.99110939424399],[-122.3739997181645,41.99110487452775],[-122.37355831621272,41.99109599915039],[-122.37312130382844,41.99109155596972],[-122.3726842255397,41.99108705804534],[-122.37224725848748,41.99107817825259],[-122.37180581789787,41.99107372609954],[-122.37136890010322,41.991069245595895],[-122.37093189312097,41.99106479133035],[-122.3704948636124,41.991055850133286],[-122.37005785881482,41.99105139144247],[-122.36961642368101,41.99104692809234],[-122.36917942103298,41.9910424649542],[-122.36874246300974,41.99103356741797],[-122.3683054625463,41.991029099855],[-122.36786846315266,41.99102463007963],[-122.3678684337158,41.99146162452098],[-122.36787283543673,41.991898626523295],[-122.36787735052522,41.992340089977546],[-122.3678818420945,41.992777073631586],[-122.36788181160699,41.993214088224995],[-122.36788625905794,41.99365551441939],[-122.36789074996616,41.994092513196264],[-122.36789524067048,41.99452951699669],[-122.36789525572476,41.99497095593738],[-122.36789967900052,41.99540791729607],[-122.36790416904391,41.9958449362186],[-122.36790418329143,41.99628639043748],[-122.3679086059042,41.996723366916584],[-122.36791302831168,41.99716034841816],[-122.3679174737973,41.99760182043837],[-122.3679174637007,41.998038809513865],[-122.36792197571806,41.99847577768311],[-122.36792648180958,41.9988905087147],[-122.367930920744,41.99930519172376],[-122.36793083695653,41.9997199051894],[-122.36793527548659,42.0001345972446],[-122.36793980411447,42.00054926536827],[-122.3679398536068,42.000959530606885],[-122.3679442915568,42.00137423618177],[-122.36794872932653,42.00178894627916],[-122.36794866741049,42.002203605834836],[-122.36751614459267,42.00219916144085],[-122.36708362282323,42.00219471487956],[-122.36664666961026,42.00219026356986],[-122.36621408296847,42.0021857601004],[-122.3657815643557,42.00218130701471],[-122.36534904679158,42.002176851761746],[-122.36491209782562,42.00217239167138],[-122.36447949208726,42.00216796051342],[-122.36404697767996,42.002163498736095],[-122.36361446432166,42.00215903479156],[-122.36317751960308,42.00215456592059],[-122.36318191065298,42.00256928553033],[-122.36318639180587,42.002983981211656],[-122.36319080580245,42.0033986288595],[-122.36319971917717,42.00381333633977],[-122.36320419983396,42.00422804558547],[-122.36320868031122,42.00464275935317],[-122.36321309362968,42.005057425085205],[-122.36321757374722,42.00547214789633],[-122.36322198670476,42.00588682267071],[-122.36279398342693,42.005886815576275],[-122.36236591344532,42.00589132129823],[-122.36193784502231,42.0058912574018],[-122.36150975422693,42.00589127239506],[-122.36108166437074,42.00589128526617],[-122.36065359792177,42.005895782504325],[-122.36022560019033,42.00589576268178],[-122.35979751310727,42.00589576918775],[-122.35936942696367,42.0058957735716],[-122.35894129707407,42.00590020976427],[-122.35851321276539,42.005900209904425],[-122.35806287570051,42.00590022129433],[-122.3576169275233,42.005904667307625],[-122.35717102514181,42.005904677086],[-122.35672069112927,42.005904681477396],[-122.35627474583569,42.005909120563196],[-122.35582884647685,42.00590912341201],[-122.3553785155174,42.00590912080499],[-122.35493264007567,42.005913605528804],[-122.35448674373959,42.00591360144851],[-122.35403625857467,42.00591356772125],[-122.35359038601585,42.00591804551838],[-122.35315790238882,42.005922502376194],[-122.35272085144808,42.005931416164636],[-122.35228836952449,42.00593586867305],[-122.35185575275923,42.00594478140362],[-122.35141886149428,42.005953712742475],[-122.35098629180567,42.00595818717971],[-122.35055376772671,42.005967064960544],[-122.3501212210948,42.00597602158922],[-122.34968422142725,42.00598048608945],[-122.3492516997424,42.0059893573622],[-122.34881915550247,42.00599830748256],[-122.34838215839136,42.006002765402506],[-122.34794961576407,42.006011711175944],[-122.34751709725398,42.00602057377937],[-122.3470801696553,42.006025077690914],[-122.3466475624658,42.00603396438435],[-122.34621506901335,42.00603846752569],[-122.34578246342966,42.00604734989377],[-122.34534549317296,42.00605627900479],[-122.3449129352965,42.00606072306025],[-122.34448039906027,42.00606965149268],[-122.34404343122469,42.006078574028784],[-122.34361094282895,42.00608306414559],[-122.34362434209955,42.00650664508017],[-122.3436376510613,42.00693025916085],[-122.34365105030659,42.0073538495203],[-122.34366442619375,42.00777752560346],[-122.34367782541443,42.0082011253884],[-122.3436912039527,42.00862024304105],[-122.34370460315027,42.00904385220066],[-122.34370454070843,42.009418446680655],[-122.34370904511844,42.00979742612798],[-122.34370459197551,42.01024339185589],[-122.34370016177911,42.01068928179713],[-122.34369564087628,42.011135205404706],[-122.34369120987752,42.01158110580455],[-122.34368673216669,42.01203144609745],[-122.34368673339613,42.01247736075092],[-122.34368230123718,42.012923276889815],[-122.3436778686774,42.01336919825793],[-122.34367343571682,42.01381512485526],[-122.34366895602453,42.01426549160627],[-122.34366445529544,42.01471137612782],[-122.34366002112768,42.01515731846434],[-122.3436555195949,42.01560321344264],[-122.34365554137926,42.01604908894719],[-122.34365105970399,42.01649948215454],[-122.34364655700824,42.01694539286897],[-122.34365110402852,42.017382417266845],[-122.34365997110434,42.01782383316839],[-122.3436644507915,42.01826081506205],[-122.34367336395178,42.01869780570729],[-122.34367786387553,42.01913928572022],[-122.34368677676076,42.019576286449194],[-122.34369118874672,42.020013235869484],[-122.34370012195244,42.02045473487027],[-122.34370453356996,42.020891694374704],[-122.34371348985059,42.0213331225219],[-122.3437179680733,42.02177014470545],[-122.34372681315982,42.02220712303591],[-122.343731334957,42.02264856270898],[-122.34374024674199,42.02308560371833],[-122.34374474758995,42.023522564975835],[-122.34375361270247,42.02396405207195],[-122.34375811318404,42.02440102341224],[-122.34417725732492,42.02440100926018],[-122.34459187774321,42.02440101784483],[-122.34501109065661,42.0244010522444],[-122.34542580318377,42.024401028376246],[-122.34584495091136,42.02440100612988],[-122.34626409954008,42.024400981849105],[-122.3466787913806,42.024401033011365],[-122.34707567973507,42.0244010153872],[-122.34747247856392,42.02440102439047],[-122.3478693685343,42.024401003118605],[-122.34826616897907,42.02440100847497],[-122.34866312755017,42.02440103615082],[-122.34866314346745,42.024427782097895],[-122.34842230378581,42.024548151497974],[-122.3483018823909,42.02461062098225],[-122.3480789431504,42.024619526396485],[-122.34790059560811,42.02462846201551],[-122.34773117659161,42.024668558105624],[-122.34756169749927,42.02476217473104],[-122.34723170433489,42.024918284899954],[-122.34703112814634,42.02504313995963],[-122.34683039365092,42.02516797083574],[-122.34646914695814,42.02534188081492],[-122.34626862778997,42.025489046052776],[-122.34599203916561,42.02565847368761],[-122.34580039756804,42.02576997424697],[-122.34547033759493,42.02589035726192],[-122.34526082150003,42.02606872700139],[-122.34502892845104,42.02618022709063],[-122.34481046732698,42.026309531502996],[-122.34452951945872,42.02642992027323],[-122.34416830306402,42.026599390359884],[-122.3439007847706,42.026800003633696],[-122.3436288063775,42.02700069450724],[-122.3434414963337,42.02712107053335],[-122.3431516187266,42.02732172258223],[-122.34298221416816,42.02746888595555],[-122.34275482288827,42.027553611343556],[-122.34253186554031,42.027638340114486],[-122.34246934460322,42.027660607582256],[-122.34222858128639,42.02779884589687],[-122.3420502303177,42.02795936395602],[-122.34187630122464,42.02809313754434],[-122.3414348625225,42.028093150404956],[-122.34099340455977,42.0280886718627],[-122.34055196790423,42.028088680209436],[-122.34011496681846,42.028088690201365],[-122.33967353215338,42.02808869405782],[-122.33923209848874,42.028088695657814],[-122.33879066582452,42.02808869500134],[-122.33834923416087,42.02808869208844],[-122.33790771315442,42.02808871536358],[-122.33746628349203,42.02808870793737],[-122.33702485483045,42.02808869825475],[-122.33658331702846,42.028084225604374],[-122.33614195738579,42.028084264018084],[-122.33570053177263,42.02808424756536],[-122.3352590168166,42.02808425729799],[-122.33481759320563,42.0280842363321],[-122.33437608025179,42.02808424155068],[-122.33393465864332,42.02808421607166],[-122.33349321465863,42.02808426938877],[-122.33305179505231,42.02808423939703],[-122.33261033368798,42.02807979903953],[-122.33216891613048,42.02807976453427],[-122.33173184360693,42.028079760542965],[-122.331290495006,42.02807977416166],[-122.33084899009819,42.02807976134734],[-122.330407553154,42.028079798890865],[-122.3299660502492,42.028079781562624],[-122.32952470565183,42.02807978615715],[-122.32908320475038,42.02807976431548],[-122.32908766206212,42.02852124690465],[-122.32909205220216,42.028962681995665],[-122.32909659943996,42.02940414638601],[-122.32910098915757,42.02984559171306],[-122.32910546901311,42.030287013720944],[-122.32910542371621,42.0307284648209],[-122.32910997006901,42.03116994968477],[-122.32911444924798,42.0316113870463],[-122.32911883786298,42.032052857963585],[-122.32912331662065,42.03249430556006],[-122.32912779516809,42.032935758273844],[-122.32913220653764,42.03337716348178],[-122.32913668466401,42.03381862642967],[-122.32914116258014,42.034260094494925],[-122.32914564028604,42.034701567677565],[-122.32915005081136,42.03514299335204],[-122.32915452809608,42.0355844767689],[-122.32915902856121,42.03602588423484],[-122.3291634384534,42.03646732525829],[-122.32916786709515,42.036913261607616],[-122.32916793164722,42.037354680024144],[-122.3291723408572,42.03779613644912],[-122.32917674985548,42.0382375979904],[-122.32918124901018,42.038679036204336],[-122.32918574795505,42.03912047953392],[-122.32919015632022,42.039561956423604],[-122.3291946548446,42.04000340998491],[-122.32919471755868,42.040444864219346],[-122.32919916757716,42.04089076605823],[-122.32919907237725,42.04133220639004],[-122.32920356996594,42.04177368046736],[-122.32920800036385,42.04221510702534],[-122.32920806170208,42.04265658689524],[-122.3292125105579,42.04310251462326],[-122.3292169402746,42.043543956578674],[-122.32921693381208,42.0439853992129],[-122.32922145344087,42.044426822950314],[-122.32922588247898,42.04486828025031],[-122.32922589411277,42.04531422943176],[-122.32923034607715,42.04575561592495],[-122.32923477443349,42.046197088621135],[-122.329234766335,42.04663856200137],[-122.329239284609,42.04708001647766],[-122.32923922786195,42.04752593890812],[-122.32924367867773,42.047967351022436],[-122.3292481962729,42.04840882089316],[-122.32924811980477,42.04885026725917],[-122.32925263693357,42.04929174735888],[-122.32925703875546,42.04973761900367],[-122.32925711885049,42.05017910495864],[-122.3292615683078,42.0506205478062],[-122.32926601755429,42.051061995766794],[-122.32926602984134,42.05150344441906],[-122.32927047862029,42.05194490260669],[-122.32927487906359,42.052390805292745],[-122.32927489053111,42.05283226933918],[-122.32927942902798,42.05327371446323],[-122.32928380991733,42.053715140504636],[-122.32972976505982,42.053715165638806],[-122.33017570226706,42.05371069628147],[-122.33062607741056,42.05370622897168],[-122.33107187813452,42.05370622298405],[-122.33151781818216,42.05370174670115],[-122.3319682631979,42.05369732504531],[-122.33241415730153,42.053697283671696],[-122.33286000978978,42.05369282892158],[-122.33331045767753,42.053688400269664],[-122.3337562643606,42.05368838042756],[-122.33420227709405,42.05368394293922],[-122.33464808577165,42.05368391849401],[-122.33509410040834,42.05367947640246],[-122.33553997808806,42.0536794999997],[-122.33598583722082,42.05367502912175],[-122.33643180729486,42.05367501965259],[-122.33687325084301,42.053675032316676],[-122.33731911284151,42.05367055455863],[-122.33776508592089,42.053670538204834],[-122.3382110168323,42.053666108488514],[-122.33865690150827,42.05366611599465],[-122.33910278720482,42.05366612119855],[-122.33910274912814,42.054094150162165],[-122.33910279767116,42.05452672884447],[-122.33909832169049,42.05495476356436],[-122.33909830259573,42.05538729937183],[-122.33909833034551,42.05581540031518],[-122.33909831067255,42.05624794589113],[-122.33909836123787,42.0566759753878],[-122.33909834098694,42.057108530731384],[-122.339098300575,42.057536598362304],[-122.33909837015271,42.05796913500483],[-122.33909832916832,42.05839721230203],[-122.33909380300597,42.0588297306269],[-122.33909385181353,42.0592577891208],[-122.33909392019319,42.059690345297625],[-122.33909387801869,42.06011844192765],[-122.33909387879835,42.06055095521957],[-122.33909392646468,42.06097903304404],[-122.33909382784472,42.061384812542116],[-122.3390982574234,42.06179057178777],[-122.33909831577424,42.062196384106215],[-122.33910274496833,42.062602151988386],[-122.33910273582416,42.06300792029055],[-122.3391072550524,42.063413668335386],[-122.33910724543956,42.0638194452748],[-122.33911167386407,42.0642252304287],[-122.33911610211702,42.064631019900204],[-122.33911176368903,42.06504127093341],[-122.33911168606222,42.065447012537525],[-122.33911167520992,42.065852811119],[-122.33911166410175,42.06625861401966],[-122.33911169594337,42.066668833801195],[-122.33911168432104,42.06707464538723],[-122.33911169583696,42.067480380154485],[-122.33911172690162,42.067890613081154],[-122.33911171450947,42.068296437671],[-122.33911174912686,42.06874231063036],[-122.33911174024537,42.069183775950236],[-122.33911168381671,42.069629687763616],[-122.33911171751188,42.070075576312874],[-122.33911166046437,42.070521498554776],[-122.33911613253521,42.070967401416205],[-122.3391162126099,42.07140886401615],[-122.33911615468433,42.07185480184812],[-122.3391161198462,42.0723006637463],[-122.33911615174048,42.07274658352571],[-122.33911616355668,42.07318801405228],[-122.33911619483771,42.07363394420686],[-122.33912066512625,42.07407988345442],[-122.3391206287929,42.07452577136503],[-122.33912059215005,42.07497166448835],[-122.33912060248754,42.075413120767735],[-122.33912063227581,42.07585907693741],[-122.33912068515596,42.07630495716419],[-122.33912064728037,42.076750871086816],[-122.33912502898951,42.07719229915759],[-122.3391250809941,42.077638194968074],[-122.33912504224003,42.07808412447551],[-122.33912509362841,42.07853003071062],[-122.33912505425614,42.0789759706434],[-122.33912508529785,42.07941739210249],[-122.33912513576516,42.07986331392194],[-122.33912502841584,42.080309216761286],[-122.3391295182745,42.08075515287285],[-122.33912950080894,42.08120103764793],[-122.33912953037297,42.081642484851876],[-122.3391295122928,42.082088379997145],[-122.33912956095989,42.08253433303537],[-122.3391295422622,42.082980238603426],[-122.33953093079647,42.08297132063829],[-122.33993662251875,42.0829668760596],[-122.34033794536228,42.08295790166951],[-122.340739265339,42.082953502204255],[-122.34114058954096,42.08294452409194],[-122.34154191096194,42.08294012090147],[-122.34194330358346,42.08293119174708],[-122.34234455938703,42.0829267321512],[-122.34275034670961,42.08292224587865],[-122.34311594742492,42.08291336732886],[-122.3434861230286,42.082908876814116],[-122.34385176845734,42.08290440958638],[-122.34403461267533,42.08321656994973],[-122.34414163622026,42.08331467213858],[-122.34421731128354,42.083350321249945],[-122.34438230759085,42.08339938674579],[-122.34474801530251,42.08347519676293],[-122.34510918283283,42.08352424278599],[-122.34534999368027,42.08349746737991],[-122.34559071406123,42.08347071982177],[-122.34583604996197,42.083457352452776],[-122.34613473286372,42.083461794073365],[-122.34643801427218,42.08346626232884],[-122.34667871862823,42.0834840953386],[-122.3469240680304,42.083497512335846],[-122.34697315859188,42.08350640357486],[-122.34737443047227,42.08337261286703],[-122.34777574709662,42.08323437784741],[-122.34817706192392,42.083096141506125],[-122.34858281540714,42.08295790722153],[-122.34898419370721,42.08281972089104],[-122.34898411998388,42.08326560392711],[-122.34897967248372,42.08371154149295],[-122.3489797092928,42.084161902191596],[-122.34897963459181,42.08460780091299],[-122.3489752764408,42.085053725667464],[-122.34897520107499,42.08549963481112],[-122.34897077509295,42.085945517310975],[-122.34897078952861,42.08639140837484],[-122.34897071318808,42.08683733315058],[-122.34896630680974,42.087287727391555],[-122.34896632027056,42.08773363413908],[-122.34896633342315,42.08817954609666],[-122.34896190521742,42.088625459914894],[-122.34896185062557,42.089071329610476],[-122.34896186280638,42.08951725719843],[-122.34895743349006,42.089963186649044],[-122.34895739861744,42.09041356844963],[-122.34895290145744,42.090859455689085],[-122.34895300278572,42.091305375665065],[-122.34895294624341,42.0917512766697],[-122.34894844797095,42.092197179539006],[-122.34894854833028,42.09264311514372],[-122.34894849081418,42.09308903177637],[-122.34894408191147,42.093534921768594],[-122.3489439773101,42.09398529302729],[-122.34894400930011,42.09443119683165],[-122.34893959928381,42.094877102503965],[-122.34893954012554,42.09532304523433],[-122.34893506226219,42.09576890863381],[-122.34893509292642,42.096214833273066],[-122.34893512328274,42.09666076312079],[-122.34893066495461,42.09711113941121],[-122.34893062755101,42.097557027034156],[-122.34938100731868,42.09755703627495],[-122.34982689977168,42.09756148449917],[-122.35027728165524,42.09756148906456],[-122.35072766457834,42.09756149128093],[-122.35117800232356,42.09756593577008],[-122.35162838737232,42.09756593328778],[-122.3520743523858,42.09757042259481],[-122.35252473955033,42.09757041543665],[-122.35297503726376,42.09757043444379],[-122.3534253805221,42.097574867208124],[-122.35387132875957,42.097574849920164],[-122.3543217413278,42.09757933069847],[-122.3547720432814,42.097579340333176],[-122.35522243676385,42.09757931910289],[-122.35567285263802,42.09758379283115],[-122.3561187156121,42.097583792452554],[-122.35656913369489,42.09758826150393],[-122.35701944092668,42.09758825941734],[-122.35746983968644,42.09758822646339],[-122.35791572839928,42.09759271410977],[-122.3583660387835,42.097592705000096],[-122.35881646237888,42.097597162324675],[-122.35881648260283,42.09803863778249],[-122.35881643541386,42.0984800656572],[-122.3588164550335,42.09892155132378],[-122.35881205534233,42.099362958058926],[-122.35881200719966,42.09980440124513],[-122.3588119587538,42.1002458495349],[-122.35881202216385,42.10069177207288],[-122.35881197310967,42.10113323062142],[-122.35881201425,42.10157466574996],[-122.3588119645903,42.102016134505355],[-122.35881200512698,42.1024575798401],[-122.3588120453623,42.1028990302778],[-122.35880755199224,42.10334051152438],[-122.35880754610181,42.103786417506164],[-122.35880751826305,42.1042278306097],[-122.35880755724179,42.104669301511215],[-122.35880752879817,42.105110724819006],[-122.35880756717337,42.10555220592601],[-122.35880753812485,42.10599363943812],[-122.35880750877355,42.10643507805211],[-122.35880750074216,42.10688102016446],[-122.35880311807674,42.1073224376934],[-122.35880308776923,42.1077638916655],[-122.3588030571589,42.108205350739546],[-122.35880311675864,42.108646786386444],[-122.35880308554349,42.10908825566409],[-122.35880305402543,42.10952973004374],[-122.35880306719443,42.1099756270528],[-122.35880312558483,42.11041708315703],[-122.35880302602693,42.110858520188906],[-122.3587986401849,42.1112999836891],[-122.35879863049392,42.11174140239218],[-122.358798687632,42.1121828789018],[-122.35919993390998,42.11218286493475],[-122.35960122647263,42.112178402789674],[-122.36000258690939,42.112173991486934],[-122.36040388095412,42.11216952561545],[-122.36080966468872,42.11216947835936],[-122.36121102740005,42.112165061444124],[-122.3616123237173,42.11216058996111],[-122.36201364270104,42.112160615626834],[-122.36243725006301,42.112156124973474],[-122.36286536920217,42.11215168754312],[-122.363288978233,42.11214719271536],[-122.36371705402702,42.11214719737058],[-122.36371698181577,42.112552981698855],[-122.36371702196938,42.112963240902396],[-122.36371703976529,42.11336900535998],[-122.36371701225963,42.11377922062131],[-122.36371702954249,42.11418499374467],[-122.36371706866002,42.11459527047244],[-122.36371701828698,42.11500099955594],[-122.36371703480177,42.11540678565442],[-122.36371700599872,42.115817022793884],[-122.36416738556488,42.115812590610986],[-122.36461332184619,42.11580815358113],[-122.36505919190597,42.11580366154407],[-122.36550513003671,42.11579921991267],[-122.36595551335112,42.115794778411335],[-122.36640140855707,42.115794778880904],[-122.36684728236895,42.11579027761775],[-122.36729322425433,42.115785826758746],[-122.3677391670643,42.115781373598736],[-122.3681895551066,42.1157769204538],[-122.36863540924885,42.11577249121365],[-122.3686354253158,42.11616042080636],[-122.36863539659115,42.116552801148806],[-122.3686354121891,42.11694073866326],[-122.36863538298925,42.117333127018284],[-122.3685819347381,42.117319763197266],[-122.36814940150234,42.11736882233169],[-122.3677213126956,42.11741788171624],[-122.36745819139321,42.117498112950585],[-122.36715053311093,42.11756948313913],[-122.36671795810092,42.117698782527874],[-122.36631220843955,42.11788160764538],[-122.36611155807945,42.11805997776754],[-122.36591090620306,42.11823834828344],[-122.36575034847039,42.11856831614322],[-122.36567459489405,42.11883586297795],[-122.36559872749582,42.11909894035698],[-122.3654739220596,42.11931294881618],[-122.36534904707798,42.119531486731354],[-122.36504586637861,42.119834687294905],[-122.36473814649129,42.12013791532775],[-122.36448400779535,42.12045003636638],[-122.36422977503297,42.12076218781103],[-122.36406035218162,42.12095842220369],[-122.3638909061623,42.121159023391506],[-122.36368134203288,42.121328532320376],[-122.36348071386898,42.121435523958965],[-122.36328003950362,42.12153809659269],[-122.36290105160515,42.12167183632576],[-122.36252201673844,42.12180115601551],[-122.36216971781096,42.12191709516503],[-122.36181301808595,42.12202858316905],[-122.36146071660212,42.12214452017799],[-122.36110841382342,42.12226045613255],[-122.36072047974639,42.12241207914444],[-122.36042171724667,42.12251017410922],[-122.36011850898547,42.12260826559442],[-122.35982865542913,42.122719731291276],[-122.35949868562044,42.122817833312766],[-122.35925792894773,42.12291145649122],[-122.35888779736338,42.122991774438354],[-122.35867825446405,42.12300957638337],[-122.35837950540663,42.12297835873049],[-122.35799602090921,42.12288917563702],[-122.35760809395504,42.12279998817329],[-122.35724684215575,42.122688501751824],[-122.35688116944998,42.12258151147541],[-122.3566493098453,42.12251014553352],[-122.3564219631558,42.12243883472263],[-122.3561410160668,42.12234067805849],[-122.3559403091372,42.12230951235849],[-122.35557915794749,42.122309482264626],[-122.35523134575008,42.12238976953366],[-122.35495037764161,42.12250122434637],[-122.35466948966106,42.1226484127018],[-122.35437963068502,42.12284903797618],[-122.35408088187552,42.12312996886131],[-122.35391148237579,42.123401979657594],[-122.35384901426242,42.123638297188],[-122.35384008501573,42.12396827613799],[-122.35375984981624,42.12415108706149],[-122.35364843027352,42.124338406446455],[-122.35337191595768,42.12453009837949],[-122.35313112457354,42.12469065640383],[-122.35290815147106,42.124788779686234],[-122.35261828330597,42.12486904509981],[-122.35253802029503,42.12489130947841],[-122.352431043603,42.12490913585935],[-122.35226161091892,42.12493142332358],[-122.35210993910921,42.12494035536931],[-122.35198957177134,42.124918068996514],[-122.35183796273104,42.12486905381337],[-122.35146787803858,42.124819949509494],[-122.35110221633425,42.1247709281128],[-122.35073211131039,42.12472190201694],[-122.35059387382397,42.124708496565646],[-122.35029059588283,42.12467727496316],[-122.34999187479661,42.124650527525624],[-122.3496753108155,42.12461484630709],[-122.34935874787385,42.12457916395266],[-122.34905998558051,42.12454799410527],[-122.3489217036938,42.12453903378438],[-122.34892177201208,42.12490023444462],[-122.34892168244276,42.12526141431762],[-122.34892170423194,42.12568507038644],[-122.34892174915915,42.12610864988466],[-122.34891725826978,42.12653225931858],[-122.34891721204228,42.12695587673738],[-122.34891725609084,42.12737947031656],[-122.34851151048339,42.12737948825857],[-122.34811021077388,42.12737950762479],[-122.34770439970697,42.12737946903891],[-122.3473031016569,42.12737948465424],[-122.34689726884864,42.1273795235431],[-122.34649590532288,42.12737948267076],[-122.34609016474865,42.12737948923542],[-122.34569776001662,42.12737950425905],[-122.34530535607347,42.1273795174995],[-122.34491304347551,42.12737950042744],[-122.34452053056839,42.12737503779278],[-122.34412821958988,42.12737501715442],[-122.34368674323888,42.12737504119026],[-122.34324969297792,42.12737056570996],[-122.34281275414989,42.127370560329844],[-122.34237128082106,42.1273705776396],[-122.34193434396053,42.12737056781476],[-122.34149292007925,42.12736613253142],[-122.34105589467477,42.12736614678671],[-122.3406188702492,42.12736615883022],[-122.34017749248765,42.127366136398706],[-122.33974045054792,42.127361643150834],[-122.33929898426396,42.12736164475213],[-122.3388619638208,42.12736164790331],[-122.33842054730404,42.1273571969087],[-122.33798352887479,42.12735719561347],[-122.33754651142493,42.12735719210656],[-122.33710511727351,42.12735723523513],[-122.33666808263331,42.12735272643193],[-122.3362266905156,42.12735276506966],[-122.33578967704887,42.12735275267098],[-122.3353527126587,42.1273482899534],[-122.33491125644719,42.12734826912099],[-122.33447424597543,42.12734825006447],[-122.33403276831052,42.12734830600581],[-122.33359580808711,42.12734383439473],[-122.33315435590114,42.12734380457994],[-122.33271741652737,42.12734382937918],[-122.33228036887705,42.12733937962597],[-122.33183891971721,42.12733934308572],[-122.33140189277823,42.127339389743575],[-122.33096044560884,42.12733934871247],[-122.33052346923633,42.12733494281323],[-122.33008202410346,42.1273348972908],[-122.32964509170716,42.12733490654308],[-122.32920800262367,42.12733488934714],[-122.32876658579973,42.12733047025059],[-122.32832958929211,42.12733042009519],[-122.32788812572409,42.12733044461999],[-122.32745115664898,42.12732602316841],[-122.32701416313866,42.12732596635554],[-122.3265727025965,42.12732598415487],[-122.32657717961,42.1277674025284],[-122.3265816329558,42.12820890726124],[-122.326586068002,42.12864591606793],[-122.32659498912598,42.129087354110744],[-122.32659946534562,42.129528792811804],[-122.32660394135483,42.12997023660753],[-122.32660841715357,42.13041168549794],[-122.32661289274182,42.13085313948305],[-122.3266173681196,42.13129459856288],[-122.32662177617712,42.13173600997897],[-122.3266262096037,42.13217305908311],[-122.32663061724038,42.132614480635915],[-122.32663518234922,42.13305593152777],[-122.32663958956378,42.13349736326803],[-122.3266485089247,42.13393885728834],[-122.3266530063373,42.13438027069969],[-122.32665741296377,42.134821717720165],[-122.32666188649344,42.135263222597544],[-122.32666636522413,42.13570014943627],[-122.32667077121896,42.136141611686114],[-122.3266752675817,42.13658305051208],[-122.32667967315355,42.13702452294903],[-122.32668416909527,42.13746597196144],[-122.32668866482692,42.13790742606691],[-122.326697606053,42.1383488896809],[-122.32670203429008,42.138790301203656],[-122.32670648794057,42.13922734960728],[-122.32671091575762,42.1396687712635],[-122.32671541048553,42.14011025078141],[-122.32671983788035,42.14055168262217],[-122.32672426506366,42.14099311955489],[-122.32672875915983,42.14143461435117],[-122.32673327651219,42.14187603294673],[-122.32672876934667,42.14231305500535],[-122.3267243032695,42.14275450344394],[-122.3267198367973,42.14319595697741],[-122.32671546052515,42.14363738708263],[-122.3267108846674,42.144074376490785],[-122.3267065076104,42.14451581673321],[-122.32670203956214,42.14495729059407],[-122.32669750398853,42.145398716772974],[-122.32669308429345,42.14583575055511],[-122.32668863853249,42.14627715834565],[-122.32668416890729,42.146718652533536],[-122.32667972235684,42.14716007051129],[-122.32667523396825,42.14759707163543],[-122.32667078663161,42.1480384997485],[-122.32666633890038,42.148479932954764],[-122.32665740253803,42.14891694475454],[-122.32665295397473,42.14935838809668],[-122.32664850501672,42.14979983653208],[-122.32664405566402,42.15024129006072],[-122.32663956449497,42.1506783263798],[-122.32663520496719,42.151119761515076],[-122.326630687295,42.15156117748691],[-122.32662623636665,42.152002651336765],[-122.32662176710772,42.15243962645718],[-122.32661731539318,42.15288111044176],[-122.32661279614187,42.15332254673199],[-122.32660843425406,42.153764012371774],[-122.32660396343292,42.15420100760551],[-122.32659944299878,42.154642459121234],[-122.32659501278837,42.155083887197236],[-122.32659054079569,42.15552089750243],[-122.32658610979973,42.155962335710555],[-122.32658167840943,42.15640377901028],[-122.32613566029143,42.156394863611055],[-122.32568984243736,42.15639039313199],[-122.32524389382998,42.15638152591711],[-122.32479792048152,42.15637702656965],[-122.32435206486248,42.156368126215845],[-122.32390616093068,42.15636367505426],[-122.32346024053524,42.15635471729962],[-122.32301438848769,42.15634581003601],[-122.32256848798886,42.15634135196357],[-122.32212254768326,42.1563324686218],[-122.3216766494576,42.15632800594197],[-122.32123064437977,42.156319065196385],[-122.3207847484282,42.15631459790887],[-122.32033890347869,42.15630567682487],[-122.31989296911154,42.15629678196396],[-122.31944707659392,42.15629230776576],[-122.31900114459317,42.15628340829721],[-122.31855525434976,42.156278929491826],[-122.31810932471575,42.156270025415715],[-122.31766343674693,42.15626554200317],[-122.31721750947992,42.15625663331954],[-122.31677158341967,42.15624772233222],[-122.31633016303917,42.156247741219865],[-122.31588427956275,42.156243248616505],[-122.31543832330843,42.15624328652251],[-122.31499688931,42.156238794302],[-122.3145510257586,42.15623879910425],[-122.3141095032864,42.15623433086613],[-122.31366364181362,42.15623433108595],[-122.31321767423866,42.15622985322807],[-122.31277626209878,42.15622985394644],[-122.31233036381987,42.15622542430713],[-122.31188441588942,42.15622544385717],[-122.31144299050715,42.15622093346279],[-122.31099704465608,42.15622094842961],[-122.31055115072999,42.15621650959982],[-122.31010974477489,42.15621649668594],[-122.30966385302007,42.15621205327288],[-122.3092179113375,42.1562120590507],[-122.30877640179641,42.15620756353507],[-122.3083305293114,42.15620761753555],[-122.30788457479397,42.15620311212566],[-122.30744324214231,42.15620313838642],[-122.30699719917222,42.15619865690517],[-122.30699725749281,42.15662672748295],[-122.30699722490112,42.157054831360306],[-122.30700172989384,42.15748291691063],[-122.30700172028786,42.15791094903789],[-122.30700177751473,42.15833903876062],[-122.30700167670662,42.15876710897361],[-122.30700173336355,42.15919520826912],[-122.30700167131624,42.15962771143318],[-122.30700617490959,42.16005582574601],[-122.3070061636327,42.16048388663664],[-122.30700615207027,42.16091195231269],[-122.3070061402223,42.16134002277417],[-122.30700612808879,42.1617680980211],[-122.30700620630897,42.16219614953633],[-122.30701064138135,42.162624239744616],[-122.30701062843654,42.16305232934696],[-122.30701063872216,42.16348034239956],[-122.30701062520643,42.163908441572],[-122.30701065071173,42.16434096945313],[-122.30701508462144,42.16476908363325],[-122.30701509380789,42.1651971158722],[-122.30701507919181,42.1656252342347],[-122.30701503645713,42.16605772868367],[-122.30701511191502,42.16648582814573],[-122.30701956818031,42.16691388495456],[-122.30701952462191,42.1673463939544],[-122.30701959926797,42.167774507819296],[-122.3070196064971,42.16820257364571],[-122.30701961344103,42.16863064425597],[-122.30702401717114,42.16906317802107],[-122.30702402358574,42.16949125824816],[-122.3070240297151,42.169919343259146],[-122.30702407483149,42.17035185767137],[-122.3070284618756,42.17077990484967],[-122.30702846719059,42.17120800426059],[-122.3070329209341,42.17163611383089],[-122.30703294924486,42.17206414145549],[-122.30703733541233,42.172492207761294],[-122.30703743033733,42.17292029777971],[-122.30704181606686,42.17334837364919],[-122.30704184332652,42.17377642040237],[-122.30704622861745,42.174204505835],[-122.30704632249385,42.17463261498441],[-122.3070507980138,42.1750606814536],[-122.3070508242231,42.17548874733526],[-122.30705529930715,42.175916823366705],[-122.30705972276579,42.17634935801693],[-122.30705968106034,42.176777385458784],[-122.3070641555091,42.177205475882445],[-122.30706418042368,42.177633565722715],[-122.3070685872886,42.178061612872014],[-122.30706861167734,42.178489712275706],[-122.30706856863212,42.178917763623815],[-122.30706859245043,42.17934587259167],[-122.3070685488335,42.17977393350282],[-122.30706866275949,42.18020202350364],[-122.30706861857169,42.180630093977534],[-122.30706861331049,42.181062595086765],[-122.30706856854765,42.18149067517266],[-122.30706861418044,42.18191873150727],[-122.30706856884595,42.18234682115545],[-122.307068613909,42.1827748870517],[-122.3070730179208,42.18320299161736],[-122.30707306245851,42.183631067074636],[-122.30707305522061,42.184063602047424],[-122.30707309918591,42.18449168711589],[-122.30707307570873,42.18491972411904],[-122.30707311910437,42.18534781874841],[-122.307518953363,42.18534779895205],[-122.30796040564077,42.18534782439408],[-122.30840634841773,42.185352279208836],[-122.3088521857754,42.185352252528496],[-122.30929818200457,42.185352247853636],[-122.3097396383635,42.185352264199295],[-122.31018554593673,42.1853522834795],[-122.3106313873673,42.18535224761339],[-122.31107740375069,42.18535674147348],[-122.31151879702469,42.18535669587959],[-122.31196470871893,42.185356705971955],[-122.31241062143447,42.18535671376175],[-122.3128565351711,42.18535671924893],[-122.31329794878873,42.18536117228143],[-122.31374386460351,42.18536117318587],[-122.31418978143921,42.18536117178768],[-122.31463569929574,42.18536116808685],[-122.3150771678466,42.185361157144364],[-122.3155231042825,42.185365656577716],[-122.31596902523782,42.185365645991006],[-122.31641485652617,42.18536566164659],[-122.31685632915475,42.185365641607646],[-122.31728436096299,42.185365633382595],[-122.31771250117772,42.18537010220238],[-122.31814053491134,42.18537008973273],[-122.31856418635445,42.18537012321963],[-122.31899222195896,42.18537010652837],[-122.3194203661495,42.18537456687735],[-122.31984395324162,42.18537454124811],[-122.32027205888045,42.18537457104865],[-122.32070004819407,42.18537900076331],[-122.32112370529168,42.185379021691546],[-122.32155181378748,42.18537904514678],[-122.32197985604185,42.18537901364479],[-122.32240791650989,42.18538348772637],[-122.32283157736506,42.18538350027479],[-122.3232550812709,42.185383486462996],[-122.32367874396758,42.18538349485505],[-122.32410235785257,42.185387956038],[-122.32452602243508,42.185387960272394],[-122.32494953006567,42.18538793814964],[-122.32537319648917,42.18538793822758],[-122.32579686383332,42.185387936226896],[-122.32622048258547,42.18539238701514],[-122.3266440611293,42.18539240941232],[-122.32663956256444,42.1855350696269],[-122.32663960231771,42.1859587172157],[-122.32663962407867,42.186377861671815],[-122.32663510413724,42.18679703492648],[-122.32663512530807,42.18721618854924],[-122.3266351462061,42.18763534675485],[-122.32663516683131,42.18805450954333],[-122.32663066907413,42.18847361974086],[-122.32663068910944,42.18889279169519],[-122.32663065937017,42.1893164235556],[-122.32663061166029,42.18973555188751],[-122.32662617978278,42.190154733302606],[-122.32662622217835,42.19057384223969],[-122.32662624080194,42.19099303715655],[-122.32662621063265,42.191438965786496],[-122.32662181958291,42.19188486670827],[-122.32662172154846,42.19233075287026],[-122.32662178110486,42.19277666849683],[-122.3266173384766,42.193204766153336],[-122.32661723018637,42.193637275904656],[-122.32661732905139,42.19406535893896],[-122.32661276863814,42.194497874066805],[-122.32661286688757,42.19492596670866],[-122.3266083964657,42.19535846298139],[-122.32660840339237,42.19578659379423],[-122.32660838397744,42.19621910410214],[-122.32660396206924,42.19664715878511],[-122.32660394203018,42.19707967879864],[-122.32659942870403,42.19750777165345],[-122.32659940803978,42.19794030137301],[-122.3265994366624,42.19836837959451],[-122.32659496342964,42.19880091469526],[-122.32659499143537,42.19922900252253],[-122.32659506028395,42.199661523086235],[-122.32659047766616,42.20008959191235],[-122.32658609372332,42.200522117859094],[-122.32658607089493,42.20095468157288],[-122.32658161902364,42.201387164423224],[-122.3265771928729,42.2018152767961],[-122.32657264952164,42.20224779791997],[-122.3265682637258,42.202680348207096],[-122.32656381033449,42.20311285051743],[-122.32656371831978,42.20354539059269],[-122.3265593314278,42.20397795551343],[-122.32655492657007,42.20440601537837],[-122.32655038097607,42.20483856571822],[-122.32654592572774,42.205271092364896],[-122.32654592280504,42.20570362820434],[-122.32654146683969,42.206136164605],[-122.32653710122469,42.20656867731084],[-122.32653253619934,42.20699674179931],[-122.32652807909422,42.207429292780866],[-122.32652810701977,42.207875168244755],[-122.32652365814647,42.20832112601285],[-122.32652368540805,42.208767011840315],[-122.32651916855245,42.20921292711174],[-122.32651919514929,42.20965882330224],[-122.3265147682733,42.21010472036385],[-122.32651470346634,42.21055065549223],[-122.32651027583277,42.21099656291817],[-122.326510301101,42.211442479834574],[-122.3265058727108,42.21188839762457],[-122.32650583008548,42.21233427203625],[-122.32650135123286,42.212784658240025],[-122.32650137516882,42.21323059593346],[-122.32649687802888,42.213676481633506],[-122.32649683406794,42.21412237681931],[-122.32649249415003,42.214568297173585],[-122.32605542402631,42.21456829009195],[-122.32561401831721,42.21456387106168],[-122.32517258735885,42.214563826584005],[-122.32473113388158,42.21456386129812],[-122.32428961417357,42.21456384088302],[-122.32385270701073,42.214563846947904],[-122.32341118929214,42.21456382204134],[-122.32296973980105,42.214563847750675],[-122.32252829130886,42.21456387120323],[-122.32209132086614,42.21456381548233],[-122.32164987436263,42.214563834444206],[-122.32120842885827,42.21456385114932],[-122.3207669843531,42.21456386559769],[-122.32032547362415,42.21456382491376],[-122.3198884845946,42.21456383949304],[-122.3194470430781,42.214563847193645],[-122.3190056025611,42.21456385263755],[-122.31856416304375,42.21456385582476],[-122.31812717796188,42.214563861490866],[-122.31768574043382,42.21456386018749],[-122.31724430390558,42.21456385662747],[-122.31680286837728,42.2145638508108],[-122.31636134309822,42.21456387130518],[-122.31592434655832,42.21455935467593],[-122.315482981282,42.21455939499026],[-122.31504145903881,42.214559408735255],[-122.31460002854685,42.21455939165687],[-122.31415859905526,42.214559372321936],[-122.31372153314707,42.21455938425815],[-122.31328010564626,42.214559360432396],[-122.31283874635731,42.21455938723162],[-122.31239723010562,42.21455938745671],[-122.31196025889983,42.21455936191489],[-122.31151881184852,42.21455941053092],[-122.31107729858806,42.214559404007304],[-122.31063587708036,42.214559366664574],[-122.31019443302884,42.21455940851027],[-122.30975746676569,42.21455937182172],[-122.30931595749841,42.21455935629261],[-122.30887451643724,42.21455939139084],[-122.30843300917167,42.21455937134739],[-122.30799611406597,42.214559378631094],[-122.30755467599516,42.2145594069823],[-122.30711317172228,42.21455938019083],[-122.30711318649917,42.2149963966005],[-122.30710878671695,42.21543784250506],[-122.30710873364724,42.21587481602883],[-122.30710433312485,42.21631627203734],[-122.30710422765634,42.216757714095145],[-122.30709987814797,42.217194721673906],[-122.30709977202731,42.21763617383407],[-122.30709535457883,42.218073138524005],[-122.30709540577452,42.21851462511633],[-122.30709535047004,42.21895163366586],[-122.30709088016808,42.21939307217096],[-122.3070908632015,42.21983452104939],[-122.3070864439388,42.22027151076541],[-122.30708642632206,42.2207129697448],[-122.30708193911349,42.221149916565906],[-122.30708192084586,42.22159138564572],[-122.30708199304307,42.222032831237506],[-122.30707757196642,42.22246984597814],[-122.30707748553093,42.222911277337126],[-122.30707306371954,42.22334830207742],[-122.30707306740433,42.22378971497058],[-122.3070685930401,42.22423120911213],[-122.30706864789434,42.224668172701854],[-122.30706410557077,42.2251096240445],[-122.30706415978239,42.22554659763007],[-122.30706416186392,42.22598803579361],[-122.30705961844635,42.22642950231113],[-122.3070596717154,42.22686649091547],[-122.3070552183344,42.2273079389649],[-122.30705527096161,42.2277449375649],[-122.30705081683973,42.22818639571321],[-122.30705081696844,42.228627864221444],[-122.30705080143012,42.22906482493433],[-122.30660485185085,42.22906481705708],[-122.30616342518616,42.229064865112974],[-122.30572193229943,42.22906485800557],[-122.30528053119811,42.22906482007352],[-122.30483900161938,42.22906037705348],[-122.30439766978587,42.22906038751539],[-122.30395172632913,42.22906036593608],[-122.30351023850365,42.22906034752041],[-122.303068818897,42.22906037975653],[-122.3026273330737,42.22906035682698],[-122.30218591546794,42.22906038454994],[-122.30174439327426,42.22905592570164],[-122.3012985231573,42.2290559433301],[-122.30085704139528,42.229055911349185],[-122.30041562784835,42.22905593002224],[-122.2999741480895,42.229055893527566],[-122.2995327365444,42.22905590768759],[-122.29909128790261,42.22905148818122],[-122.29864535669772,42.22905143919793],[-122.2982039482117,42.229051446564974],[-122.29776244994073,42.229051480235356],[-122.29732104345659,42.229051483089385],[-122.29687957076598,42.2290514307733],[-122.29643362105281,42.22905145184132],[-122.29599221758302,42.229051447903025],[-122.2955507243282,42.22905147026583],[-122.29510486844578,42.2290514559147],[-122.29466337720378,42.229051473740945],[-122.29422194015781,42.22904702933408],[-122.29378054175129,42.22904701409014],[-122.29333459918571,42.229047019153796],[-122.29289311200594,42.22904702792887],[-122.29245171661486,42.229047005892774],[-122.29201023143872,42.22904701015419],[-122.29156429293117,42.22904700607599],[-122.291122809769,42.22904700580056],[-122.29068141839616,42.229046974715864],[-122.29023993723825,42.22904696992689],[-122.28979406998637,42.22904700962652],[-122.28935259084234,42.22904700030114],[-122.28891111270069,42.22904698871881],[-122.28846524849385,42.22904702155762],[-122.28802377236659,42.22904700543894],[-122.2875822972419,42.22904698706335],[-122.28759124512563,42.22861890281729],[-122.28760020585997,42.228195336148204],[-122.28760908562741,42.22776720847834],[-122.28761797825436,42.227343598286495],[-122.28762692428882,42.226915533032994],[-122.28763141588274,42.22648746626301],[-122.28764030717785,42.22606387019149],[-122.28764918467982,42.22563576629031],[-122.28765816583955,42.22521215107045],[-122.28766710960466,42.22478410958289],[-122.28767593188229,42.22436047939177],[-122.28768487472371,42.22393244740087],[-122.28769378686364,42.22350879806377],[-122.28770266159628,42.22308072265666],[-122.28771164000412,42.22265713563242],[-122.28772060458662,42.22222904117946],[-122.28772951489377,42.22180541064272],[-122.2877116839502,42.2213684268364],[-122.28769825266711,42.22093591332892],[-122.28768045878032,42.22050336984809],[-122.28766711827184,42.22007083752815],[-122.28764916653269,42.21963827940832],[-122.28763582602915,42.21920575681928],[-122.28761803233222,42.218773232794085],[-122.2876046246551,42.21834066702887],[-122.28758679408251,42.2179037225832],[-122.28757338640953,42.217471166600134],[-122.2875555929015,42.217038662081166],[-122.28753773228901,42.21660610952066],[-122.28752432464711,42.21617356813552],[-122.28750653130442,42.215741078208154],[-122.28749321442609,42.2153085180169],[-122.28747535400571,42.21487598491569],[-122.28746193298124,42.21443895180734],[-122.28702042840517,42.21443898515185],[-122.28657461676053,42.214434523052695],[-122.2861331009918,42.214430040670244],[-122.28569165348642,42.21442560893248],[-122.28525024382407,42.21442560468896],[-122.28480434580659,42.21442116198244],[-122.28436283438226,42.214416670545496],[-122.28392139121883,42.2144122297547],[-122.28347998571508,42.21441221646043],[-122.28303409208236,42.214407764609675],[-122.28259265216693,42.21440331702391],[-122.28215115901627,42.214403325468496],[-122.28170526866349,42.21439886675385],[-122.28126383199663,42.21439441237276],[-122.28082232926417,42.21438990282733],[-122.28038090743358,42.214389955126414],[-122.27993502146701,42.21438548726776],[-122.27949358914441,42.21438102383402],[-122.27905206715909,42.2143765866716],[-122.27861058232904,42.21437657701121],[-122.27816470074988,42.2143721000083],[-122.27772327277277,42.21436762752165],[-122.27727730265819,42.214363174462335],[-122.27682703910874,42.21435873661714],[-122.27638110706683,42.21435870869058],[-122.27593514026654,42.21435424869737],[-122.27548478930312,42.21434983237658],[-122.27503891550546,42.21434533922814],[-122.27459296410171,42.21434538350187],[-122.27414264009154,42.214340878743336],[-122.27369667885081,42.21433640718575],[-122.27325078587567,42.21433198623703],[-122.27280037450141,42.21432750299883],[-122.27235451918125,42.21432750718829],[-122.2719041771732,42.21432307218768],[-122.27145822149326,42.21431858906593],[-122.27101233407575,42.21431415655487],[-122.27056192831662,42.214309661637216],[-122.27011598756324,42.21430968278655],[-122.26967010346038,42.21430524334263],[-122.2692197010503,42.21430074142185],[-122.26877381919235,42.21429629734833],[-122.26832793845126,42.214291850971684],[-122.26787755076444,42.214291853255446],[-122.26748966572306,42.2142873878301],[-122.26709727341262,42.214287371585336],[-122.26670484707043,42.21428292378235],[-122.26631245638796,42.21428290397101],[-122.2659244279429,42.21428291831967],[-122.2659244174585,42.214715447472315],[-122.26592449744378,42.215147952982946],[-122.26592893871462,42.215580499308274],[-122.26592892739882,42.21601304308099],[-122.26593336821989,42.21644559915154],[-122.26593344713001,42.21687812415401],[-122.26593336784158,42.21731062962424],[-122.26593784269028,42.217747630488454],[-122.26593782999966,42.21818019867759],[-122.2659422932983,42.218612697717994],[-122.26594237083846,42.21904524713438],[-122.26594229017209,42.219477777017396],[-122.26594675277472,42.21991029067177],[-122.26594682948561,42.22034285470616],[-122.26595129164009,42.220775378102935],[-122.26594681303693,42.221203460963174],[-122.26594677595449,42.22162704393915],[-122.26594674966127,42.22205514371118],[-122.26594671201391,42.22247873608232],[-122.26594228813292,42.22290237864291],[-122.26594228457091,42.22333041118106],[-122.26594231318501,42.223754070551905],[-122.26594230905364,42.22418211258327],[-122.26594226995293,42.22460572841771],[-122.26593787908034,42.225033825464386],[-122.26593783937132,42.2254574506945],[-122.26593789016657,42.22588105207338],[-122.26593788456843,42.22630911781279],[-122.26593339051362,42.226732749701796],[-122.26593338430078,42.22716082493469],[-122.2659333667703,42.22758439216513],[-122.26593341611624,42.228008017003795],[-122.26548744488356,42.22801250091479],[-122.26504607520702,42.228012501564564],[-122.26460465026727,42.228016959846734],[-122.2641586710142,42.228016924073124],[-122.2637171571641,42.22802140634563],[-122.26327133784825,42.22802139040599],[-122.26282982587773,42.22802586814492],[-122.26238391776342,42.22802587614745],[-122.26194249846357,42.228030320830804],[-122.26150104587495,42.22803033188757],[-122.26105514076745,42.22803033303002],[-122.26061372430635,42.228034770925184],[-122.26016773040054,42.22803479600669],[-122.25972631582025,42.22803922936889],[-122.25928486818171,42.22803922909882],[-122.25883897835405,42.22804373164052],[-122.25839753268824,42.228043726835516],[-122.25795157761532,42.22804817185515],[-122.25751013392323,42.2280481625149],[-122.25706869123599,42.228048150918205],[-122.25662280617627,42.22805264202422],[-122.25618136546252,42.228052625892694],[-122.25573538155948,42.22805262808783],[-122.25528948947414,42.2280525994652],[-122.25484801828591,42.22804814512997],[-122.25440219542702,42.2280481648715],[-122.25395621566206,42.22804815787812],[-122.25351474769388,42.2280436967249],[-122.25306892794606,42.228043709583076],[-122.25262295129433,42.22804369570393],[-122.25218148654687,42.228039227732836],[-122.25173557911803,42.22803926221873],[-122.25128969637309,42.22803921294297],[-122.25084830198031,42.22803479110333],[-122.25040233053053,42.228034765755474],[-122.24995642723903,42.22803479105459],[-122.24951496893445,42.22803030944798],[-122.24906906773008,42.228030330164806],[-122.24862316755105,42.22803034857943],[-122.24818171246858,42.22802586015517],[-122.24773581437717,42.22802587398759],[-122.24728991731128,42.22802588551783],[-122.24684846545166,42.228021390276034],[-122.2464025704739,42.22802139722414],[-122.24640252408692,42.22759331324454],[-122.24640257717797,42.22716971829193],[-122.24640253022157,42.22674164380442],[-122.24640248297945,42.22631357408789],[-122.24640253522138,42.22588999324895],[-122.24640696399223,42.22546185998893],[-122.24640700663764,42.225033776033825],[-122.24640695820904,42.22460572535308],[-122.2464069421526,42.22418211040296],[-122.24640698394002,42.223754040712585],[-122.24640702543998,42.22332597579378],[-122.24640700853539,42.22290237496001],[-122.24640698234619,42.222474266589316],[-122.246407022988,42.22204621593598],[-122.24640700523601,42.221622629219],[-122.24640697819065,42.22119453511544],[-122.24640695085915,42.22076644578451],[-122.24640700675137,42.22032501268015],[-122.24640693713165,42.219887990672326],[-122.24640699241631,42.21944656766711],[-122.24640698028233,42.219005096796245],[-122.24640696784377,42.218563631001444],[-122.24640702221203,42.21812222322206],[-122.2464070091636,42.21768076757876],[-122.24640699581067,42.2172393170115],[-122.24640701485654,42.2168023016285],[-122.24640700089726,42.216360861162286],[-122.24640698663347,42.21591942577208],[-122.24640706283188,42.215477966962176],[-122.24640698085132,42.215036488789025],[-122.2464069656738,42.21459506862761],[-122.24640704095562,42.21415362504748],[-122.24597889895198,42.21414469567191],[-122.24555081620618,42.21413130587692],[-122.24512283436405,42.21412239669701],[-122.24469466323656,42.21410903115123],[-122.24426213240378,42.21409562644593],[-122.24383406326957,42.21408673936979],[-122.2434059865141,42.214073338943116],[-122.24297791097266,42.2140599363949],[-122.2425498453002,42.21405104295145],[-122.24211738761306,42.214037680441315],[-122.24168922491523,42.21402429999557],[-122.24126116271525,42.214015400162765],[-122.2408330931655,42.21400198698316],[-122.24040503325911,42.21399308290558],[-122.23997258161663,42.213979709655185],[-122.23954442491127,42.21396631857599],[-122.2391163684784,42.21395740810925],[-122.23868821415721,42.21394401278506],[-122.23826021890795,42.21393063979278],[-122.23781430909555,42.21393065695211],[-122.23737285181586,42.21393068070946],[-122.2369314192174,42.2139306207845],[-122.23648551246507,42.213930631083265],[-122.23604405821487,42.21393064804858],[-122.235602604971,42.21393066275746],[-122.23516115273355,42.2139306752099],[-122.2347152500579,42.213930676368925],[-122.23427379206157,42.21392617305835],[-122.2338323429006,42.21392617871801],[-122.2333908947463,42.21392618212129],[-122.23294499619573,42.213926174139935],[-122.2325035500653,42.213926173007735],[-122.23206201417564,42.21392619809871],[-122.23161611868686,42.213926183256596],[-122.2311746755877,42.21392617533218],[-122.23073323349567,42.21392616515144],[-122.23029185949049,42.21392620566095],[-122.2298459370788,42.21392175186902],[-122.22940449806414,42.213921734896104],[-122.2289629692902,42.21392174414323],[-122.22852153229051,42.21392172265733],[-122.22807555424195,42.21392171801131],[-122.22763418634324,42.213921744938375],[-122.22719275237621,42.21392171666093],[-122.22674684446514,42.213921758102884],[-122.22630541252342,42.21392172529017],[-122.22586389082235,42.21392171869435],[-122.22542243035326,42.21391725154922],[-122.22497652656817,42.21391728385053],[-122.22453509871431,42.21391724198893],[-122.22409364817082,42.21391727929389],[-122.22365213156512,42.213917261390684],[-122.22320632262813,42.21391725608207],[-122.22276487511648,42.2139172865954],[-122.22232336154501,42.21391726189953],[-122.2218774649033,42.21391727820119],[-122.22143602042418,42.21391730192252],[-122.22099450988753,42.21391727043367],[-122.22055312815412,42.2139128313454],[-122.22010723564043,42.213912838507184],[-122.21966572818522,42.21391280022497],[-122.21922428880113,42.21391281264117],[-122.2187783993522,42.21391281294269],[-122.21833696199391,42.21391282082372],[-122.21789552564351,42.21391282644856],[-122.21745409030105,42.21391282981724],[-122.21700820493531,42.213912820980056],[-122.21656667493694,42.213908337019305],[-122.21612524267566,42.213908333595505],[-122.2156792696533,42.21390834635986],[-122.21523783941882,42.213908338400586],[-122.21479641019279,42.21390832818522],[-122.21435498197529,42.213908315713766],[-122.21390908009145,42.213908372297],[-122.2134676539007,42.21390835529052],[-122.21302619946158,42.21390390618431],[-122.21258023363683,42.21390390294618],[-122.21213881052857,42.21390387914743],[-122.21169729765916,42.21390388155101],[-122.21125149272177,42.21390389595506],[-122.21080998187992,42.213903893822845],[-122.2103684720471,42.213903889433716],[-122.20992712104115,42.21390390729393],[-122.2094812242521,42.213899429747734],[-122.20903971750249,42.21389941856557],[-122.20859382290165,42.21389493643631],[-122.20815238527148,42.21389497368137],[-122.20770640208752,42.21389051542364],[-122.20726496159908,42.21388603686044],[-122.20681913846343,42.213881598530364],[-122.20637760941685,42.213877143883174],[-122.20593172147356,42.21387264800499],[-122.20549026168099,42.21386824178557],[-122.20504437597269,42.21386374132448],[-122.2046029183921,42.2138593305677],[-122.20415703491913,42.21385482552379],[-122.20371557955085,42.2138504102297],[-122.20326960754188,42.21384592905253],[-122.20282818258536,42.21384593907814],[-122.20238221276587,42.21384145331723],[-122.2019408525491,42.21383700050003],[-122.20149495199954,42.213832563124875],[-122.20105343619032,42.213828081249304],[-122.20060753787568,42.213823639290815],[-122.20016618208528,42.21381917740112],[-122.19972021897432,42.213814677889424],[-122.1992742332455,42.213810257490536],[-122.1988328455784,42.21381467695311],[-122.19838698449776,42.213819164668884],[-122.19794544482339,42.21382806635476],[-122.19749958556001,42.213832549495194],[-122.19705811076514,42.213836988341434],[-122.19661225336576,42.213841466905606],[-122.19617078041665,42.21384590122059],[-122.19572483410838,42.21385040365021],[-122.19528336300529,42.21385483343354],[-122.19483750933469,42.21385930284484],[-122.19439159315131,42.213868228274286],[-122.19395012477655,42.21387265125063],[-122.1935041830881,42.21387714222679],[-122.19306278358061,42.21388161364772],[-122.19261677673678,42.213886047070275],[-122.192175379075,42.21389051396041],[-122.19172953189045,42.21389496734449],[-122.19128804529998,42.21389945814177],[-122.19084213616148,42.21390836527548],[-122.19039620095927,42.21391284022133],[-122.18995480787048,42.213917295775346],[-122.18950880751889,42.21392171316522],[-122.18949098969503,42.21348028700371],[-122.1894731719348,42.21303886590847],[-122.18945531404472,42.21260182664337],[-122.18943749641343,42.21216041563033],[-122.18941525244402,42.21171891689915],[-122.1893973679753,42.21127746304245],[-122.18937957740441,42.2108404967661],[-122.18936169306602,42.210399052992635],[-122.18934389955861,42.20995758585449],[-122.18932156542071,42.20951614083329],[-122.18930370814877,42.20907914159556],[-122.18928591487992,42.20863768960835],[-122.18926812167422,42.208196242689155],[-122.18925023777045,42.20775482926817],[-122.18922792799013,42.20731332812351],[-122.18921007109269,42.206876353917345],[-122.18919227818937,42.20643492721744],[-122.18917441834662,42.20599345261691],[-122.18915655856836,42.20555198308547],[-122.18913425246808,42.20511501749759],[-122.1891164836209,42.20467352962318],[-122.18909862408277,42.20423207524586],[-122.18908076460909,42.20379062593757],[-122.18906299903567,42.203353663338035],[-122.18904513969129,42.20291222411626],[-122.18902283122307,42.20247077855519],[-122.18900490505759,42.20202929650649],[-122.18898713670168,42.2015878440655],[-122.18896930450285,42.20115085353958],[-122.18895144552806,42.20070943961106],[-122.18892916141213,42.20026793795011],[-122.18891139335652,42.19982650573506],[-122.18889356146511,42.199389535230466],[-122.18845204337461,42.19938504499894],[-122.18800608054522,42.19938505064619],[-122.18756472236026,42.199380580415365],[-122.18712327453463,42.1993761363498],[-122.1866773148718,42.19937613513504],[-122.18623586921646,42.19937168653237],[-122.18579445118722,42.19937166389432],[-122.18534846816834,42.199367227595474],[-122.18490705221787,42.199367200421676],[-122.18446561089331,42.19936274276816],[-122.18401972192423,42.199358271187144],[-122.18357828535008,42.19935831860327],[-122.1831323985729,42.19935384243995],[-122.18269089709355,42.19935383235585],[-122.18224946121452,42.19934936337181],[-122.18180358009064,42.19934938995478],[-122.18136205563843,42.19934494484976],[-122.18092064905227,42.19934489730032],[-122.18047474507743,42.199340488793766],[-122.18003331464509,42.199336008479406],[-122.17959182045203,42.19933598255193],[-122.17914591978266,42.19933156718281],[-122.17915031420144,42.19892131258538],[-122.17915486599023,42.198511086930324],[-122.17915925971009,42.19810084110969],[-122.17916374382258,42.19769057126564],[-122.17916820381801,42.19728038718704],[-122.17917266137758,42.19686569817393],[-122.17917269610359,42.19645542961946],[-122.17917708811639,42.1960452057886],[-122.17918157051744,42.19563495793583],[-122.17874460384294,42.195626054951106],[-122.17830757137152,42.19561709679176],[-122.17787054203217,42.19561264559661],[-122.17743357883252,42.19560373597655],[-122.17699661680618,42.19559482414505],[-122.17655965595324,42.19558591010212],[-122.17612263108062,42.195581450058725],[-122.17568567252935,42.19557253159239],[-122.17524871515171,42.19556361091467],[-122.17481166821024,42.19555471643132],[-122.17437471318,42.19554579133041],[-122.17393769390375,42.19554132022659],[-122.1735006504382,42.19553241910676],[-122.17306369888433,42.19552348737081],[-122.17262674850456,42.19551455342356],[-122.17218973369766,42.19551007347151],[-122.1717526948829,42.19550116350361],[-122.17131572420097,42.195492304292074],[-122.17087877847207,42.19548336149857],[-122.17044176813502,42.19547887269841],[-122.17000473397141,42.19546995388252],[-122.17000025124834,42.19506417095977],[-122.16999138737619,42.194658432897185],[-122.16998690434747,42.19425265855567],[-122.16997797329908,42.19384687610398],[-122.1699735148854,42.19344553791386],[-122.16996458361845,42.19303976399523],[-122.16996019071402,42.19263397837187],[-122.16995125922598,42.19222821303338],[-122.1699467752836,42.191822464390405],[-122.16994678746919,42.191421078419765],[-122.1699467506897,42.19101535072128],[-122.16995127566683,42.190609529966245],[-122.16995126326613,42.19020823805061],[-122.1699512494495,42.189802441826515],[-122.1699512353742,42.189396649896665],[-122.16995576027398,42.1889953546875],[-122.16995574564119,42.18858957129929],[-122.16995573074982,42.18818379220528],[-122.16996018776878,42.187782456732556],[-122.16996455373014,42.1873811538561],[-122.1699646298889,42.18697986733315],[-122.16996908593934,42.186578544464915],[-122.169973541653,42.18617722579856],[-122.16997355002356,42.18577589892102],[-122.16997800390816,42.185370080671404],[-122.16998245864984,42.18496877465745],[-122.16998246617402,42.18456746043105],[-122.16955439859177,42.18457195422095],[-122.16912188389752,42.18457192553865],[-122.1686893712427,42.184576402585755],[-122.16826121457441,42.18457641046644],[-122.16782870371838,42.184580883206884],[-122.16739619281351,42.18458084588534],[-122.16696813057834,42.18458532686703],[-122.16653555546824,42.18458974018016],[-122.16610747039273,42.184589790345335],[-122.1656749640171,42.18459425230947],[-122.16524245782018,42.18459420420632],[-122.16481440001712,42.18459867452266],[-122.16438187192684,42.18459870345713],[-122.16395374897266,42.18460311655198],[-122.16352122277183,42.18460314117773],[-122.1630887218056,42.18460759020097],[-122.16266064421758,42.18460762328754],[-122.16222814505134,42.18461206800472],[-122.16179555605129,42.18461653894217],[-122.1613674143239,42.18461651266004],[-122.16093491784125,42.18462095090698],[-122.1605068449115,42.18462097332232],[-122.16007435022959,42.18462540726329],[-122.15962846879914,42.18462545497171],[-122.15918699197005,42.18462988695895],[-122.15874104562673,42.18462987712403],[-122.15829963761924,42.18463435754286],[-122.15785369328741,42.18463434312774],[-122.157407840584,42.18463880595353],[-122.15696634485782,42.18463880001983],[-122.15652040335554,42.18464328664676],[-122.15607446305806,42.184643263047995],[-122.155633060755,42.184647729849324],[-122.15518718938698,42.18464775463718],[-122.15474572206575,42.18465216394048],[-122.15429976199127,42.184652212525016],[-122.15385382675346,42.184652177463995],[-122.15341242922551,42.18465663292468],[-122.15296656291447,42.18465664625219],[-122.15252507656727,42.18466112555611],[-122.15207914535551,42.18466108133516],[-122.15163328135819,42.18466559571724],[-122.15119179862077,42.18466556027514],[-122.15074586963169,42.18467001710984],[-122.15030445579742,42.184670030103746],[-122.15029997388139,42.18509811055281],[-122.15030002882708,42.18552618083701],[-122.15029554620001,42.18595427084769],[-122.15029106408109,42.1863778574998],[-122.15029111807668,42.18680594207419],[-122.15028656745069,42.18723399340331],[-122.15028662082531,42.18766208753722],[-122.15028213730007,42.18808569306104],[-122.15028219005731,42.188513796704775],[-122.15027772873722,42.188941838729086],[-122.15027771395805,42.18936989895515],[-122.15027322902652,42.18979352334998],[-122.15027321362801,42.19022159308425],[-122.15026875088898,42.190649654176276],[-122.15026873486828,42.19107773346823],[-122.15026433833745,42.19150585709881],[-122.15025987543927,42.19192942373711],[-122.15025979168323,42.19233521718619],[-122.15025986625864,42.192736530645156],[-122.15025987272229,42.193142304255915],[-122.150255340836,42.19354809712104],[-122.15025541460535,42.19394942327218],[-122.15025542025201,42.19435520971612],[-122.15025542658933,42.19475649132835],[-122.15025089345838,42.19516230127541],[-122.15025089924337,42.1955635913323],[-122.15025090381604,42.19596939485447],[-122.15024646048268,42.19637518925587],[-122.15024646545984,42.196776492002684],[-122.15024640228779,42.19718225536981],[-122.15024202591046,42.197583606135595],[-122.15024205292696,42.19798934965891],[-122.15023751823824,42.19839068426405],[-122.15023754469684,42.19879643632452],[-122.15023754806059,42.19919776440293],[-122.15067899910848,42.19918883971097],[-122.15112045009572,42.199184422411534],[-122.15156635081797,42.199175506558404],[-122.15200780440986,42.1991665750893],[-122.15244925883091,42.199157641369325],[-122.15289516207848,42.19914871867242],[-122.15333661816703,42.199139780427934],[-122.15377814202078,42.19913089291995],[-122.1542239570443,42.199121991765956],[-122.15466541562958,42.19911304674607],[-122.15511132308829,42.199104112635155],[-122.1555527829185,42.199099672716315],[-122.15599431098539,42.199090773904665],[-122.15644013026646,42.19908186133696],[-122.15688159306065,42.199072905015115],[-122.15732303287636,42.1990640278171],[-122.15776894542974,42.19905508001649],[-122.1582104776619,42.19904616990284],[-122.1586518530314,42.19903723294567],[-122.15909783505201,42.19902833128406],[-122.15953921208781,42.199019389803134],[-122.15998065689752,42.199010499054395],[-122.15998515674816,42.19942072570278],[-122.15998963257682,42.19982652840941],[-122.15998959300715,42.20023226951603],[-122.15999409228378,42.20064250922503],[-122.15999411918372,42.20104831194579],[-122.15999852727923,42.20145407887812],[-122.15999857753518,42.20186431874368],[-122.16000298523625,42.202270094303785],[-122.16000294423101,42.202675861250924],[-122.16044883335682,42.2026758652415],[-122.16089034191718,42.20267590705991],[-122.16133178453813,42.202675893635444],[-122.16177322817171,42.20267587795501],[-122.16221912140078,42.202675872807454],[-122.16266063372254,42.20267139554392],[-122.1631020565591,42.2026714544571],[-122.16354795282125,42.20267144245091],[-122.16398940149242,42.2026714154455],[-122.16443091813417,42.20267143916782],[-122.16487681747498,42.20267142030197],[-122.16487678854986,42.203117349929904],[-122.16487678363812,42.20356771348872],[-122.16487684484115,42.20401362513144],[-122.16487677233313,42.20446394622429],[-122.16487676646705,42.20491432558849],[-122.16487682672728,42.205360252880176],[-122.16487682022665,42.205810642764355],[-122.16487681289553,42.20625652748365],[-122.16488118785925,42.20670688754448],[-122.16488127121492,42.20715726482861],[-122.16488126298549,42.20760316519373],[-122.16488125494215,42.208053581401465],[-122.16488124608367,42.20849949218079],[-122.16488126120498,42.208949837510396],[-122.16488127600756,42.20940018812436],[-122.16488126620446,42.20984611454943],[-122.16531829397505,42.20983720792741],[-122.16575078179719,42.20982380404133],[-122.16618781113247,42.20981489303206],[-122.16662030107955,42.20980599567313],[-122.16705279110232,42.209792585291034],[-122.16748982280252,42.2097836677114],[-122.16792231508744,42.20977476385044],[-122.16835932374936,42.20976141242514],[-122.1687919083505,42.20975247581207],[-122.16922446900426,42.20973910758549],[-122.1696614138643,42.209730207458726],[-122.17009400080246,42.20972126434183],[-122.17009389206586,42.210122573014466],[-122.17009839040806,42.210523922832564],[-122.17009837197591,42.21092521148422],[-122.17009844508928,42.21133098695595],[-122.17009833537445,42.21173231245877],[-122.17010285670487,42.212133597699754],[-122.17010290428023,42.2125349561722],[-122.17010281865338,42.21294072408178],[-122.17010733478999,42.21327516314454],[-122.17005379624302,42.2137210420913],[-122.17000029847505,42.21416254923628],[-122.16994675710745,42.21460843846092],[-122.16989328033198,42.21504987437053],[-122.169839736144,42.21549577387217],[-122.16978625656672,42.21593721995562],[-122.16973277559316,42.21637867110035],[-122.16967477694871,42.21682457360698],[-122.1696212931283,42.21726603492349],[-122.16956774184791,42.21771196008979],[-122.16951425522521,42.21815343158028],[-122.16946079191223,42.21859933860572],[-122.16940723549739,42.21904076726799],[-122.16935374467589,42.219482253992965],[-122.16930021014704,42.2199281234033],[-122.16924671652315,42.22036962030146],[-122.16919317917385,42.220815499986315],[-122.16913970654818,42.22125692563276],[-122.16908623337265,42.221702868597085],[-122.16903266714961,42.222144332835036],[-122.1689791903257,42.22258577371252],[-122.16892564592962,42.2230316790566],[-122.16887216630376,42.22347313010468],[-122.16881861908686,42.223919045722546],[-122.16876513665883,42.22436050694127],[-122.16871167742313,42.22480640441089],[-122.16865812519505,42.22524782278906],[-122.16860463856847,42.22568929923726],[-122.16855108430381,42.22613524051297],[-122.16849761868019,42.226576645695815],[-122.16844406159446,42.22702259724456],[-122.16839059316915,42.22746401259547],[-122.16833705706897,42.227909892978374],[-122.16834602003638,42.22835138277279],[-122.16835484959482,42.22879728469845],[-122.16836383684108,42.22924321638754],[-122.1683727569578,42.22968910023192],[-122.16838612853401,42.23013500168015],[-122.16839495763026,42.230580924292326],[-122.16840394371269,42.23102236331397],[-122.16841286337319,42.23146826779118],[-122.1684217829075,42.231914177439776],[-122.16843515413419,42.23236010468662],[-122.16844407346271,42.23280602467691],[-122.16845299266501,42.23325194983864],[-122.16846191104564,42.23369336650313],[-122.16847082999769,42.23413930195537],[-122.16848413386268,42.23458520197653],[-122.16849314343254,42.235031119340235],[-122.16850199503916,42.23547701727994],[-122.16851091284758,42.235918459485525],[-122.16851992204398,42.236364392309405],[-122.16853322555657,42.23681031812412],[-122.16854216753302,42.23725620826101],[-122.16855110938373,42.23770210356758],[-122.16855996027756,42.2381480324761],[-122.16856896822209,42.238589476907904],[-122.16858236221472,42.239035400082024],[-122.16859114575732,42.239481291417974],[-122.16860008702618,42.239927212520385],[-122.16860902816929,42.24037313879255],[-122.16861790216491,42.24081901720242],[-122.16863136216904,42.2412605046932],[-122.16864023596057,42.24170639338803],[-122.16864910962495,42.24215228725149],[-122.16865814102732,42.242598210882235],[-122.16910403651436,42.2425982239212],[-122.16954993303392,42.24259823465836],[-122.16999137766443,42.24259823076174],[-122.17043727539732,42.24259372220761],[-122.17088317495637,42.24259372606306],[-122.17132468962406,42.24259376838577],[-122.1717705912377,42.242593767660146],[-122.17221649388334,42.242593764632645],[-122.17265794457755,42.24259374710878],[-122.17310384927656,42.24259373950048],[-122.17354975500737,42.24259372959028],[-122.17399563674606,42.24258928414591],[-122.17443709146934,42.24258925752998],[-122.17488306727255,42.24258929376735],[-122.1753288862342,42.242589303115686],[-122.17577034401103,42.24258926968573],[-122.17621632290086,42.24258929903923],[-122.17666214494703,42.2425893015061],[-122.17710358043006,42.24258482803654],[-122.17754956235949,42.242584850506965],[-122.17799547828209,42.242584817647646],[-122.17844137143665,42.242584863958925],[-122.17888283629371,42.242584814622056],[-122.17932873150174,42.242584856352536],[-122.17977465153862,42.24258481430818],[-122.18021609565106,42.24258483963001],[-122.18066199202318,42.24258035978683],[-122.1811078913014,42.242580392333466],[-122.18154942925985,42.2425803823929],[-122.18199526354576,42.242580357334425],[-122.18244116590829,42.242580382998185],[-122.18288716014044,42.2425803779094],[-122.18332861133463,42.24258038732447],[-122.18377442369359,42.24257591987158],[-122.18422042096252,42.24257590789928],[-122.18466187516282,42.242575910500946],[-122.18510778364613,42.24257592239919],[-122.18555369316068,42.24257593199542],[-122.18599515041298,42.242575927782774],[-122.18644099492664,42.242575879777675],[-122.18688690752312,42.24257588249113],[-122.18733279474145,42.24257144969935],[-122.18777425601886,42.24257143639448],[-122.18822017165101,42.24257143222561],[-122.1882246150046,42.24301737620887],[-122.18822908192074,42.24346324388715],[-122.18823352483548,42.2439091982133],[-122.18823360484045,42.24435511786498],[-122.18823800670057,42.2448054629722],[-122.18824247269119,42.24525135138489],[-122.18824700552287,42.2456972979907],[-122.18825138023143,42.24614322520315],[-122.18825584556461,42.24658912912711],[-122.18826031067874,42.24703503822119],[-122.18826477557377,42.247480952485446],[-122.18826478634595,42.247926860537746],[-122.18826918369213,42.24837273211657],[-122.18827364788265,42.24881866189165],[-122.18827820270548,42.24926456837553],[-122.18828259939258,42.24971045546226],[-122.18828711845704,42.2501118116476],[-122.1882870896545,42.250508673497436],[-122.18829151481867,42.25090555082007],[-122.18829596627137,42.25130686644552],[-122.18829602766188,42.251703712164996],[-122.1886571594044,42.251850836711704],[-122.18901836134576,42.251998013301],[-122.18937513860799,42.252149611885926],[-122.18973627974921,42.25229673350229],[-122.19009749109156,42.25244390716086],[-122.19045863848974,42.252591026800125],[-122.19081533747377,42.2527426500729],[-122.19119442574959,42.25297455896565],[-122.19157790625385,42.253206425698025],[-122.19195687299278,42.25344274378821],[-122.19233590858056,42.25367459865572],[-122.19271940668666,42.253910980332876],[-122.19309845189018,42.25414283453918],[-122.1934775018659,42.25437468841147],[-122.19385649276235,42.254611004998736],[-122.19423991622149,42.254842897765485],[-122.19461898389214,42.25507926677586],[-122.19499805306558,42.25531111934519],[-122.19538149101109,42.25554301105819],[-122.1958140612857,42.25549839413358],[-122.19624654075992,42.255453803583855],[-122.19668356604036,42.25540919339776],[-122.19711610916497,42.25536013549449],[-122.19755304367894,42.25531554952396],[-122.19798559046087,42.255271003567984],[-122.19841816107895,42.255226374008],[-122.19885515914018,42.25517731854075],[-122.19926090061996,42.25499453988592],[-122.19966666319914,42.254811678747586],[-122.2000724901987,42.2546288696559],[-122.20047821973533,42.25444157201377],[-122.20088404134911,42.2542587609843],[-122.20128986029181,42.25407594897475],[-122.2016955186109,42.25389311144073],[-122.20210139519715,42.25370583453572],[-122.20235998342875,42.25404918173629],[-122.20261857597586,42.254392531159056],[-122.20287726369901,42.254735854323116],[-122.20314031987414,42.25507921879441],[-122.20339892541087,42.25542257486918],[-122.2036575352635,42.255765933165996],[-122.20392069541684,42.25610927576487],[-122.20417928587283,42.256448203722385],[-122.20443799955615,42.25679154014767],[-122.20470101483522,42.25713486477429],[-122.20513355025469,42.257134877638485],[-122.2055705419095,42.257134898813],[-122.20600307927596,42.257134907322666],[-122.20644000579195,42.25713487107373],[-122.20687702874898,42.25713932048075],[-122.20730956908471,42.257139322446804],[-122.20774656570663,42.25713933261085],[-122.20774655472705,42.25668896389221],[-122.20774211664808,42.256243024819135],[-122.20774210508233,42.255792666595],[-122.20773773362131,42.255346790932094],[-122.20773765436408,42.25489639018185],[-122.2077332153103,42.25445047188793],[-122.20773320257243,42.25400013465263],[-122.20772876303131,42.25355422674819],[-122.2077286826054,42.253103846989674],[-122.20772878828323,42.25265793136259],[-122.20772425242184,42.252207551728894],[-122.20772426666367,42.25176167497795],[-122.20771982116395,42.25131127735548],[-122.20771983482481,42.250865410996326],[-122.20771538883187,42.25041502386931],[-122.20771533481442,42.24996911488857],[-122.20771534285217,42.24951874863447],[-122.2077109245799,42.249072811188825],[-122.20771093203072,42.248622455432546],[-122.20770642242496,42.248176556860614],[-122.20770652013414,42.24772618312132],[-122.20770201004215,42.24728029494155],[-122.20770194922758,42.24682990717133],[-122.20769752949239,42.24638400090451],[-122.20769755893349,42.245933595154725],[-122.2076975928127,42.24548770966529],[-122.20769301439458,42.24504179443492],[-122.207693042934,42.24459140440992],[-122.20768862195767,42.244145524101704],[-122.20768864990956,42.24369514457706],[-122.20768416135763,42.24324922165814],[-122.20768418872275,42.242798852634394],[-122.20767969968462,42.24235294011074],[-122.20813008873134,42.242370767555705],[-122.20857593456994,42.24238861078858],[-122.20902193972964,42.24240647624644],[-122.20946778836962,42.24242431487973],[-122.20991372924223,42.242442122734985],[-122.21035958068258,42.24245995676896],[-122.2108055006141,42.2424778415042],[-122.21125138374885,42.24250010408451],[-122.21170185124757,42.24251796592192],[-122.21214770834754,42.24253579073498],[-122.21259356684729,42.24255361324853],[-122.2130395846736,42.242571457979594],[-122.2134854459733,42.242589275893245],[-122.21393137576877,42.24260714450569],[-122.21437723986818,42.24262495781984],[-122.21482320172838,42.24264725498729],[-122.21526913577185,42.242665116700415],[-122.2157194581141,42.24268293309025],[-122.21616539497035,42.24270079018004],[-122.21661126612636,42.24271859197309],[-122.21705720578282,42.2427364444625],[-122.2175031468396,42.24275429465155],[-122.21794901840364,42.24275424692542],[-122.2183994121654,42.24275425972833],[-122.21884526206739,42.24275428885814],[-122.21929120382903,42.24275428719775],[-122.21974160071721,42.242754293001376],[-122.22018754454552,42.24275428671294],[-122.2206377855829,42.24275426333908],[-122.22108373147688,42.24275425242337],[-122.22152967839867,42.24275423920509],[-122.22197998966796,42.24275426182677],[-122.22242593865568,42.24275424398079],[-122.22287186495117,42.242754305316026],[-122.2233222701764,42.24275429244682],[-122.2237681314275,42.242754296163405],[-122.22421853873881,42.24275427862017],[-122.22466440205517,42.242754277709885],[-122.22511026639887,42.24275427449784],[-122.22556067683352,42.24275424995533],[-122.22600661035767,42.24275429510529],[-122.22645247779397,42.24275428496418],[-122.22690289135187,42.24275425342193],[-122.22734882797026,42.24275429164166],[-122.22734878874971,42.243195765809396],[-122.22734877293543,42.243637163560976],[-122.22734882393534,42.244078619371],[-122.22734878379758,42.2445201087494],[-122.22734876706697,42.244961521708866],[-122.22735327170379,42.24540300209866],[-122.22735325440864,42.24584442519571],[-122.22735330393095,42.24628590635427],[-122.22735328602522,42.24672733958962],[-122.22735326781387,42.24716877789385],[-122.22735324929688,42.24761022126696],[-122.22735323047418,42.24805166970898],[-122.22735321134581,42.248493123219916],[-122.22735319191175,42.248934581799794],[-122.22735326301597,42.249376016946435],[-122.22735324297142,42.24981748566388],[-122.22735322262115,42.2502589594503],[-122.22735329281196,42.25070040980252],[-122.22735320472086,42.25114184072737],[-122.22735327430236,42.25158330121599],[-122.22735318559864,42.252024742276774],[-122.22735325457076,42.252466212901865],[-122.22735325610601,42.25290763559373],[-122.22735332446965,42.25334911635499],[-122.22735323454155,42.25379057768747],[-122.22735769063212,42.254232024938624],[-122.22735769099208,42.25467346789967],[-122.22735769104676,42.25511491592798],[-122.22735769079611,42.255556369023566],[-122.22735769024017,42.255997827186455],[-122.22735768937888,42.256439290416644],[-122.22735771193372,42.25688067719918],[-122.22735771046202,42.25732215056309],[-122.22780364211862,42.25732215942745],[-122.22824511898855,42.25732215668326],[-122.22869096182863,42.2573221894754],[-122.229136896557,42.25732219145579],[-122.22957837646746,42.25732218189637],[-122.2300242531301,42.25732664262225],[-122.23047019097582,42.25732663771763],[-122.23091167397197,42.25732662134197],[-122.23135752300067,42.257326640367765],[-122.23180346391673,42.257326628578944],[-122.23224485909168,42.25732663390127],[-122.23269080205074,42.25732661753076],[-122.23313665517627,42.257326627371995],[-122.23357814424996,42.25732659736582],[-122.23402409773485,42.25733109043708],[-122.23446995397659,42.257331093394484],[-122.2349114461346,42.25733105657184],[-122.23535730441861,42.25733105494833],[-122.2358032308817,42.257331104023926],[-122.23624472607749,42.25733106038563],[-122.2366905874302,42.25733105187904],[-122.23713651696384,42.25733109407044],[-122.23756911096483,42.25733554228681],[-122.23800606332752,42.25733550933758],[-122.23844299297306,42.25733555569628],[-122.23887555840152,42.25733556256655],[-122.23931251370969,42.257335523007455],[-122.23974956892299,42.257339969033],[-122.24018650254743,42.25734000657021],[-122.24061907191322,42.25734000470709],[-122.24105609835784,42.257340009322654],[-122.24149306687215,42.25734447504436],[-122.24192563919947,42.25734446663631],[-122.24236257777778,42.25734449316344],[-122.24279954103592,42.25734443596023],[-122.24323211627842,42.257344421008376],[-122.24366915713625,42.25734892871074],[-122.24410609969156,42.25734894641607],[-122.24454313409005,42.2573489333845],[-122.24497562241051,42.25734893822528],[-122.24541260026095,42.25735338410809],[-122.24584963764974,42.25735336446429],[-122.24628212892979,42.2573533627616],[-122.24671907742061,42.25735336724608],[-122.24715611775358,42.25735334099087],[-122.24716950550204,42.257803715092386],[-122.24717843686554,42.258254086133135],[-122.24719182449803,42.25870447076997],[-122.24720517957131,42.25915042568247],[-122.2472184999621,42.25960076780663],[-122.24723197835546,42.26005113966087],[-122.24724529867643,42.26050149231693],[-122.24724978812925,42.260737835920864],[-122.24725866700382,42.26097413629891],[-122.24727211277059,42.261420088959625],[-122.2472854329791,42.26187045762247],[-122.24729881150488,42.26231636766211],[-122.2473122225133,42.26276671827119],[-122.24732114410482,42.26321263037322],[-122.24733452248923,42.26365855595145],[-122.24734793335163,42.264108922253826],[-122.24735675386299,42.26434970743314],[-122.24736573243851,42.26459051858347],[-122.2473612825131,42.26503642687993],[-122.24736122210875,42.26548229565062],[-122.24735671304418,42.265932678592776],[-122.24735235282579,42.26637857391158],[-122.2473523585754,42.26682451124159],[-122.24734783953363,42.26727039242935],[-122.24734784461405,42.26771634009585],[-122.24734788193565,42.267966056249634],[-122.247347819489,42.26821128498205],[-122.24734345735585,42.26865720671137],[-122.24734339423433,42.26910311744319],[-122.24733893167799,42.2695445603118],[-122.24733895877367,42.269990452787724],[-122.24733443704895,42.27043637066812],[-122.24733000580557,42.2708822651771],[-122.2473300318757,42.271328173154025],[-122.24776257697151,42.27132819023118],[-122.24819509047985,42.271323768749404],[-122.2486275702667,42.271323728485115],[-122.24906011821183,42.27132373906425],[-122.24949266712183,42.27132374747695],[-122.24992521699659,42.27132375372318],[-122.25035776783602,42.27132375780295],[-122.25079031964009,42.27132375971624],[-122.25122280521052,42.27132370645559],[-122.25165535894293,42.27132370403623],[-122.25208782275303,42.27132372799533],[-122.25252043629871,42.27131925631503],[-122.25295290199261,42.27131927594288],[-122.25338545953728,42.27131926485877],[-122.25381801804608,42.271319251608105],[-122.25425048663259,42.27131926473808],[-122.2546831142731,42.271319300159405],[-122.25511567567455,42.271319280409124],[-122.25554814715376,42.27131928704079],[-122.2559807104828,42.271319262957746],[-122.25642209974278,42.27131928091987],[-122.25686358089276,42.271319268076105],[-122.25730497216102,42.27131928152586],[-122.25775091327631,42.27131927193124],[-122.25819239744827,42.27131925229446],[-122.25863389258605,42.27132374832414],[-122.25907528792675,42.271323752724946],[-122.25952123315525,42.27132373398806],[-122.2599626305135,42.27132373385354],[-122.2604041197604,42.271323702909356],[-122.26084558633916,42.27132375126203],[-122.26129147866214,42.27132818830319],[-122.26173288009102,42.271328179119884],[-122.26217434973873,42.27132822067919],[-122.26261584405943,42.27132817842741],[-122.2630617065797,42.27132816996324],[-122.2635032133934,42.27133264109037],[-122.26394468711365,42.27133267359889],[-122.26439055273156,42.27133265827328],[-122.26483196125005,42.27133263324904],[-122.26527343799178,42.27133265896488],[-122.26571491573755,42.27133268242382],[-122.2657193615578,42.270931339690804],[-122.26572380704293,42.27053000114438],[-122.26572831941247,42.27012871977875],[-122.26573276422698,42.26972738960489],[-122.26573720870647,42.26932606361757],[-122.26574165285093,42.268924741816775],[-122.26574609666042,42.2685234242025],[-122.26575054013495,42.26812211077475],[-122.26575507415065,42.26772077297708],[-122.26620097347407,42.26772080192089],[-122.26664234881648,42.26772076826338],[-122.26708828471578,42.26772522856333],[-122.26752972933821,42.267725243359614],[-122.26797117496416,42.267725255899336],[-122.26841717029866,42.26772524484064],[-122.26885861794156,42.267725252843945],[-122.26930445721621,42.26772521277403],[-122.26974590687519,42.26772521624168],[-122.27018735753728,42.267725217452714],[-122.2706332670831,42.267725223510034],[-122.27107471976146,42.26772522018499],[-122.27152063134385,42.26772522166041],[-122.27196208603817,42.267725213799245],[-122.27240360896165,42.26772525666707],[-122.2728494678563,42.267729715770216],[-122.27329092561551,42.26772970111536],[-122.27373684233005,42.26772969114647],[-122.27417821122991,42.26772970052053],[-122.27461973923663,42.267729732057056],[-122.27506565899992,42.267729715226665],[-122.27550712179209,42.267729689242614],[-122.27594849471224,42.2677296895688],[-122.2763900267414,42.26772971205415],[-122.27683140166654,42.26772970786777],[-122.27726842238977,42.26773418356401],[-122.27770989022912,42.26773414631849],[-122.278151335432,42.26773418836653],[-122.27859280527557,42.26773414660744],[-122.27903425248405,42.26773418414211],[-122.27947117537217,42.26773415979366],[-122.27991271544923,42.267734164267],[-122.2803540984167,42.26773414207502],[-122.2807955855883,42.267738606515906],[-122.28123703784556,42.26773863278928],[-122.28167403296838,42.26773865027325],[-122.28211541997894,42.26773861907805],[-122.28255696610596,42.2677386100305],[-122.2829984223625,42.267738627299636],[-122.28343542144364,42.26773863587026],[-122.28387682510522,42.26774311312775],[-122.2843182171591,42.267743070672715],[-122.28475967745972,42.26774307893742],[-122.28520113876236,42.267743084945316],[-122.28563814283798,42.26774308236837],[-122.28607960613435,42.267743083885414],[-122.28652107043253,42.26774308314562],[-122.2869624814643,42.267747544625195],[-122.28740394781187,42.26774753937119],[-122.2874084590153,42.26732391416899],[-122.28741737381776,42.26690476424756],[-122.28742628817177,42.2664856188941],[-122.28743520207732,42.26606647810858],[-122.28743959023521,42.26564728268184],[-122.2874485574848,42.265223686849225],[-122.28745299743431,42.2647778015409],[-122.28745742392445,42.264327404353054],[-122.28746637511753,42.26387707164765],[-122.28747083742375,42.26343112040685],[-122.28747526264073,42.26298073898912],[-122.28747975469068,42.262530415811995],[-122.28748426994741,42.26208001636703],[-122.28748863977106,42.261634114537195],[-122.28749315420997,42.26118372558895],[-122.28749757738078,42.26073337048896],[-122.28750649434203,42.260287461942916],[-122.28751100750492,42.259837088766425],[-122.28751542940272,42.2593867494371],[-122.28751987450654,42.25893633384772],[-122.28752433230349,42.2584904398965],[-122.28752884382672,42.2580400877663],[-122.2875288886876,42.25767443913887],[-122.28753323244001,42.25730877584582],[-122.28753322272566,42.25694759739377],[-122.28753327580833,42.25649725708505],[-122.28753329807455,42.256051303639964],[-122.28753329641687,42.255605436892914],[-122.28753777502301,42.255159500039035],[-122.28753770546739,42.25471359067613],[-122.28753768970032,42.254263223572565],[-122.28753771036521,42.25381729603401],[-122.28753773071949,42.25337137366654],[-122.28753775076312,42.25292545647016],[-122.28754213633921,42.25247957926584],[-122.28754215571614,42.25203367241191],[-122.28754222885725,42.251583308129014],[-122.28754218038368,42.251137358717735],[-122.28754219882592,42.250691467429235],[-122.28754667340667,42.250245587568735],[-122.2875466239577,42.24979965367353],[-122.28754662825547,42.249349262609826],[-122.28754664540682,42.248903392058835],[-122.28754668585603,42.248457445167126],[-122.28754663516511,42.24801153201198],[-122.28755110755536,42.24756568323623],[-122.2875510430165,42.24711526539833],[-122.28755114939331,42.246669392194306],[-122.2875511882394,42.24622347121729],[-122.28755106873264,42.24577753103113],[-122.28755110695838,42.24533162039983],[-122.28755560076398,42.24488572120615],[-122.28755560151464,42.24443538771174],[-122.28755557154334,42.243989439709104],[-122.28755560847684,42.24354354982123],[-122.287997075198,42.243543541486666],[-122.28843845210179,42.24354355945646],[-122.28887992082656,42.24354354660864],[-122.289321390553,42.24354353150394],[-122.28975831466022,42.24354353655181],[-122.2901997863796,42.24354351695656],[-122.29064132631966,42.24354354804282],[-122.29108270922383,42.243543552497336],[-122.29152418394796,42.24354352613142],[-122.2919655688548,42.24354352607343],[-122.29240265694062,42.24354354211441],[-122.29284404384033,42.24354353756629],[-122.2932855225594,42.24354350219587],[-122.29372697868538,42.243543546071116],[-122.2941683685888,42.24354353475396],[-122.29460546162315,42.24354353964534],[-122.29504680029105,42.24354798549631],[-122.29548835127797,42.24354799179832],[-122.29592974522146,42.243547971477376],[-122.29637120739385,42.243548001834135],[-122.29681267056814,42.24354802993403],[-122.29724961153958,42.243547997077364],[-122.29769107670651,42.243548020686646],[-122.29813256646118,42.24354796053529],[-122.29857403363056,42.243547979630655],[-122.2990155018014,42.24354799646911],[-122.2994569709737,42.24354801105062],[-122.29989391787758,42.24354796481407],[-122.30033538904158,42.243547974904835],[-122.30077677039003,42.24354801131268],[-122.3012182435564,42.24354801688996],[-122.30165971772377,42.243548020210255],[-122.30210119289205,42.24354802127354],[-122.30253821296463,42.243548014586196],[-122.30297953206937,42.243547986806014],[-122.30342101022924,42.243547981121836],[-122.30386248938977,42.24354797318061],[-122.30430396955084,42.24354796298233],[-122.30474535989644,42.24354797910517],[-122.30518245314336,42.24354801196284],[-122.30562384548051,42.2435480235953],[-122.30606532963373,42.24354800439204],[-122.3065067239715,42.24354801151166],[-122.30694821012501,42.24354798779462],[-122.30739410154395,42.24355242870884],[-122.30784447862261,42.2435524924006],[-122.3082948284626,42.243556933881806],[-122.30874077499918,42.24355690619509],[-122.30919112705034,42.24356134300007],[-122.30963705211806,42.24356139219041],[-122.31008745804353,42.24356136267555],[-122.31053326629662,42.243565815957794],[-122.31098374159103,42.24356583468977],[-122.31143400833778,42.243570288377725],[-122.31188002944799,42.24357029739846],[-122.31233029840577,42.24357474641107],[-122.31277623079943,42.243574779388105],[-122.31322659278224,42.24357919513873],[-122.31367698362943,42.24357922840535],[-122.31412295872309,42.24358368748034],[-122.31457328443214,42.24358366315154],[-122.31501917090209,42.243588146184536],[-122.31546949872786,42.24358811718116],[-122.31591989485261,42.2435881387476],[-122.31636587540389,42.24359258623425],[-122.31681620638612,42.24359255020693],[-122.31726209831328,42.2435970216538],[-122.31771249867363,42.243597033868646],[-122.31815839279083,42.24360150068549],[-122.31860879526891,42.243601508224515],[-122.31905914805812,42.24360597505246],[-122.31950509617124,42.24360597327446],[-122.31995545117091,42.243610435426014],[-122.3204013105672,42.243610457612874],[-122.32085165105268,42.24361040053686],[-122.32130207661665,42.243614908576944],[-122.32174802995117,42.24361489521392],[-122.32219839045757,42.24361934566312],[-122.32264425507483,42.243619356267175],[-122.32309461779057,42.243623802040275],[-122.32354494109006,42.243623812425525],[-122.32399084942776,42.24362824911285],[-122.32444126565514,42.24362822622462],[-122.32488715264208,42.243632739791934],[-122.32533757098547,42.24363271222762],[-122.32578789955626,42.243632710913964],[-122.32623388062116,42.24363718892435],[-122.32668421130765,42.24363718293548],[-122.32712557980156,42.243641627782345],[-122.32756710747486,42.24364609467922],[-122.32800858644102,42.24365502095117],[-122.32844995825184,42.24365945902528],[-122.32889139843243,42.24366394775035],[-122.32933293051529,42.24366840561377],[-122.32977430559649,42.24367283691547],[-122.33021574904936,42.243677318867036],[-122.33065728440403,42.243681769955536],[-122.33109873003846,42.24368624739098],[-122.33154010947933,42.243690669662655],[-122.33198155729437,42.243695142582744],[-122.33242300619996,42.243699613244985],[-122.33286445619602,42.24370408164933],[-122.33330599809292,42.24370851918775],[-122.3337474502696,42.243712983075824],[-122.33418890353654,42.24371744470598],[-122.33463035789363,42.2437219040782],[-122.33507181334076,42.24372636119247],[-122.33551763594069,42.24373084845059],[-122.33595909357841,42.243735301026604],[-122.336400552306,42.24373975134462],[-122.33684201212337,42.24374419940464],[-122.33728347303038,42.243748645206644],[-122.33772493502703,42.24375308875063],[-122.33816637459843,42.24375761155043],[-122.33860779007867,42.24376651221295],[-122.33904925539035,42.2437709489829],[-122.33949072179134,42.24377538349477],[-122.33993216576991,42.243779897262876],[-122.34037363435004,42.24378432725867],[-122.34081501321016,42.24378878361225],[-122.34125655126815,42.24379326199058],[-122.34169793230708,42.24379771382893],[-122.34213947254501,42.24380218769037],[-122.34258085576245,42.24380663501345],[-122.34302233087745,42.243811051461044],[-122.34346378357566,42.24381554716571],[-122.34390517006,42.24381998771616],[-122.34434671574608,42.2438244502856],[-122.34478817171355,42.24382893921618],[-122.34522956146476,42.243833372993564],[-122.34567547672766,42.2438378606754],[-122.34611695947494,42.24384226129351],[-122.34656282907923,42.24385120602566],[-122.34700874770958,42.2438556868188],[-122.34745466745068,42.243860165308035],[-122.34790063138027,42.24386907450566],[-122.3483464860777,42.243873495493844],[-122.34879240919595,42.243877967071185],[-122.34923828583374,42.24388689798072],[-122.349684211219,42.24389136495013],[-122.35013018102381,42.24390026262655],[-122.3505761086757,42.243904724987516],[-122.35102194663038,42.2439092136711],[-122.35146791995055,42.2439181044346],[-122.35191376017163,42.24392258851104],[-122.35235969230968,42.24392704165636],[-122.35280557833751,42.2439359541353],[-122.35325151274132,42.24394040267247],[-122.35369740112745,42.243949310543755],[-122.35414333779669,42.24395375447272],[-122.35459364210169,42.243958227534335],[-122.35503960133447,42.24396718135873],[-122.3554855413895,42.243971618352376],[-122.35593143565866,42.2439805146811],[-122.35635950741134,42.24397160855636],[-122.35679199050074,42.243967164643855],[-122.35722010786891,42.24396268726344],[-122.35765259268125,42.2439582390443],[-122.35808071175322,42.24395375740074],[-122.35851319828811,42.24394930487492],[-122.35894138639152,42.24394487185255],[-122.35937387464942,42.24394041501965],[-122.35980190632328,42.24393595348513],[-122.36023448710867,42.24393146370971],[-122.36066252048566,42.24392699791282],[-122.36109507951865,42.24392258534944],[-122.36152311459924,42.243918115290256],[-122.36195569882814,42.24391361689952],[-122.36238380294462,42.24390919545946],[-122.36281629809025,42.2439047213995],[-122.36324433657643,42.243900242815506],[-122.36367690077836,42.243895817329594],[-122.36410494096725,42.24389133448318],[-122.36453304933912,42.24388690239658],[-122.36496554878318,42.24388241758086],[-122.36539365885866,42.243877981231094],[-122.36582616002359,42.24387349210847],[-122.36580831770127,42.244306048636304],[-122.3657905206044,42.24473414831893],[-122.36577265552809,42.245162199891475],[-122.36575478981158,42.24559025623329],[-122.36573257791187,42.24602280121965],[-122.36571471086692,42.24645086714987],[-122.36569684318171,42.24687893784942],[-122.36567901976062,42.24731144668822],[-122.36566121813466,42.24773957985996],[-122.36564334852474,42.24816766491756],[-122.36562552316583,42.24860018826319],[-122.3656076757401,42.24902820137728],[-122.36558980420494,42.24945630079155],[-122.36557202284658,42.24988437632883],[-122.36555419490541,42.2503169189984],[-122.36553188662579,42.25074494900452],[-122.36551401248141,42.25117306754453],[-122.3655229114413,42.251601122697366],[-122.36552746518255,42.252024770711515],[-122.36553190542101,42.25245283311291],[-122.36554084994326,42.252876439843696],[-122.36554528983875,42.25330451172264],[-122.36554968468533,42.25372815425508],[-122.365558673665,42.2541562091866],[-122.36556309164533,42.25457977955499],[-122.36556757678974,42.25500340748153],[-122.36557647454113,42.25543150525097],[-122.36558095934791,42.255855142556356],[-122.36558533061967,42.25628319468743],[-122.36559436478892,42.256706814937694],[-122.36559873571656,42.25713487654451],[-122.36560315244456,42.25755847970982],[-122.3656121402228,42.25798657725265],[-122.36561655661203,42.258410189794944],[-122.36562995609727,42.258851660431276],[-122.3656477922114,42.2592975201911],[-122.36566119169142,42.2597390009981],[-122.36567452378371,42.260180433965154],[-122.36568792321329,42.26062192489346],[-122.36570575945052,42.26106780514101],[-122.36571909150994,42.261509253337465],[-122.36573251438647,42.26195067793775],[-122.36574595858396,42.26239662426638],[-122.36576375012113,42.262838089891886],[-122.36577717296852,42.26327952972032],[-122.36579050494434,42.26372100326534],[-122.36580388171303,42.26416691718328],[-122.36582169685654,42.264608321526595],[-122.36583511964902,42.26504978164132],[-122.36584849638214,42.26549571094026],[-122.365861851752,42.26593712831616],[-122.36587973439643,42.26637860584585],[-122.36589308976181,42.266820033337105],[-122.36590646643208,42.26726598312707],[-122.36591982174448,42.26770742078636],[-122.36593763714495,42.268148865684466],[-122.36595099245218,42.268590313458624],[-122.36596439254102,42.269036202164905],[-122.3659777477955,42.26947766010628],[-122.36599556332393,42.269919125280616],[-122.36600896337745,42.270365029363994],[-122.36602240946226,42.27080647386624],[-122.36603576465969,42.271247952089574],[-122.3660536038008,42.27168935595995],[-122.36606700379325,42.27213528052838],[-122.36608035895871,42.27257677397503],[-122.36609373758301,42.27301819089711],[-122.366544103942,42.27302268590783],[-122.36699003426763,42.273027094867224],[-122.36744040287545,42.27303158520068],[-122.36788624455983,42.27303601819575],[-122.36833220057427,42.27303603680614],[-122.36878257250294,42.27304052013575],[-122.36922841747419,42.273044946197366],[-122.36967888251759,42.273049396181264],[-122.37012479710293,42.27305387052717],[-122.37057506087508,42.273053855260414],[-122.37102097764036,42.2730583249761],[-122.37146689551363,42.273062792387755],[-122.37191727525801,42.27306725935896],[-122.37236319535774,42.27307172213949],[-122.37281357734976,42.273076184433215],[-122.3732595449994,42.273076177586184],[-122.37370992919188,42.27308063520239],[-122.37415576283132,42.27308511739397],[-122.37460168844409,42.27308956860844],[-122.37505207600164,42.27309401922036],[-122.3754980038397,42.273098465803514],[-122.37594834782223,42.273098475417335],[-122.37639427783894,42.273102917369606],[-122.37684457897714,42.27310738730289],[-122.37729051121859,42.2731118246242],[-122.37773644456692,42.273116259641306],[-122.3781868612815,42.27311631048461],[-122.37863270594347,42.2731207695485],[-122.37908310350966,42.2731251991237],[-122.37952895039571,42.27312965355743],[-122.37997495665785,42.27313412991518],[-122.38042526672228,42.273138581165284],[-122.38087116147074,42.27313856367058],[-122.38132154114008,42.27314306315045],[-122.38176739353477,42.27314750602011],[-122.38221786631502,42.27315197214086],[-122.38266372093337,42.27315641037983],[-122.38310968836598,42.273156434225925],[-122.38356000618897,42.27316086911957],[-122.38400593150142,42.27316535332857],[-122.38445631898077,42.27316983644895],[-122.38490217910565,42.27317426312352],[-122.38535256883051,42.27317874156649],[-122.3857984751966,42.2731786986174],[-122.38578960210721,42.27273728295142],[-122.38578066148675,42.27229581944342],[-122.38577172074933,42.271854360995725],[-122.38576277989486,42.27141290760829],[-122.3857538389234,42.27097145928112],[-122.3857449886928,42.270529987330676],[-122.38573604748645,42.270088549124345],[-122.38572710616309,42.26964711597824],[-122.38571820871809,42.26920122336052],[-122.38570935801226,42.26875977170389],[-122.38570034892788,42.26831830089409],[-122.38569149798596,42.267876859359454],[-122.3856824886688,42.267435398672056],[-122.38567363749083,42.266993967259346],[-122.38566471879011,42.266552488013964],[-122.38565579997191,42.266111013830574],[-122.38564685759154,42.265669626281095],[-122.38563793853868,42.26522816222068],[-122.38562906333789,42.264782239203136],[-122.38562014404758,42.26434078531781],[-122.38561122463987,42.2638993364944],[-122.38560676518775,42.263457893905326],[-122.38559784549892,42.26301645520688],[-122.38558885829485,42.262574968682145],[-122.38558002921154,42.26213351143121],[-122.38557110917026,42.261692087919265],[-122.38556212161573,42.261250616582736],[-122.38555329217712,42.260809174519274],[-122.38554434833212,42.260363249802154],[-122.38553536042531,42.25992179370553],[-122.38552653062956,42.259480366881206],[-122.38551754248913,42.25903892091021],[-122.3855086450647,42.25859745132814],[-122.38550865500673,42.258191662059865],[-122.38551307726877,42.25778144372665],[-122.38551754609246,42.257375664256266],[-122.3855175551817,42.256969887880864],[-122.38552206728339,42.25655965391056],[-122.3855265351263,42.25615388733489],[-122.38552647597437,42.25574807097356],[-122.38553094318063,42.2553423129633],[-122.38553099476556,42.25493209516933],[-122.38598132876933,42.25493207981484],[-122.38642720460382,42.25493206096727],[-122.38687760805311,42.25493209381504],[-122.38732348592484,42.254932070338825],[-122.38776947586786,42.254927634563344],[-122.38821981496312,42.25492760753379],[-122.38866567240606,42.2549276586765],[-122.38911155429477,42.254927625966836],[-122.38956196386266,42.25492764481162],[-122.39000784778761,42.25492760747316],[-122.39045830280178,42.254923158773174],[-122.39090416528812,42.25492319835671],[-122.39135005221571,42.25492315408728],[-122.39180046687613,42.254923161254844],[-122.3922463324135,42.25492319390713],[-122.3926922223895,42.2549231427061],[-122.39314259241716,42.254918708685516],[-122.39358855178082,42.254918705727924],[-122.39403442133558,42.25491872914678],[-122.39448484211071,42.25491872231083],[-122.3949307137023,42.25491874110094],[-122.39538113653434,42.25491872958899],[-122.39582698558927,42.25491422801927],[-122.39627286018334,42.254914239878815],[-122.39671882661213,42.25491422075292],[-122.39716916267749,42.25491422859624],[-122.39761504032043,42.25491423352423],[-122.39806107720372,42.2549142603332],[-122.3985069568728,42.25491426065493],[-122.39895729704047,42.254914259171144],[-122.39940317874486,42.25491425486435],[-122.39984910387231,42.25490978539883],[-122.40029498755511,42.25490977648706],[-122.4007453991867,42.25490981854308],[-122.40119128490485,42.25490980500233],[-122.4016371716351,42.25490978915878],[-122.40208758634655,42.25490982421258],[-122.40253347511168,42.254909803739984],[-122.4029793648887,42.25490978096456],[-122.4034253230921,42.254909808749815],[-122.40387567449064,42.254909781611495],[-122.40432151843856,42.25490531774476],[-122.40476747964354,42.25490533859792],[-122.40521344186138,42.25490535714748],[-122.40521344421171,42.25449955253988],[-122.40520898676465,42.2540937520395],[-122.40520893967336,42.253683521980165],[-122.40520448184186,42.253277730089614],[-122.40520009125459,42.25287199533949],[-122.40520009245493,42.25246621218943],[-122.40519551767487,42.2520559464553],[-122.40519105911883,42.251650171736586],[-122.40519105963777,42.251244401480356],[-122.40519111079122,42.25081629946203],[-122.40519111266882,42.25038376857477],[-122.40519107244154,42.24995570482765],[-122.40519112273984,42.249527617159515],[-122.40519108194627,42.24909956294547],[-122.4051910826754,42.24866705137301],[-122.40519113211865,42.24823897805497],[-122.40519564016472,42.24781090969102],[-122.40519553078468,42.247382821741404],[-122.40519557933152,42.24695476272527],[-122.405195601977,42.24652219374951],[-122.40519555915141,42.246094173002234],[-122.4051955394396,42.24566607548717],[-122.40519551944466,42.24523798274018],[-122.40519560834329,42.24480548593332],[-122.40519558777814,42.24437740277153],[-122.40519556692993,42.24394932437777],[-122.4047540866275,42.24394933276865],[-122.40431715657854,42.24394931045894],[-122.40387563634569,42.24395377593668],[-122.40343424976088,42.24395374889762],[-122.40299277337206,42.24395374828272],[-122.40255132332975,42.24395825984059],[-122.40211430729525,42.243958255064435],[-122.40167292462456,42.243958219021444],[-122.40123145214984,42.243958209400844],[-122.40079000583577,42.24396271195714],[-122.4003485353002,42.243962697822575],[-122.39991152412384,42.24396268189712],[-122.39947012295632,42.24396271612249],[-122.39902861297969,42.24396715682498],[-122.39858714635997,42.24396713368452],[-122.3981457481235,42.2439671611397],[-122.39770874180641,42.24396713406515],[-122.39726730295173,42.243971618618254],[-122.39682584024847,42.24397158647243],[-122.3963844459259,42.24397160492371],[-122.3959430098649,42.24397608270929],[-122.39550145929721,42.24397607246573],[-122.39505560964922,42.24397608342992],[-122.39460969362966,42.24397603923587],[-122.39415933988889,42.24397161191011],[-122.39371340253794,42.24397164461389],[-122.3932674896162,42.24397159348684],[-122.39281709608572,42.24397162075155],[-122.3923712525832,42.243971617852914],[-122.39192531929488,42.24397164132119],[-122.39147486146491,42.24397160872594],[-122.39102902101295,42.243971598896096],[-122.39058309077518,42.2439716154318],[-122.39013274674137,42.243967167095626],[-122.389686818587,42.24396717900139],[-122.38924098224562,42.24396715993754],[-122.38879059800455,42.24396716619688],[-122.38834467290121,42.24396717117061],[-122.38789874881165,42.243967173841206],[-122.38744836765257,42.2439671730988],[-122.38700244560093,42.243967171140135],[-122.3865565245633,42.243967166878356],[-122.38610619024146,42.24396269753254],[-122.38566027128866,42.24396268864105],[-122.38565128067764,42.24353461373296],[-122.38564244813037,42.243106567788786],[-122.38563350110421,42.24267404095585],[-122.38562460097509,42.242245951728044],[-122.38561570074066,42.24181786726492],[-122.38560680040086,42.24138978756651],[-122.38559785294552,42.24095728003962],[-122.38558895239352,42.2405292099199],[-122.385575526734,42.24010109049391],[-122.38556657900241,42.23966859745827],[-122.38555767817836,42.2392405416812],[-122.38554880067576,42.23881240915402],[-122.38553989964079,42.23838436290707],[-122.38553097490622,42.23795180766515],[-122.38552207365888,42.23752377099761],[-122.38551310494654,42.23709568624077],[-122.38550417988948,42.23666314549467],[-122.38552203859965,42.2362172634984],[-122.38553537208762,42.2357713326047],[-122.38555325291168,42.23532537945592],[-122.38557110963241,42.23487951299237],[-122.38558889831874,42.23443359885557],[-122.38558887512445,42.23403674100195],[-122.38558448549968,42.23363985736998],[-122.38558446185877,42.23324300771533],[-122.38557998109232,42.232846160935324],[-122.38558000072364,42.232444859214276],[-122.38557554301387,42.232047939177065],[-122.38557551847823,42.23165110596653],[-122.38557558447187,42.2312542482029],[-122.38557106578605,42.23087966506684],[-122.38557107094992,42.23050513965669],[-122.38557109931732,42.23013053640216],[-122.38556664748637,42.2297560170656],[-122.38556662838363,42.22937698985896],[-122.38511624804657,42.22937695024321],[-122.384670345611,42.22937253114118],[-122.38421996738091,42.2293724868493],[-122.38377406712323,42.22936806311665],[-122.38332364415953,42.22936358288768],[-122.38287333646336,42.22936358441493],[-122.38242743950119,42.22935915372488],[-122.38197701986697,42.22935466646795],[-122.38152662458916,42.22935468961734],[-122.3810808216927,42.229350223322996],[-122.3806304285209,42.2293502417966],[-122.38018446969366,42.22934574667107],[-122.37973412293026,42.2293413005565],[-122.37928373294719,42.229341312003555],[-122.37883784475706,42.22933686276812],[-122.3783874339853,42.22933235677778],[-122.37793711452784,42.22933241404784],[-122.37749116229973,42.229327905005526],[-122.37704077761333,42.2293279047501],[-122.37659489490106,42.229323443926916],[-122.37614455699689,42.22931897908216],[-122.3756941755005,42.22931897180085],[-122.37569862852872,42.22891322307862],[-122.3757030812174,42.22850747864394],[-122.3757075570037,42.228101657007244],[-122.37570755289232,42.22769591940527],[-122.37571202804085,42.227290106345755],[-122.37571641208405,42.22688432621448],[-122.37572095388167,42.22647857458045],[-122.37572542801034,42.22607277438768],[-122.37572535512652,42.22566700537656],[-122.37527951367721,42.22566253755736],[-122.37482908190222,42.225662553769936],[-122.37438319780429,42.22566254081114],[-122.37393731472176,42.22566252554972],[-122.37348693095531,42.22565807526893],[-122.37304095919706,42.22565808401356],[-122.37259062338015,42.2256580599124],[-122.37214469872471,42.22565360453505],[-122.37169879739047,42.22565365919552],[-122.37124846470766,42.225653628093255],[-122.3708025432948,42.22564916578164],[-122.3708069725961,42.22524340247704],[-122.37080703660882,42.224837612827805],[-122.37081146527298,42.22443185810015],[-122.3708159170411,42.224026026181335],[-122.37082034502657,42.22362028003156],[-122.37082486343128,42.22321450953921],[-122.37082476792207,42.222808717117104],[-122.37082928568859,42.22240295520275],[-122.37083373580025,42.22199714473226],[-122.37083822988762,42.22156910070866],[-122.37084265628837,42.221141008614225],[-122.37084712747361,42.22070846237456],[-122.37085162043665,42.2202804327214],[-122.37085604571497,42.21985235499909],[-122.37085606061814,42.21941982127392],[-122.3708604851919,42.21899175314946],[-122.37086500014138,42.218563661171785],[-122.37086940179512,42.21813109113606],[-122.37087382524702,42.21770303738502],[-122.37087829345298,42.21727052988803],[-122.37088280690054,42.216842457109024],[-122.37088725266804,42.21641433626724],[-122.37088726494898,42.21598184128215],[-122.37089171001126,42.21555373004074],[-122.37089613126348,42.21512570503603],[-122.37090062068366,42.2146931451249],[-122.37133310926862,42.21469314334139],[-122.37176575685316,42.214693163600764],[-122.37219820238059,42.214697615703],[-122.37263523931321,42.214697580716425],[-122.37306779908104,42.21469762307701],[-122.373500292498,42.214697610437305],[-122.37393278686991,42.214697595631215],[-122.37436534950541,42.214697631491255],[-122.37479784578771,42.214697612352],[-122.3752304103348,42.21469764387817],[-122.3756629546577,42.214702049991864],[-122.37566298940216,42.21429629103962],[-122.37565852460652,42.21389499272998],[-122.37565844697653,42.213493647554195],[-122.37565407254361,42.21309232900603],[-122.3756495844948,42.21268653246968],[-122.3756495735063,42.21228525275743],[-122.37564513122223,42.211883894013134],[-122.37564516436122,42.21147816485072],[-122.37564063096931,42.211076843171234],[-122.37564068706837,42.21067104108793],[-122.37564060760627,42.210269729622375],[-122.37564066319685,42.209863936073745],[-122.37564062780359,42.20945817544151],[-122.37564063831663,42.20905684803445],[-122.37564069314254,42.208651067311486],[-122.37564065698726,42.208245319503924],[-122.37564064400114,42.20783949454042],[-122.37564065350682,42.20743818406243],[-122.37608659929911,42.20743818921547],[-122.3765369094138,42.207438222424294],[-122.37698728839854,42.2074337144686],[-122.37743323721062,42.20743371266715],[-122.37788355037534,42.207433738853396],[-122.37833395529854,42.20743373406445],[-122.37878436125732,42.207433726925956],[-122.3792302234383,42.20743374447019],[-122.37968063145779,42.207433732656234],[-122.38013094979034,42.2074337471211],[-122.38057690575903,42.20743372908269],[-122.38102722615197,42.20743373887296],[-122.3814776383022,42.20743371768471],[-122.38192796076551,42.20743372277711],[-122.3823738301015,42.207433724087764],[-122.38282431265758,42.20743374869067],[-122.38327468197554,42.20742928939718],[-122.38372055432968,42.207429283754024],[-122.38417088190091,42.20742927714887],[-122.3846212105068,42.20742926819492],[-122.38507169818325,42.20742928107277],[-122.3855175746254,42.20742926614956],[-122.38552204851325,42.20700119471348],[-122.38552202068297,42.206568698156346],[-122.38552642655239,42.20614058351116],[-122.38552644530782,42.20571252518231],[-122.38553096129716,42.20528001579357],[-122.38553091212472,42.2048519142564],[-122.3855309299804,42.20442387030587],[-122.38553537761497,42.20399132263791],[-122.38553541825816,42.20356320685024],[-122.38553988900073,42.20313517855589],[-122.38553988180574,42.20270264414327],[-122.38554428453558,42.20227457264571],[-122.3855443239498,42.20184647601764],[-122.38554872597959,42.20141841407595],[-122.38554880825276,42.200985870392536],[-122.3855532095787,42.2005578180564],[-122.38555324776385,42.200129740588636],[-122.3859992072407,42.20012974860483],[-122.38644951054971,42.20013415925972],[-122.38689542878707,42.20013861915589],[-122.38734134813188,42.200143076748056],[-122.38779167463824,42.20014310532281],[-122.3882375961621,42.20014755828436],[-122.38868351879316,42.20015200894184],[-122.38913389608986,42.20015645839196],[-122.38957973024117,42.20016093305084],[-122.39002569920403,42.20016092026411],[-122.39047169353992,42.20016541448269],[-122.39047160329268,42.200571160420715],[-122.39047158010246,42.20097696345187],[-122.3904671936473,42.20138274111604],[-122.39046716990488,42.201788552733795],[-122.39046716930042,42.20219428720685],[-122.39046266686198,42.202595596791106],[-122.39046273302446,42.203001392604726],[-122.39045818697745,42.2034071675198],[-122.39045825258881,42.203812971918964],[-122.39090421868347,42.2038174109009],[-122.39135454916345,42.20382187719158],[-122.39180046961476,42.20382188324698],[-122.39224634828226,42.20382634393141],[-122.39269668207855,42.20383080321895],[-122.39314260567507,42.20383080234101],[-122.39358857833864,42.20383522745187],[-122.39403891545047,42.20383967973567],[-122.3944848669501,42.20384418165706],[-122.394935248826,42.20384417233242],[-122.39538113517906,42.20384861682125],[-122.3953810891736,42.204254400959385],[-122.39537658874296,42.20466018862275],[-122.39537667538016,42.20506149563103],[-122.39537662856931,42.205467292598726],[-122.39537221792284,42.20587306445045],[-122.39537217055909,42.206278870002805],[-122.39536769194723,42.206684597634805],[-122.39536777724761,42.207085925819754],[-122.39536766174753,42.20749169139499],[-122.39581365445157,42.20749618625446],[-122.39625958093082,42.20750062600377],[-122.39670546016072,42.207500634740555],[-122.397151388806,42.207505069882025],[-122.397601682355,42.20750953201347],[-122.3980475647282,42.20750953381763],[-122.39849356399178,42.20751401482798],[-122.39893944843854,42.20751401202535],[-122.39938538253203,42.207518435623854],[-122.3998312943509,42.20752293836957],[-122.40027718193035,42.20752292865678],[-122.40027720343416,42.20792866944555],[-122.4002772013037,42.208334495978086],[-122.40027276759317,42.208740244841294],[-122.40027273957521,42.20914156961338],[-122.40027276002155,42.20954732751882],[-122.40026823465833,42.20995311786058],[-122.40026825455283,42.21035888434807],[-122.40026822548637,42.210760226049615],[-122.40026378991658,42.21116600056765],[-122.4007096744723,42.211170445772666],[-122.40115566940904,42.21117048370523],[-122.40160155613039,42.211174924302405],[-122.40204744395724,42.2111793625958],[-122.40249335130221,42.21117942227086],[-122.40293924129432,42.211183855956804],[-122.40338513239168,42.21118828733893],[-122.40383113359584,42.2111883114476],[-122.40427257180625,42.211192737924904],[-122.40471848434815,42.211192786105386],[-122.40516437976406,42.211197208294955],[-122.40516431395812,42.21079143370672],[-122.40516436446642,42.21039014523327],[-122.405164388878,42.20998435052227],[-122.40516886793826,42.20957856035596],[-122.40516880107643,42.20917280288376],[-122.40516878318772,42.20877147853744],[-122.40516880654057,42.2083657009442],[-122.40516882963834,42.207959927642065],[-122.40516885248101,42.20755415863101],[-122.40516435307185,42.20714834085566],[-122.40515992083881,42.20674258016802],[-122.40515990152605,42.2063412812379],[-122.40515540156828,42.20593547628686],[-122.40515096878487,42.20552972842185],[-122.40514655920015,42.205123903398636],[-122.40514658047282,42.20471816437627],[-122.40514207979375,42.20431237658737],[-122.40513757894549,42.203906593088924],[-122.40558350823063,42.20390660938566],[-122.40602943852909,42.20390662337916],[-122.40647530249751,42.203906582277156],[-122.40691678046856,42.20390659149175],[-122.40736267256831,42.20391105552233],[-122.40780860695462,42.20391106032562],[-122.40825454235379,42.20391106282561],[-122.40870047876577,42.203911063022296],[-122.40914187107781,42.20391108951357],[-122.40958774215696,42.203911032337295],[-122.41003368159609,42.20391102564784],[-122.4104796220477,42.20391101665503],[-122.41092559000509,42.2039155150672],[-122.41137144182026,42.203915530124924],[-122.41181293089093,42.2039155143014],[-122.41225878472063,42.20391552477674],[-122.41270473027052,42.203915504290045],[-122.41315058612456,42.20391551015994],[-122.41359653369841,42.20391548506686],[-122.414037937061,42.20391548652592],[-122.4144839135173,42.20391996655102],[-122.41492977345598,42.203919963232],[-122.41537563440644,42.20391995761043],[-122.41582165443381,42.20391997380831],[-122.41626306284178,42.20391996389024],[-122.41670904462833,42.20392443241702],[-122.41715490966249,42.20392441760593],[-122.41760077570802,42.203924400492234],[-122.41804671012633,42.20392443385896],[-122.41848815086922,42.20392892225842],[-122.41893411069265,42.203928869592524],[-122.41938004818398,42.20392889607151],[-122.41982591932336,42.20392886746551],[-122.42026740418065,42.20392888985416],[-122.42071323749285,42.20393331357499],[-122.42115917906797,42.203933330863556],[-122.42160512165518,42.203933345848675],[-122.4220509071805,42.2039333344198],[-122.42249244813344,42.20393777366788],[-122.42293830308599,42.20393781043567],[-122.4233842497562,42.20393781623022],[-122.42383019743805,42.2039378197213],[-122.42427162401044,42.20393776885352],[-122.42471753428124,42.20394222466655],[-122.42516784909799,42.20394224917368],[-122.42561384020138,42.20393778654644],[-122.42606415702447,42.20393780637917],[-122.42651011078402,42.203937796027326],[-122.42696042966,42.20393781118508],[-122.42740638545177,42.20393779620353],[-122.42785670638033,42.203937806686234],[-122.42830266420395,42.20393778707493],[-122.42875298718471,42.203937792882535],[-122.42919889529276,42.20393334041866],[-122.42964931098311,42.20393331287498],[-122.43009524949942,42.20393336545564],[-122.43054557653761,42.20393336191359],[-122.43099590460658,42.20393335602255],[-122.43144186949885,42.20393332019615],[-122.43189226700224,42.203933362401806],[-122.4323381432218,42.20393335062506],[-122.43278851397748,42.20392887848908],[-122.4332343921811,42.203928862084275],[-122.43368479374249,42.203928894938976],[-122.43413067397685,42.20392887390515],[-122.43458107759051,42.20392890208384],[-122.43502695985532,42.20392887642096],[-122.43547736552094,42.20392889992358],[-122.43592770482816,42.20392886830764],[-122.4363736575331,42.2039288884581],[-122.43682399889035,42.20392885216675],[-122.4372699155081,42.203933324576134],[-122.43772023565168,42.2039333650616],[-122.43817064752898,42.20393337451207],[-122.4386165379695,42.20393333030897],[-122.43906695189742,42.20393333508318],[-122.43951282105968,42.20393336770406],[-122.43996316964264,42.20393331503658],[-122.44041349594923,42.203933341473366],[-122.44085945886415,42.20393333845094],[-122.44130987792353,42.203933331523075],[-122.44175571451477,42.203937809443595],[-122.44220613567126,42.20393779783885],[-122.44265646715604,42.20393781257479],[-122.4431024351972,42.203937797964876],[-122.44355276873195,42.203937808025366],[-122.44399864810102,42.203937817477396],[-122.44444907438684,42.20393779417029],[-122.4444445408538,42.20434358253902],[-122.44444009768397,42.20474934650806],[-122.44444014689056,42.20515065598292],[-122.44443561238545,42.20555645718395],[-122.44443116824615,42.20596223398438],[-122.44442672376871,42.206368015077736],[-122.44442673445364,42.20677379869654],[-122.44442232674182,42.20717513111834],[-122.4444178138871,42.20758087227607],[-122.44440888355722,42.20800898309523],[-122.44439555780687,42.20843256159504],[-122.44438662651518,42.2088606819214],[-122.44437329972433,42.20928426982797],[-122.44436430005918,42.2097123468918],[-122.44435542807616,42.21013594243491],[-122.44434197159813,42.21056403077398],[-122.44433309866206,42.21098763572306],[-122.44431973184952,42.21141570486978],[-122.4443108579612,42.211839319224545],[-122.44429749009929,42.212267397876296],[-122.44428857780218,42.21269547953478],[-122.44427954436742,42.213119083947795],[-122.44426617494953,42.213547176881775],[-122.44425729869859,42.21397081477522],[-122.44424395153669,42.21439883573764],[-122.44423507433353,42.21482248303606],[-122.44378908099739,42.21482247665672],[-122.44334317939642,42.21482243927335],[-122.44290176490972,42.21482690880918],[-122.44245584196324,42.21482694832072],[-122.44200994333542,42.21482690405183],[-122.44156402240753,42.21482693895684],[-122.44112249133903,42.21482691716827],[-122.4406766631456,42.214826918792184],[-122.44023074523578,42.21482694681046],[-122.43978933735458,42.21483140043883],[-122.43934335399568,42.21483137109394],[-122.43934784966544,42.215259448402236],[-122.43935234514255,42.215687530483265],[-122.43935680243106,42.216120075639104],[-122.43935677370193,42.216548116055456],[-122.43936126855266,42.216976212504925],[-122.43936569579542,42.21740426094301],[-122.43937015225221,42.21783682543895],[-122.43937457910464,42.21826488347067],[-122.43937900576302,42.21869294627406],[-122.43938355236398,42.219125496587566],[-122.43938797863287,42.21955356898433],[-122.43939240470773,42.219981646152824],[-122.439392426494,42.22041415972534],[-122.43939685213398,42.22084224648768],[-122.43940136831975,42.22127030932092],[-122.43940575553825,42.22170286457696],[-122.43941027133569,42.22213093700247],[-122.43941478694079,42.22255901419911],[-122.43941910614355,42.22299153117765],[-122.4394236213596,42.22341961796608],[-122.4394280983348,42.22385216872578],[-122.4394325457377,42.2242802123129],[-122.43943702231896,42.224712772764086],[-122.43943701203153,42.225140827483834],[-122.43944142074606,42.22557334483242],[-122.4394459347528,42.2260014603965],[-122.43945043382303,42.22643395873056],[-122.43945488001286,42.22686203108913],[-122.43945928793698,42.22729456781772],[-122.43946373373652,42.22772264976629],[-122.43946823201932,42.22815516747851],[-122.4394726774295,42.22858325901681],[-122.439477175319,42.229015786418024],[-122.43948162033973,42.22944388754608],[-122.43992303491541,42.22944829822813],[-122.44036446524345,42.22944832831069],[-122.44080598731883,42.22944832742731],[-122.44124741962669,42.22944835299503],[-122.44168883838783,42.229452754645045],[-122.44213027272048,42.22945277569768],[-122.44257179879975,42.22945276578249],[-122.44301323511164,42.229452782320195],[-122.44345463473985,42.229457256446636],[-122.4438961638333,42.229457239757295],[-122.44433760315937,42.22945724952218],[-122.44433757132654,42.22988530353015],[-122.44433753921042,42.23031336230892],[-122.44433761184528,42.23073701866263],[-122.44433757916649,42.23116508693387],[-122.44433754620438,42.23159315997595],[-122.44433755056016,42.232016777646216],[-122.44433760779776,42.232444831465514],[-122.44433761159766,42.232868458528564],[-122.44434203577094,42.23329654874481],[-122.44434202476256,42.23372456402277],[-122.44434202776999,42.23414820519853],[-122.44434208364771,42.23457628276921],[-122.44434198102591,42.235004341023036],[-122.44434207396613,42.235427967595264],[-122.44434197077975,42.23585603533922],[-122.44434202553128,42.23628413194086],[-122.44434205018644,42.23670771981926],[-122.44434203692485,42.23713577310449],[-122.44434200005938,42.23756391268506],[-122.44434202387868,42.237987514673634],[-122.4443420097713,42.238415582217705],[-122.44434199538095,42.238843654531024],[-122.44434201836464,42.23926727062901],[-122.44434200341162,42.23969535243112],[-122.44434202583925,42.240118977919046],[-122.44433757462974,42.24054698949976],[-122.44433755878666,42.24097508555989],[-122.44433758033458,42.24139872515726],[-122.4443374964692,42.241826777893216],[-122.44433760824458,42.24225039815767],[-122.44433752381536,42.242678460380574],[-122.44433759734943,42.243106551463434],[-122.44433755004358,42.243530161743486],[-122.4443375555541,42.24395820949786],[-122.44433316882865,42.2443863166651],[-122.44432862347892,42.244814404509654],[-122.4443242216319,42.245246901352616],[-122.4443197663248,42.24567497006024],[-122.44431521985328,42.2461030722622],[-122.44431085459532,42.24653112178225],[-122.44430636045246,42.24696366667436],[-122.44430190365446,42.24739175450745],[-122.44429744648465,42.2478198471095],[-122.44429738129229,42.24824788982532],[-122.4442929764858,42.24868042531388],[-122.44428851824149,42.2491085322712],[-122.4442840829544,42.24953656244592],[-122.44427955649498,42.24996462611626],[-122.44427518793664,42.250392718650474],[-122.44427062297831,42.25082525418293],[-122.4442661862009,42.25125330347753],[-122.44469868191847,42.251253316029505],[-122.44513126938907,42.2512532976844],[-122.44556829464119,42.25125335682289],[-122.4460008464431,42.25125779649423],[-122.44643334601304,42.25125780035489],[-122.44686584653202,42.25125780204875],[-122.44729843880322,42.25125777284322],[-122.44773094122007,42.251257770202955],[-122.44816790480529,42.25125776335721],[-122.44860053010605,42.25126224282068],[-122.44903303542462,42.25126223365614],[-122.44946554169184,42.251262222324726],[-122.44989811639006,42.251262261647796],[-122.45033062455497,42.25126224598223],[-122.45076759394698,42.2512622259768],[-122.45120013446673,42.251266721143885],[-122.45163264553213,42.2512666989543],[-122.45206522503159,42.25126672741743],[-122.452497737994,42.2512667008936],[-122.4529302519044,42.2512666722028],[-122.45336729458855,42.251266691856344],[-122.4537998411283,42.25127117399283],[-122.45423226713677,42.25127116751725],[-122.45424122899598,42.25083416342543],[-122.45425465064528,42.25039716195164],[-122.45426352070609,42.24996019653817],[-122.4542769412663,42.24952320500397],[-122.4542858336415,42.24908616797594],[-122.45429916231639,42.24864921512],[-122.45430812118,42.248212240846605],[-122.45432147207785,42.247775216379196],[-122.45433042994289,42.247338252045786],[-122.45434377975289,42.246901237519914],[-122.45435266913712,42.246464230315084],[-122.45436608534169,42.24602727854203],[-122.4543749737288,42.245590281278254],[-122.45438841215247,42.24515325790072],[-122.45439729954228,42.24471627057887],[-122.45441064608958,42.24427928587879],[-122.4544240828564,42.243842277415524],[-122.45484769181998,42.24385119212701],[-122.45527572492396,42.243864563870105],[-122.45570386321485,42.243873524793],[-122.45613193513306,42.24388243078525],[-122.4565600081583,42.24389133465394],[-122.45698799150539,42.24390026513594],[-122.45741606674466,42.243909164757916],[-122.457844174287,42.24392257656878],[-122.45827225178513,42.2439314719437],[-122.45870033038997,42.24394036519499],[-122.4591283868027,42.243949337865914],[-122.45955650373135,42.243953765360736],[-122.45998895455334,42.24396267834428],[-122.46041714105979,42.243967154372264],[-122.46084517031163,42.24397160421361],[-122.4612732005809,42.24397605193173],[-122.46170575912407,42.243980547603456],[-122.46213379143882,42.24398499105258],[-122.46256198304657,42.24398945643707],[-122.4629899816435,42.243998357148364],[-122.46342254435515,42.2440028442136],[-122.4638505807943,42.244007279146224],[-122.46385056456919,42.244408621831475],[-122.46385063888138,42.244809939963254],[-122.46385055466484,42.24521123822868],[-122.46385059280635,42.24561702643788],[-122.46385059887714,42.24601830438484],[-122.46385058140797,42.24641966807104],[-122.46385058698256,42.24682095439805],[-122.46385056901663,42.24722232646603],[-122.46385057409498,42.247623621173126],[-122.46429655602111,42.247628095152976],[-122.46474241635444,42.2476280808418],[-122.46518827769451,42.24762806422779],[-122.4656342075431,42.2476280981148],[-122.46608016168847,42.247628048145465],[-122.46652609355215,42.247628077425205],[-122.46697192355336,42.247632513524906],[-122.46741339720262,42.24763254122402],[-122.4678593321252,42.247632563615774],[-122.4683052005493,42.247632530902145],[-122.46875113748625,42.247632548686965],[-122.46875118827005,42.24803384692499],[-122.46875111282694,42.24843964012305],[-122.46875116311263,42.24884094678725],[-122.46875112235696,42.24924228639441],[-122.46875117214763,42.249643601438244],[-122.46875122169116,42.250044920671755],[-122.46874670767437,42.25045065664171],[-122.46874666588042,42.25085201305595],[-122.46874671463618,42.25125334490564],[-122.46874673346801,42.25168139779141],[-122.46874669643356,42.252105021755064],[-122.46874671470411,42.25253308412375],[-122.46874667711306,42.252956717472145],[-122.46874669482229,42.25338478932379],[-122.46874674747873,42.25380840330012],[-122.46874669711086,42.254236431824175],[-122.46874665840677,42.25466008394132],[-122.46874667499344,42.25508817475815],[-122.4687421978949,42.25551175779949],[-122.46874221387574,42.2559398580993],[-122.46874219730408,42.256363447414145],[-122.4687422127237,42.25679155719623],[-122.46874219559605,42.25721515589335],[-122.4687422337451,42.25764319358302],[-122.46874221606173,42.25806680166158],[-122.46874223035893,42.25849493040747],[-122.46918366171202,42.258494923173316],[-122.46962955550953,42.258494910521364],[-122.47007104453216,42.25849933317156],[-122.47051700790442,42.258499368749746],[-122.47096281394391,42.25849937797261],[-122.4714042503051,42.25849935938225],[-122.47185027256016,42.258503822491],[-122.4722916201363,42.258503828125846],[-122.47273758857017,42.25850385223122],[-122.4731789941386,42.258508287745066],[-122.47362496462253,42.258508307265224],[-122.47406640702278,42.2585082750596],[-122.47451228869686,42.25850831876164],[-122.47495369845994,42.258512745197365],[-122.47539967299663,42.258512755548004],[-122.47584558100581,42.258512710784224],[-122.47628700513269,42.25851274880025],[-122.47673294824489,42.258517215439696],[-122.47717439767736,42.2585171673386],[-122.47762028645946,42.25851719498521],[-122.47806171459794,42.25851722392512],[-122.47850766194624,42.25852168139302],[-122.47894911538651,42.2585216242153],[-122.47939500821967,42.258521642693914],[-122.47983649706985,42.25852609695961],[-122.48028239195162,42.258526110853694],[-122.48072828783943,42.258526122444486],[-122.48116972301221,42.25852613548917],[-122.48161567778803,42.25853057689483],[-122.48205711498838,42.258530585400756],[-122.48250301492577,42.258530587823344],[-122.48294445410754,42.2585305917915],[-122.48339041311668,42.25853502402519],[-122.48383185432533,42.2585350234545],[-122.4842688010787,42.25853948771363],[-122.48471024429422,42.25853948265013],[-122.48515172248658,42.258543991301316],[-122.48558870589719,42.25854398570741],[-122.48603020944992,42.25854840828325],[-122.48647162326876,42.25855285737897],[-122.48691307153855,42.25855284104793],[-122.48735009315449,42.25855734250511],[-122.48779154343073,42.25855732168074],[-122.48823296145505,42.25856176176608],[-122.48866992859777,42.258561822152245],[-122.48910695310755,42.25855733557864],[-122.48954840730326,42.25855730576947],[-122.48998537730779,42.25855735949729],[-122.49042240453974,42.25855286626726],[-122.49086377081377,42.258552858515],[-122.49130083448917,42.25855287680076],[-122.49173783157102,42.258552840075886],[-122.49217483919384,42.25854841955985],[-122.49261620933048,42.25854840284783],[-122.49305327683162,42.2585484122611],[-122.49349471648904,42.25854844385363],[-122.49393171836823,42.25854839602279],[-122.49437315998549,42.25854842312291],[-122.49481007299417,42.258548399632566],[-122.49525160737983,42.258548393452514],[-122.49568855743205,42.25855288146673],[-122.49613000301478,42.258552899581424],[-122.49656707832139,42.25855289120204],[-122.49700845829614,42.25855285203044],[-122.49744544473329,42.258552867993444],[-122.49788689423433,42.25855287712312],[-122.49832388261098,42.25855288863904],[-122.4987653927392,42.258557327637234],[-122.49920238310047,42.258557334704975],[-122.49964383656517,42.258557334848504],[-122.50008082886535,42.25855733746906],[-122.50052228428851,42.258557333119974],[-122.50095927852725,42.2585573312933],[-122.50140064510107,42.25855735124613],[-122.50183770026555,42.258561779326925],[-122.50227906884332,42.25856179478738],[-122.50271606700392,42.25856178406599],[-122.50316205814211,42.258561814133344],[-122.50360798270721,42.25856178910818],[-122.50405381746869,42.258561790576685],[-122.50449977558341,42.258557297798816],[-122.50494567988544,42.258557347448935],[-122.50538714615033,42.25855731821917],[-122.50583298486944,42.25855731049888],[-122.5062789829804,42.25855732446207],[-122.50672482370639,42.258557312135316],[-122.50717073301902,42.258557350290964],[-122.50761666655785,42.2585573045571],[-122.50806257787825,42.2585573381055],[-122.5085040875454,42.25856180885895],[-122.50894990224454,42.25856624817868],[-122.5093959074651,42.25856624603511],[-122.50984179189707,42.25857073353006],[-122.51028760983716,42.258575165937934],[-122.5107336181611,42.25857515688076],[-122.511175043436,42.25857964277099],[-122.51162093219656,42.25858412107165],[-122.51206678521721,42.2585840811478],[-122.51251276692844,42.25858852603397],[-122.51251727370753,42.25901662880974],[-122.5125216526093,42.2594402491368],[-122.51252162884907,42.25986831398848],[-122.51252615822476,42.260296349416386],[-122.51253066419535,42.26072447119837],[-122.51253510237883,42.26115254496011],[-122.51253954036986,42.26158062348491],[-122.51253947851507,42.262004195837186],[-122.51254391607849,42.26243228383888],[-122.51254844426386,42.26286034779412],[-122.5125528814432,42.263288445321685],[-122.5125574092463,42.26371651880211],[-122.51256177844105,42.26414457306715],[-122.51256178273623,42.26456822644152],[-122.512566242321,42.264996261371216],[-122.5125707693162,42.26542435385243],[-122.51257513769674,42.26585242711735],[-122.51301670370495,42.26584797524991],[-122.51346254472328,42.26584795568819],[-122.51390845434898,42.26584798661324],[-122.51434992496408,42.265847939117386],[-122.51479586711179,42.26584350148049],[-122.51523724883518,42.26584347826132],[-122.51568316240657,42.26584350001883],[-122.51612464410051,42.265839061074864],[-122.51657049201246,42.265839025461204],[-122.51701194524867,42.265839045955154],[-122.51745789301376,42.265834594572006],[-122.51789934818001,42.2658346105281],[-122.51834526764583,42.26583461853425],[-122.51878668728504,42.265830113195385],[-122.51923260869906,42.2658301166181],[-122.51967406776967,42.26583012349812],[-122.52012002114995,42.265825658367945],[-122.52056594551502,42.265825654903054],[-122.52100731668799,42.26582568378507],[-122.52145327287997,42.26582121177],[-122.52189473680065,42.265821207293726],[-122.52234066510819,42.26582119466083],[-122.52234066457696,42.26622254971882],[-122.52234065725348,42.26662829141579],[-122.52234062647612,42.2670341189998],[-122.5223406186469,42.267439869256705],[-122.52234064032001,42.267841159593814],[-122.52234069961038,42.26824697114885],[-122.52234060020166,42.26865276302219],[-122.5223406211284,42.26905406601104],[-122.52234061204113,42.26945983757249],[-122.52278651982242,42.26946875079142],[-122.52323242879133,42.26947766170578],[-122.52367833894787,42.269486570315536],[-122.52412878174644,42.26949552340908],[-122.52457469428957,42.26950442738619],[-122.52502051719388,42.26951335788641],[-122.52546643211173,42.2695222572547],[-122.52591681208827,42.26953114822781],[-122.52636270619566,42.269540124577475],[-122.52680862468655,42.26954901700874],[-122.52725454436434,42.269557907135315],[-122.52770044203581,42.26956687657133],[-122.52815082801418,42.26957575588245],[-122.528596757189,42.269580256293594],[-122.52904268157994,42.2695891371779],[-122.52948851633208,42.26959804458993],[-122.52993888387614,42.2696069961813],[-122.53038487947498,42.26961592291023],[-122.53083071779902,42.269624823386394],[-122.53127671577265,42.26963374550509],[-122.53172702048298,42.269642634981444],[-122.53217293001704,42.269651581302085],[-122.53261886943687,42.26965606092207],[-122.53306474231039,42.26966048545768],[-122.53351068391885,42.26966496046802],[-122.53395662662182,42.26966943317335],[-122.53440250277612,42.26967385079531],[-122.53485282092932,42.26967834117614],[-122.53529876692524,42.269682806944076],[-122.53574471401537,42.26968727040694],[-122.53619059455366,42.26969167878781],[-122.53663645300723,42.269696166480855],[-122.53708240337889,42.26970062302925],[-122.53752835484447,42.269705077272526],[-122.5379742165801,42.26970955805208],[-122.53842017023328,42.26971400768553],[-122.53887049833686,42.269718477095395],[-122.53931645418777,42.269722922095916],[-122.53976232030877,42.26972739363452],[-122.54020827834664,42.269731834025116],[-122.54065414665465,42.26973630095471],[-122.54110001605603,42.26974076558001],[-122.54154597737386,42.26974519905585],[-122.5419918489618,42.269749659072055],[-122.54199186705165,42.27019558606468],[-122.54198748358614,42.27064596080093],[-122.54198296896816,42.27109185233309],[-122.5419784938721,42.27154226641032],[-122.54197406928157,42.27198813948493],[-122.54196952572053,42.27243851128091],[-122.5419651679917,42.27288444752033],[-122.54196071445428,42.27333480096148],[-122.54196059951222,42.27373610191165],[-122.54196061505681,42.27414189587945],[-122.54196065811107,42.27454322917613],[-122.54196063325641,42.274944513879035],[-122.5419606480503,42.27535032058982],[-122.54196062269884,42.275751613708884],[-122.54196063699109,42.2761574289306],[-122.54196070198046,42.27655870161492],[-122.5419606758857,42.27696000733441],[-122.54240206770906,42.276964500630974],[-122.54284357913156,42.276964497587],[-122.54328053566165,42.276964528139814],[-122.5437220490355,42.276964520602085],[-122.54416346817,42.276968923253776],[-122.5446048927119,42.27696894005271],[-122.54504631823426,42.27696895459399],[-122.54548783557487,42.276968938022684],[-122.54592926305787,42.27696894804818],[-122.54637066420067,42.276973421041745],[-122.54681218452761,42.27697339769496],[-122.54725361499695,42.27697340094632],[-122.54769504644625,42.276973401939955],[-122.54813645173905,42.276977865899696],[-122.54857804370778,42.276977886295896],[-122.54901947814322,42.2769778805149],[-122.54946091355836,42.27697787247615],[-122.54990232300058,42.276982327401534],[-122.55034376042082,42.27698231484661],[-122.5507852665004,42.27698235280891],[-122.55122670588017,42.27698233573803],[-122.55166814623925,42.276982316409345],[-122.5516636758414,42.277410395248076],[-122.55166367038628,42.277838471411734],[-122.551663691429,42.27826208696823],[-122.55166368541559,42.2786901726049],[-122.5516636791215,42.27911826300291],[-122.55165916615933,42.27954184730857],[-122.55165925010463,42.27996991831619],[-122.55165924292703,42.280398022948596],[-122.55165916778166,42.28082607956293],[-122.5516548120206,42.28124970658173],[-122.55165473627117,42.28167777266801],[-122.55165475108724,42.282105814649206],[-122.55165476927546,42.28252947717392],[-122.5516547835339,42.28295752862566],[-122.55165033162089,42.283385592284866],[-122.55165028124415,42.283809216111386],[-122.55165029461928,42.28423728179365],[-122.55209171989648,42.28423728794653],[-122.55252868015353,42.28423729933655],[-122.55297019823186,42.28423727212845],[-122.55341162643751,42.28423727153059],[-122.55385312331805,42.28423732145731],[-122.55429455348286,42.28423731634364],[-122.55473151857821,42.28423731658105],[-122.55517295069146,42.28423730697471],[-122.55561438378369,42.28423729511061],[-122.55605581785487,42.28423728098872],[-122.55649285451668,42.28423732508918],[-122.55693429053629,42.28423730647418],[-122.55737572753459,42.28423728560137],[-122.55781723321334,42.28423731524985],[-122.55825867216943,42.28423728986102],[-122.55869564596706,42.28423727002827],[-122.55913715457407,42.28423729292464],[-122.5595785056056,42.28423728966002],[-122.56002001617125,42.28423730804002],[-122.56045699383436,42.284237279289506],[-122.56089850634848,42.28423729317548],[-122.5613398612844,42.284237280903696],[-122.56134878611785,42.28463862391783],[-122.56135330962518,42.28504441632887],[-122.5613621665487,42.28544571497321],[-122.56136668976731,42.28585151588703],[-122.56137554648822,42.28625282293789],[-122.56138000170704,42.286658579575025],[-122.5613890167927,42.28705991893255],[-122.56139793825626,42.28746567611148],[-122.56140230220298,42.287871474403644],[-122.56139790196416,42.288295072323685],[-122.56139347552111,42.2887231414731],[-122.56138895784845,42.28915124426363],[-122.56138453066679,42.28957932293351],[-122.56138003540013,42.29000735357951],[-122.56137560748004,42.29043544176904],[-122.56137117919104,42.29086353471869],[-122.56136668281508,42.291291579642724],[-122.5613622537876,42.291719682112095],[-122.56135775667185,42.29214773655471],[-122.56135325918586,42.292575795756356],[-122.56134882905015,42.29300391250509],[-122.56134442169436,42.29343195234103],[-122.56133994898549,42.293855558655984],[-122.56133545002358,42.294283636844426],[-122.56133095069133,42.294711719791955],[-122.56132654186257,42.29513977861291],[-122.56132654779606,42.29554555518716],[-122.56132648850553,42.29594689751585],[-122.56132649393746,42.29635268259294],[-122.56132652502684,42.296754004444544],[-122.561326529958,42.2971597980242],[-122.56133096041137,42.297561067515154],[-122.56133096488348,42.297966869596095],[-122.56133099502455,42.29836820826437],[-122.56133102214827,42.298773937163574],[-122.5613398967041,42.299206513872136],[-122.56135323618183,42.29964347360233],[-122.56136664337183,42.30008049107973],[-122.56137560580196,42.300517439803414],[-122.56138901291108,42.30095446718306],[-122.56140237820533,42.30138697867672],[-122.56141124951354,42.30182397109484],[-122.56142465652444,42.30226101327677],[-122.56100989794385,42.30226544934189],[-122.56059527273709,42.30227437546739],[-122.5601805156684,42.30227880755181],[-122.55977029515401,42.302283282543186],[-122.55935567209688,42.30229220272462],[-122.55894091730906,42.3022966288589],[-122.55852623102942,42.302301105804766],[-122.55811151924081,42.302310048908716],[-122.55769683447186,42.30231452187456],[-122.5572865507446,42.30231893227092],[-122.55687184110641,42.30232786942923],[-122.55645715861743,42.302332336445666],[-122.5560158130052,42.30232788253775],[-122.55556984189214,42.3023234101385],[-122.55512840754089,42.30231898057603],[-122.55468697078372,42.30231893521889],[-122.55424107060344,42.30231450875675],[-122.55379957170595,42.302310019588695],[-122.55335367369844,42.302305588539895],[-122.55291217695458,42.30230109483046],[-122.55247074900343,42.30229665166932],[-122.55202491822106,42.3022966530263],[-122.55158340148458,42.302292234206604],[-122.55114637684478,42.302287723980704],[-122.55070495313203,42.30228327178458],[-122.55026799832275,42.30227880991813],[-122.5498309536724,42.30227437471781],[-122.5493940009645,42.30226990842459],[-122.54895258150579,42.30226544726205],[-122.5485155400179,42.30226100539788],[-122.54807859047293,42.302256532442236],[-122.54763708331588,42.302252093426176],[-122.54720013588327,42.302247616021276],[-122.54676316203329,42.302247604560414],[-122.54632165802454,42.302243158812665],[-122.54588471371049,42.30223867474559],[-122.54544767955528,42.302234217340185],[-122.54501064645146,42.30222975772084],[-122.5445692375921,42.30222527413063],[-122.54413227430881,42.30222086287559],[-122.54369524436913,42.3022163965927],[-122.54325374781214,42.30221193514463],[-122.54281687858445,42.30220748835476],[-122.54237985180964,42.30220301540841],[-122.54194282608674,42.302198540248206],[-122.54193839986212,42.30262662667493],[-122.54193391035123,42.30305027847334],[-122.54192941568505,42.30347832154773],[-122.5419294561709,42.303906415213596],[-122.54192498879743,42.30432999939472],[-122.54192049306829,42.30475805668824],[-122.54191609267276,42.30518170305356],[-122.54191606420049,42.305609762824986],[-122.54191159541115,42.30603336573443],[-122.54190709825191,42.306461441953886],[-122.54190269162545,42.306889494055035],[-122.54190275762238,42.30731315686991],[-122.54189825940084,42.30774124730845],[-122.54189372111654,42.30816482082873],[-122.54189378136849,42.30859288486377],[-122.54188931011078,42.30901652057105],[-122.54188490136737,42.30944460105778],[-122.54189377862654,42.30987716324908],[-122.54190714745819,42.310309641592774],[-122.54191605258691,42.31073774433446],[-122.54192502048605,42.311170292147565],[-122.54193392056219,42.311602791982025],[-122.541947356916,42.31203534249537],[-122.54195616590981,42.31246788090606],[-122.54196506571178,42.31290039528698],[-122.54197403312793,42.31333296734785],[-122.54198740156481,42.31376548442263],[-122.54199632914884,42.31419354380032],[-122.54200522857346,42.31462607752632],[-122.54201421881278,42.315058587220165],[-122.54202758705358,42.315491123633905],[-122.54203648620516,42.31592367190538],[-122.54204538525022,42.31635622502591],[-122.5420587765522,42.316788694263344],[-122.54248684759978,42.316779777563994],[-122.5429194283208,42.316775374369804],[-122.54335197009895,42.31676644632904],[-122.54378001554912,42.31676199307316],[-122.5442125310405,42.316757530570854],[-122.54464507518036,42.31674859606102],[-122.54507312309998,42.31674413639911],[-122.54550566879591,42.316735197584514],[-122.54593825532032,42.31673077927723],[-122.54637077496348,42.3167263059717],[-122.54679876284288,42.316717396812166],[-122.5472312841315,42.31671291919954],[-122.54766390148747,42.31670402241956],[-122.54809195514136,42.31669954780306],[-122.54852441539518,42.31669062277615],[-122.54895700772023,42.31668618935588],[-122.54938953315882,42.31668170093979],[-122.549817594194,42.31667282966748],[-122.55025012127774,42.316668336943806],[-122.55068265319495,42.31665945395105],[-122.55111071258035,42.31665496438006],[-122.55154330989862,42.31665051801088],[-122.55198468814488,42.31664603048558],[-122.5524261989559,42.31664603445775],[-122.55286764676381,42.316641595246736],[-122.55330900082207,42.316641570770635],[-122.55375051452457,42.31664156796887],[-122.55419196508585,42.316637121987625],[-122.5546334807007,42.31663711466965],[-122.55507493308225,42.31663266417484],[-122.55551635968745,42.31663268123711],[-122.55595778727168,42.31663269604164],[-122.55639924240624,42.31662823877651],[-122.55681396913532,42.316628185118304],[-122.55723307860421,42.316623762477235],[-122.55764771610437,42.3166237337116],[-122.558062448616,42.31661928596788],[-122.55847715555062,42.31661930604055],[-122.55889188966043,42.316614854313656],[-122.55930655679484,42.316610347774244],[-122.55972126623408,42.31661036187024],[-122.56013600271847,42.3166059041694],[-122.56055071384196,42.31660591428047],[-122.56096536100358,42.31660148149851],[-122.56138000605513,42.31660143480529],[-122.56181255895223,42.3166237269029],[-122.56224958283771,42.31664600877889],[-122.5626820476047,42.31666832543332],[-122.56311460468085,42.31669061102187],[-122.56354723090546,42.31671294726618],[-122.56397969983996,42.316735257434985],[-122.56441673074242,42.31675752836473],[-122.5648492024664,42.316779834187614],[-122.56528176649893,42.31680210894218],[-122.56571424100011,42.31682441044151],[-122.56614680780963,42.316846680871556],[-122.56657935285241,42.31686903086322],[-122.5670163921703,42.31689128866177],[-122.56744887223775,42.31691358149104],[-122.56788135369351,42.316935872158695],[-122.56831399522444,42.31695818456928],[-122.5687464794571,42.31698047091282],[-122.5691835026375,42.317002799489664],[-122.56961598965881,42.31702508148705],[-122.57004856898739,42.31704733241077],[-122.57048112655545,42.317069662897296],[-122.57091361774087,42.31709193840868],[-122.57135955588632,42.31708747772919],[-122.57180540401721,42.31708304366133],[-122.57225134397167,42.31707857837792],[-122.57269281495418,42.31707411939344],[-122.57313866578907,42.31706967844389],[-122.57358460844696,42.31706520627739],[-122.57403055200896,42.31706073180866],[-122.5744719356426,42.31705629264751],[-122.5749178810032,42.317051813597814],[-122.57536373634947,42.31704736116337],[-122.57580968351779,42.31704287750961],[-122.57625122941832,42.3170384531473],[-122.57669711192449,42.31702952400056],[-122.57714297083068,42.31702506238358],[-122.57758445157889,42.317020578399806],[-122.57803038006566,42.31701616500957],[-122.57847624167375,42.31701169651065],[-122.57891772509505,42.31700720571253],[-122.57936365628532,42.3170027854392],[-122.57980954472683,42.31699384023677],[-122.58025093985742,42.316989371547926],[-122.58069687370401,42.316984944393],[-122.58071916592284,42.31655684906285],[-122.58074145741823,42.316128758487565],[-122.5807638159753,42.3157007254701],[-122.58078610602311,42.31527264440394],[-122.58080839534752,42.31484456809261],[-122.58083068394849,42.31441649653612],[-122.58085297182616,42.31398842973442],[-122.58087972867149,42.313560358669385],[-122.58090201505823,42.313132301376946],[-122.58092423294082,42.31270419604048],[-122.58094660878828,42.3122761193386],[-122.58096889300496,42.31184807631134],[-122.58099119962411,42.31141995632285],[-122.58101348239408,42.31099192280594],[-122.5810357875659,42.3105638123296],[-122.5810580688893,42.310135788322995],[-122.58108037261394,42.30970768735874],[-122.58106701252638,42.30927963439867],[-122.58105358465157,42.30885153339275],[-122.58104022454084,42.30842348992852],[-122.58102688754151,42.30799536950322],[-122.58100899056524,42.30756729175682],[-122.5809956304642,42.30713926253533],[-122.58098229347377,42.3067111563555],[-122.58096886557729,42.30628308383993],[-122.58095546160061,42.30585054754532],[-122.58093765573045,42.305422464668226],[-122.5809242278446,42.30499440644709],[-122.58091089083813,42.30456632406111],[-122.58089755381924,42.304138246424465],[-122.58088412589989,42.30371020244989],[-122.58087078885717,42.30328213431149],[-122.58085291546345,42.30285402713312],[-122.5808395784416,42.30242596849232],[-122.58084401968406,42.30201575095346],[-122.58084852755772,42.30160997690778],[-122.5808485228378,42.30119969535785],[-122.58085293919517,42.30079395881906],[-122.58085740223606,42.30038367696802],[-122.58086184181596,42.29997348117895],[-122.58086181204897,42.299567684857024],[-122.58086634186884,42.29915746884879],[-122.58087080358494,42.29874720442975],[-122.58087074908967,42.29834588868307],[-122.58086631716466,42.2979445571965],[-122.5808662860985,42.297538782246974],[-122.58086632177992,42.29713745018099],[-122.58086626634156,42.29673615120364],[-122.58086632539957,42.29633036007629],[-122.5808663603385,42.295929040600534],[-122.58086632802366,42.295523286882336],[-122.58086636246698,42.29512197581541],[-122.58088417669052,42.29472066190851],[-122.58089754650415,42.294314893977095],[-122.58091538272147,42.293913506804536],[-122.58093321908733,42.293507738398404],[-122.58094656347137,42.29310645030063],[-122.58096439870778,42.2927006904011],[-122.58098232421936,42.2922949058744],[-122.58099559927481,42.29189357764894],[-122.58101352365505,42.291487801630254],[-122.58102679767481,42.29108648181967],[-122.58104022980834,42.29068519005968],[-122.5810491264327,42.29028385869719],[-122.58106248986753,42.289882522537084],[-122.58107585280656,42.289481190561766],[-122.58108923904231,42.28907539618938],[-122.58110266873052,42.288674125396525],[-122.5811160301773,42.28827280602153],[-122.58112501496744,42.28787147091228],[-122.58156640530709,42.28787590268805],[-122.58200788814814,42.28787591852855],[-122.58244481353388,42.28788035483712],[-122.58288629836537,42.28788036618334],[-122.5833277606237,42.287884841711154],[-122.5837647803812,42.287884857658106],[-122.58420617697293,42.287889275927704],[-122.58464764238185,42.287893744701215],[-122.58508466512193,42.28789375396302],[-122.58552613261254,42.28789821824103],[-122.5859675335947,42.28789824272712],[-122.5864044682898,42.287902658981075],[-122.58684596211373,42.287902650067466],[-122.58728743377641,42.2879071053323],[-122.58772443934251,42.287911567661084],[-122.5881658453261,42.28791158090135],[-122.58860285295292,42.287916038780416],[-122.58904432882288,42.28792048505426],[-122.58948573781798,42.28792049154218],[-122.58992274856314,42.28792494273495],[-122.59036422730554,42.2879249974871],[-122.59080124011142,42.28792944422968],[-122.59120700634189,42.28793387361972],[-122.59161275039011,42.28793838276955],[-122.59201854108382,42.28793834190795],[-122.59242875418182,42.28794283767422],[-122.59283452401553,42.28794725940879],[-122.59324036252089,42.28795173199026],[-122.59363713119583,42.287951731646174],[-122.59403852658377,42.287951743668835],[-122.59443985501386,42.28795170106993],[-122.59484113881359,42.2879562047059],[-122.59524246889785,42.287956158373866],[-122.59564377670405,42.287956191844984],[-122.59608071108079,42.28796064075822],[-122.59652220381396,42.287960664002256],[-122.5969636076248,42.287965098664976],[-122.59740510235615,42.287965117391536],[-122.59784213171056,42.287969528465695],[-122.5982835375798,42.28796957161568],[-122.59872501332913,42.28797405001737],[-122.59916197684937,42.287974016895866],[-122.59960345467789,42.28797849080207],[-122.60004495538311,42.28797849602128],[-122.60048190007171,42.287982922642676],[-122.60089657364158,42.287973997800115],[-122.60131133735169,42.28796065729533],[-122.6017260122542,42.287951728478724],[-122.60214068784434,42.28794279767444],[-122.60255538566872,42.2879293984642],[-122.60297013036879,42.287920516433886],[-122.60338918464159,42.28791159845778],[-122.60380393072658,42.287902712430004],[-122.60421863109298,42.28788930525593],[-122.60463331073007,42.287880362506975],[-122.60504805883583,42.28787147051629],[-122.60546267024264,42.28785808631169],[-122.60588188724167,42.28784918008378],[-122.60630096746961,42.28783578160417],[-122.60671573936945,42.2878224152218],[-122.60713488860692,42.287809065454844],[-122.607554061524,42.28779563198902],[-122.60797319101404,42.28778674456149],[-122.60839234214609,42.287773388711464],[-122.60881151695523,42.287759949162314],[-122.60923066932052,42.287746589258305],[-122.60964980149674,42.28773769371257],[-122.6100645783465,42.287724311301076],[-122.61048373259808,42.287710945335206],[-122.6109028196759,42.28769752460131],[-122.6113174868648,42.28768863150303],[-122.61173217532976,42.28767527004155],[-122.61214695524204,42.2876618776634],[-122.61256611259589,42.28764850162533],[-122.6129808028709,42.287635134190275],[-122.61339549374655,42.28762176477132],[-122.61381018522285,42.287608393368444],[-122.61422932469047,42.287599475649856],[-122.61464401741883,42.28758610025554],[-122.61505871074758,42.28757272287728],[-122.61547340467668,42.287559343515085],[-122.61588809920606,42.28754596216894],[-122.61630279433564,42.28753257883885],[-122.61671302229979,42.28751920434784],[-122.61712771862182,42.28750581707128],[-122.6175379477629,42.28749243867643],[-122.61795264527709,42.28747904745337],[-122.6183673433912,42.287465654246326],[-122.61877764210344,42.287452322719446],[-122.61919234140994,42.28743892556552],[-122.61960250241874,42.287421100005766],[-122.62001720287361,42.28740769890787],[-122.620431971733,42.28739434855891],[-122.62086446621895,42.287398764659756],[-122.62130142613518,42.2873987828768],[-122.62173845830593,42.28740323626764],[-122.62217542017639,42.28740325005847],[-122.62261245439208,42.28740769902139],[-122.62304941821651,42.287407708385956],[-122.62348638299501,42.287407715537896],[-122.62392342025491,42.28741215785915],[-122.62436038698691,42.28741216058477],[-122.62479733544792,42.28741662742374],[-122.62523430413323,42.28741662572343],[-122.62567141329454,42.28742111191779],[-122.62610838393338,42.287421105790706],[-122.62654535552588,42.28742109745094],[-122.62698230907458,42.287425553222306],[-122.62741928261957,42.287425540456496],[-122.62785639687084,42.28743001557912],[-122.62829328152628,42.287430027335816],[-122.62873033000446,42.28743444530329],[-122.62916737527293,42.287434476410425],[-122.62960433495228,42.28743891890002],[-122.63004122351228,42.2874389218059],[-122.63048273974893,42.28743893473764],[-122.63092417055105,42.287443359005934],[-122.63136122069938,42.28744337900063],[-122.63180263055548,42.287447880450344],[-122.63224408294406,42.287447831644954],[-122.63268113601853,42.287447844953974],[-122.63312248114295,42.28745228692679],[-122.63356400430968,42.28745228409116],[-122.63400096946853,42.28745231966977],[-122.63444247635164,42.287456778655816],[-122.63488384380493,42.28745674530054],[-122.63532088460128,42.28746121155405],[-122.63576232186378,42.287461226425904],[-122.63620376009906,42.28746123903955],[-122.63664080395782,42.28746569860577],[-122.63708224417474,42.28746570672473],[-122.63752368536424,42.287465712585465],[-122.63796066445208,42.28747011274534],[-122.63840210762206,42.28747011411166],[-122.638843534003,42.2874745795318],[-122.63928051090521,42.28747458837225],[-122.63972195702834,42.28747458298596],[-122.64016792261415,42.287479082332105],[-122.64060937073786,42.28747907240534],[-122.64105528813141,42.287479048137264],[-122.64150118903193,42.28748348787407],[-122.64194261713625,42.28748355280531],[-122.64238852014927,42.28748798795527],[-122.64283444159194,42.287487954491866],[-122.64328034102762,42.28748800040387],[-122.6437217788425,42.287492440860106],[-122.64416777113811,42.28749245322018],[-122.64461360574401,42.28749243952803],[-122.64460021836729,42.287050999335335],[-122.6445868481277,42.28660509799434],[-122.64457356870098,42.28615917284574],[-122.64456458161227,42.28571768294802],[-122.64455121125826,42.285271797031115],[-122.64453782373229,42.284830382268794],[-122.64452447632785,42.284384424942225],[-122.64451557391071,42.28393854219265],[-122.64410087082874,42.28393852707609],[-122.64368616860479,42.28393850996655],[-122.64327592949441,42.28393409445005],[-122.64286122902016,42.28393407337534],[-122.64245090653114,42.2839340671209],[-122.64203629300111,42.28392962889563],[-122.64162597224335,42.283929618717934],[-122.64121134305901,42.283929642424795],[-122.64079666443244,42.283925145529636],[-122.64038641408669,42.283925182169035],[-122.63997171967837,42.28392514720674],[-122.63956148868144,42.28392071402502],[-122.63953923974938,42.28347925546845],[-122.63952138561108,42.28303335312797],[-122.63949899596281,42.282587415224725],[-122.63947674747928,42.28214597192081],[-122.6394588936487,42.28170008499235],[-122.6394365952773,42.28125413354077],[-122.63941881480737,42.28081269350484],[-122.63939642589332,42.28036678126534],[-122.63981564300171,42.2803667785847],[-122.64023475259734,42.280371268309636],[-122.64065397150308,42.28037126155563],[-122.64106870625072,42.28037573031988],[-122.6414877682926,42.28037569576477],[-122.64190689903809,42.28037571188079],[-122.64232610413677,42.280380162486395],[-122.64274076908491,42.28038018668611],[-122.64315999331828,42.28038016775612],[-122.64357911038746,42.28038464123172],[-122.64399824559351,42.280384647188406],[-122.64441747249937,42.28038462214864],[-122.64441297944998,42.27998331714433],[-122.64441295378748,42.279582004081654],[-122.6444130187014,42.279180666243754],[-122.64441299254914,42.27877936155035],[-122.64441298326791,42.27837359579297],[-122.6444130474421,42.27797227055629],[-122.64441295272489,42.27757092576267],[-122.64441301640825,42.27716960889632],[-122.64441300613376,42.27676386011119],[-122.64482771413405,42.27676831094908],[-122.6452423492804,42.2767683236908],[-122.6456570760998,42.27676830548109],[-122.6460717129614,42.2767683142377],[-122.64649090879536,42.27676827969904],[-122.64690554738105,42.27676828444904],[-122.64732032866935,42.27677277600068],[-122.64773496901358,42.27677277676454],[-122.64814970102996,42.27677274657431],[-122.64856887826765,42.27677278359843],[-122.6489835211933,42.27677277836286],[-122.6493982557906,42.27677274217187],[-122.64984413252766,42.2767771920531],[-122.65029009467607,42.276777227269626],[-122.65073598998009,42.27677720748711],[-122.65118188627486,42.27677718540048],[-122.65162783504603,42.27678167875577],[-122.6520737333692,42.276781652059924],[-122.65251960970843,42.27678170471904],[-122.65296551001329,42.276781673415044],[-122.65341146298285,42.276786157549324],[-122.65385736531547,42.276786121635986],[-122.65430324566701,42.27678616507802],[-122.65474913395359,42.276790589605284],[-122.65519510714735,42.276790599469535],[-122.65564092267496,42.27679058330805],[-122.65608688196298,42.27679505361062],[-122.65652839065325,42.27679506942307],[-122.65697420918865,42.27679504637247],[-122.65742017162485,42.27679950978193],[-122.65786606003459,42.27679953481172],[-122.658312040248,42.27679952856514],[-122.65875784718096,42.27680396134288],[-122.6592038294217,42.27680395048643],[-122.65920379820486,42.27720975536745],[-122.65920387312026,42.27761107041601],[-122.65920830911499,42.27801687080441],[-122.65920830015538,42.278422606810956],[-122.65921273577587,42.27882841575446],[-122.65921274193732,42.279229694990605],[-122.6592127093075,42.27963552544972],[-122.65921716731228,42.280041265512224],[-122.65921724063134,42.28044261008588],[-122.65922164877438,42.280888519317884],[-122.65922607230034,42.28132996814487],[-122.65923057084886,42.281775858676646],[-122.65923499396352,42.28221731767733],[-122.6592394920972,42.28266321848506],[-122.65923944655937,42.28310470067543],[-122.65924394423156,42.28355061176031],[-122.65924845730522,42.283992062130736],[-122.65925288670192,42.28443793079365],[-122.65925730853647,42.284879420315946],[-122.65926173751619,42.28532529925321],[-122.65926624977035,42.28576676996849],[-122.65927067833401,42.28621265917982],[-122.65927519017886,42.28665414006744],[-122.65927963395517,42.28709557331471],[-122.65928406189565,42.28754147791107],[-122.65972552973524,42.287541451858615],[-122.66017144430172,42.28754149215845],[-122.66061283874969,42.28753702426178],[-122.66105884607661,42.287537030993384],[-122.66150469568949,42.28753701170371],[-122.66194614539914,42.28753705597509],[-122.66239208781678,42.28753700311579],[-122.66283802352156,42.28753256335276],[-122.66327940824507,42.28753254810498],[-122.66372533061312,42.28753257004074],[-122.6641712539716,42.28753258967203],[-122.6646126416248,42.28753256760447],[-122.66505858198309,42.28752811637062],[-122.66550450825562,42.28752812911262],[-122.66594589879175,42.28752810022585],[-122.66639182703405,42.2875281083823],[-122.66683337823088,42.287528098662726],[-122.66727921760943,42.28752813122285],[-122.66772516356335,42.28752366621367],[-122.66816662681077,42.28752367866289],[-122.66861255993625,42.28752367534349],[-122.6690584261699,42.2875236170256],[-122.66905396409992,42.28707776747687],[-122.66905400820367,42.286627361705385],[-122.66905394656452,42.28618145631099],[-122.66905397545429,42.28573552709068],[-122.66905391321298,42.28528963202584],[-122.66905394149869,42.284843713135764],[-122.66904950089062,42.28439781293746],[-122.66904954320603,42.28394743851877],[-122.66949544105043,42.28394743123715],[-122.6699413398842,42.28394742165132],[-122.67038278558285,42.28394295750021],[-122.67082866339243,42.28394302500835],[-122.67127011090241,42.283938556320415],[-122.67171601358103,42.28393853756527],[-122.67216191724859,42.28393851650585],[-122.67260343538304,42.28393409368671],[-122.67304934097268,42.28393406804214],[-122.67349517085106,42.28392960323757],[-122.67393667760585,42.28392963944931],[-122.67393674495052,42.283483708137645],[-122.6739367352417,42.283033345240575],[-122.6739411937342,42.282582973836796],[-122.67394110141666,42.28213703443651],[-122.67394109074185,42.2816866872962],[-122.67394115651915,42.28124078196922],[-122.67394114523142,42.28079044531526],[-122.67394114252187,42.280344497690976],[-122.67394108982974,42.27994318007661],[-122.67394112770916,42.2795418376561],[-122.67394107452927,42.27914052841123],[-122.67394563386226,42.27874369851729],[-122.67394558015506,42.27834239759561],[-122.67394561701599,42.277941071869],[-122.67394558575762,42.277539697650994],[-122.67394560809946,42.27714284535605],[-122.6739500213191,42.27674154736302],[-122.67395005716205,42.27634023833152],[-122.67395009275988,42.275938933485165],[-122.67395004622394,42.27554204502508],[-122.67395008133508,42.27514074850292],[-122.6739500483313,42.27473940349306],[-122.6739500689439,42.27434258007747],[-122.67395003545464,42.27394124339283],[-122.67395000172162,42.27353991089432],[-122.67395012641346,42.27313860626689],[-122.67350417255396,42.273138611062905],[-122.67305829639187,42.27314304916737],[-122.67261234446512,42.27314304935496],[-122.67216192604302,42.27314306090256],[-122.67171606690708,42.27314302747416],[-122.67127018582275,42.2731430733977],[-122.67081977040867,42.27314307793934],[-122.67037389987871,42.27314750217847],[-122.66992795386366,42.273147488493436],[-122.6694776092727,42.273147538703796],[-122.66903166524709,42.27314752038666],[-122.66858572221179,42.273147499764846],[-122.6681353806281,42.27314754297006],[-122.66768951573243,42.27315195334417],[-122.66724364348832,42.2731519784629],[-122.66679323700882,42.273151961988134],[-122.66634736675371,42.27315198247561],[-122.66590133883004,42.273151976959376],[-122.66545547055436,42.273151992838265],[-122.6650050531531,42.273156431641446],[-122.66455918682068,42.27315644288987],[-122.66411332147796,42.27315645183444],[-122.66366292197355,42.273156419021035],[-122.66321696781735,42.273156452309074],[-122.66277110545464,42.2731564543183],[-122.66232069374978,42.273160879115295],[-122.66187483333127,42.27316087649417],[-122.66142888309895,42.27316090054195],[-122.66097855741923,42.273160906398715],[-122.66053260917705,42.27316092581452],[-122.66008668488361,42.27316086127251],[-122.65963634672309,42.273165324745506],[-122.65919040141614,42.273165337225514],[-122.6587444726846,42.2731608827787],[-122.65829862020989,42.273160861679344],[-122.65785267792121,42.27316086724529],[-122.65740226946019,42.27316088340738],[-122.6569564199679,42.27316085537302],[-122.6565105643194,42.27315644206233],[-122.65606462604981,42.27315643838702],[-122.65561868877128,42.27315643240716],[-122.65517275248392,42.27315642412277],[-122.6547223660879,42.27315196166871],[-122.654276499676,42.27315200143806],[-122.65428090501038,42.27271497905366],[-122.65428100160143,42.272277998092555],[-122.65428540621959,42.27184098563744],[-122.65428534354639,42.271403990883286],[-122.65428543921853,42.27096702481273],[-122.65428984278599,42.27053002725126],[-122.65428986999777,42.27009301842545],[-122.65429427284982,42.269656030793726],[-122.65429429943542,42.26921903189679],[-122.65429432573026,42.268782037963994],[-122.6542988183267,42.26834503626515],[-122.65429875320018,42.267908081222615],[-122.65430324507949,42.267471089454055],[-122.65430327012115,42.26703411537912],[-122.65430769345548,42.26659708086342],[-122.65430771787089,42.26616011671808],[-122.65430767417003,42.26572310486026],[-122.6543121642783,42.265286137918864],[-122.65431221074014,42.264849107033],[-122.6543166323066,42.2644120973482],[-122.65431665517866,42.263975158026795],[-122.65432107602925,42.26353815827412],[-122.65432112123739,42.26310114725176],[-122.65432107537148,42.26266417015222],[-122.65432558595306,42.26222715634186],[-122.65432553946215,42.26179018917374],[-122.6543300493258,42.26135318529697],[-122.65433000220997,42.26091622806022],[-122.65432997776539,42.26047919416373],[-122.65433448657517,42.26004220518769],[-122.65433452932129,42.25960523389355],[-122.65433887882126,42.259168231137906],[-122.65433892094131,42.25873126977625],[-122.65389296311743,42.25873569170403],[-122.6534515556115,42.25873568837398],[-122.65300566743579,42.25874015838674],[-122.6525642618365,42.258740150518655],[-122.6521182847193,42.25874464490099],[-122.65167234768262,42.25874459240037],[-122.65123094497233,42.25874457771275],[-122.65078497063399,42.25874906520771],[-122.65033910432662,42.25874905848792],[-122.64989759732667,42.25875352889332],[-122.64945173294595,42.25875351758927],[-122.64901477753943,42.25875356072663],[-122.64857775527815,42.25875354897962],[-122.64814073396965,42.25875353501935],[-122.647699338943,42.25875350226839],[-122.64726238735408,42.25875353653228],[-122.6468253689134,42.25875351591045],[-122.6463884192285,42.258753545748924],[-122.64595140269341,42.258753520701],[-122.64550992171277,42.258753505696205],[-122.64507297489448,42.25875352887387],[-122.644635944277,42.25875796013521],[-122.64463593258951,42.258343263784965],[-122.64463590369536,42.25793303478263],[-122.64463587454588,42.25752281015707],[-122.64463595285356,42.25710809818557],[-122.64463592318957,42.25669788236146],[-122.64463591020375,42.25628320822971],[-122.64463143792189,42.255872931799125],[-122.64463149830101,42.2554627002116],[-122.64463148457956,42.25504803940135],[-122.64419002773691,42.25505247957143],[-122.64375303674956,42.2550569053273],[-122.64331155868274,42.25506142261805],[-122.64287012158131,42.255061393496526],[-122.64242866829831,42.25506582466262],[-122.64198719291744,42.25507033518271],[-122.64154574139596,42.255074761836006],[-122.64110437583719,42.25507477635647],[-122.64066283535412,42.25507922743312],[-122.64022145430937,42.255083699989726],[-122.63978439790878,42.25508367204785],[-122.63978002195235,42.25467792259406],[-122.63977550470007,42.25426769122586],[-122.63977106062289,42.25386189770863],[-122.63976654303353,42.25345167504495],[-122.63976209862244,42.253045890138154],[-122.63975767146047,42.25263564724497],[-122.63975322671465,42.252229870948895],[-122.63974879921298,42.25181963676113],[-122.63974435413243,42.251413869075705],[-122.63974876629447,42.25098574766285],[-122.63975317251031,42.25055325059332],[-122.63975765171452,42.25012519143568],[-122.63976208016553,42.249692622453225],[-122.63976655863048,42.249264572882645],[-122.63977103672731,42.248836528080425],[-122.63977546406223,42.24840397360473],[-122.63977996439814,42.24797585679479],[-122.63978444138739,42.24754782634878],[-122.63978886760604,42.24711528638061],[-122.6397933668336,42.24668718392955],[-122.63979777494191,42.24625911517758],[-122.6398022000451,42.245826589717424],[-122.63980669816512,42.24539850162567],[-122.63981119591654,42.244970418304],[-122.63981561990344,42.24453790735206],[-122.63982011691513,42.244109833619845],[-122.63981561677498,42.2436996334386],[-122.63981113944027,42.24328935604999],[-122.63980671236395,42.24288359683336],[-122.63980223469082,42.242473328154745],[-122.63979336108224,42.2420631284389],[-122.63978888311111,42.2416528685168],[-122.63978440496986,42.24124261297374],[-122.63977999442393,42.240832414464485],[-122.6397754986163,42.24042662852907],[-122.64021697681358,42.24042215719849],[-122.64066282853386,42.24041770056786],[-122.64110430850184,42.24041322470174],[-122.64155021263828,42.24041327698934],[-122.64199615783185,42.24040878454842],[-122.6424375497692,42.2404043307929],[-122.64288354751913,42.24040434726513],[-122.64332940471017,42.240399876866725],[-122.64377089009105,42.240395387367876],[-122.64421681684215,42.240390965039445],[-122.6446626599045,42.240390948597174],[-122.64465829281474,42.2399807312547],[-122.64465376704665,42.23957049457039],[-122.64464933184367,42.23916023333658],[-122.64464478892981,42.23875446605926],[-122.64464035338851,42.238344213536685],[-122.64463591767642,42.23793396539369],[-122.6446314817935,42.23752372163025],[-122.64462702894292,42.23711794270512],[-122.64462250199198,42.23670773657963],[-122.64506848285491,42.23670328196916],[-122.64551437388891,42.23669885398322],[-122.6459602721274,42.23669880253128],[-122.64640616500665,42.23669436994008],[-122.64685214951398,42.23668990611808],[-122.64729802767668,42.236689929327476],[-122.64774385552947,42.23668543718582],[-122.64818537962468,42.23668097880565],[-122.64863126066085,42.23668099512769],[-122.64907724974755,42.23667651981335],[-122.64952314900555,42.23667207112758],[-122.64951857216563,42.23624397673126],[-122.64951861673289,42.23581589839598],[-122.64951419797023,42.23538783724814],[-122.6495097790175,42.23495978086912],[-122.64950966434151,42.23453169313576],[-122.64950524496551,42.234103646295594],[-122.64950075762961,42.2336755515869],[-122.64950080070122,42.23324750187333],[-122.6494963129425,42.232819416704906],[-122.64949628773277,42.23239132389681],[-122.64949189026947,42.23196321934137],[-122.64948746966567,42.23153520111837],[-122.64948745995746,42.231102662870185],[-122.64948297116167,42.230674601602594],[-122.6494785728911,42.23024651617833],[-122.6494785461862,42.2298184520472],[-122.64947398901549,42.22939035245879],[-122.64991995549086,42.22939038704934],[-122.6503614088951,42.22938591959995],[-122.6508073095338,42.2293858969745],[-122.65125322721572,42.229381412494035],[-122.65169473508513,42.22938145040825],[-122.65214056389023,42.22937699027331],[-122.6525820059006,42.22937697101923],[-122.65302799501966,42.229372530002216],[-122.65347382655749,42.22936806298379],[-122.65391527141051,42.22936803691069],[-122.6543612632636,42.22936358900766],[-122.65480714962322,42.22936362727593],[-122.65524861300074,42.22935913484032],[-122.65569450128771,42.22935916852423],[-122.6561404290465,42.229354658804766],[-122.65658185669339,42.22935470065129],[-122.65702778628508,42.229350186349045],[-122.65747367843551,42.22935021084105],[-122.6579151243304,42.22934578633118],[-122.65836104134065,42.229345724679455],[-122.65880695167459,42.22934128274793],[-122.65924838505396,42.22934131095589],[-122.65925281340311,42.22891321665494],[-122.65925284661793,42.22848519265673],[-122.6592529024841,42.22805709187288],[-122.65925286736477,42.22762902479656],[-122.65925729437888,42.22720094958869],[-122.65925734936393,42.22677286312392],[-122.6592572981689,42.226349269551896],[-122.65926181487687,42.225921179681414],[-122.6592617105088,42.22549308380066],[-122.65926176433712,42.225065016378565],[-122.65926181788613,42.22463695372937],[-122.65926624255655,42.224208911886635],[-122.65926621255467,42.22378526505599],[-122.65926626522561,42.22335721667672],[-122.65926624984824,42.222929120455284],[-122.65927069611438,42.22250101611273],[-122.65927074790409,42.222072982053916],[-122.6597166599735,42.22207296724326],[-122.66016248234,42.22207297905949],[-122.6606083963912,42.222072959640805],[-122.66105437920366,42.22207299053025],[-122.66150029523693,42.222072966502665],[-122.66194612156738,42.22207296910377],[-122.66239203958179,42.22207294046805],[-122.66283802635994,42.222072962138995],[-122.66328385566267,42.222072957828665],[-122.6637298444236,42.22207297489033],[-122.66417567570772,42.22207296597236],[-122.66462166645107,42.22207297842471],[-122.6650674997163,42.222072964899034],[-122.66551349244172,42.22207297274202],[-122.66595932768769,42.222072954608606],[-122.66640523170253,42.222072986779814],[-122.66685115962132,42.22207293510098],[-122.66729706561782,42.22207296266367],[-122.66774297260541,42.22207298792212],[-122.66818897127602,42.22207298193684],[-122.66863481246307,42.22207294998003],[-122.66908070827775,42.22207742700091],[-122.6690807665818,42.22164491167814],[-122.66908074268014,42.221216807199276],[-122.66908515755127,42.22078877563953],[-122.66908513304995,42.22036068070971],[-122.66908510827102,42.21993259055442],[-122.66908962694411,42.21950008600303],[-122.66908960156165,42.21907200544677],[-122.66908966658596,42.21864390072727],[-122.66909410233781,42.218215816325994],[-122.66909407607707,42.217787750094345],[-122.66909852524972,42.21735521711711],[-122.66909849838625,42.21692716048492],[-122.66909856192498,42.2164990796911],[-122.66910299597268,42.21607101921765],[-122.669103058909,42.215642947974494],[-122.66910297721014,42.215210399966665],[-122.66910750091931,42.21478232493552],[-122.66866156198655,42.21478679227354],[-122.66821563813468,42.21478679947886],[-122.66776971527335,42.21478680437977],[-122.6673237934026,42.21478680697631],[-122.6668779488767,42.214791236168324],[-122.66642756766585,42.21479124740703],[-122.66598164873093,42.214791243068596],[-122.66553571632491,42.21479569426058],[-122.66508986709141,42.21479573791354],[-122.66464395108245,42.214795726663176],[-122.66419802146346,42.214800170945814],[-122.66375210739052,42.21480015508754],[-122.66330619430893,42.21480013692499],[-122.66286025930371,42.21480019798756],[-122.66241433341747,42.214804633056886],[-122.66196842326323,42.214804607982146],[-122.66152258186096,42.21480463320543],[-122.66107656808558,42.214809090291986],[-122.66063072861832,42.21480911090814],[-122.6601848223833,42.21480907661748],[-122.65973887915453,42.214813579396846],[-122.6592929748564,42.21481354049839],[-122.65884713930656,42.21481355190019],[-122.65840114631362,42.214813537317376],[-122.65795085165448,42.21481355692309],[-122.6575048453575,42.21481799555734],[-122.65705901373607,42.214817997721454],[-122.65661309242694,42.21481802650393],[-122.65616710435687,42.2148180003755],[-122.6557212757097,42.21481799562822],[-122.65527089634138,42.214818030170996],[-122.6548249634312,42.21482250756734],[-122.6543790699725,42.214822443278706],[-122.65393315457582,42.21482245821336],[-122.65348724017068,42.21482247084379],[-122.65304132675715,42.21482248116999],[-122.65259102823148,42.21482693066681],[-122.6521451167649,42.214826936362684],[-122.65169920629019,42.21482693975438],[-122.65125329680743,42.21482694084189],[-122.65080738831664,42.21482693962525],[-122.65036148081796,42.21482693610445],[-122.6499110973075,42.21483140053788],[-122.64946519175666,42.21483139238643],[-122.64901919651759,42.2148314108447],[-122.64857329295141,42.21483139808457],[-122.64812739037777,42.214831383020325],[-122.64768147247732,42.21483582351817],[-122.64723111098398,42.21483581610398],[-122.6467851884079,42.21483587563082],[-122.64633928976772,42.21483585132782],[-122.64589339212041,42.21483582472079],[-122.64544747251989,42.21483587733509],[-122.64500156025973,42.2148403039906],[-122.64455120474433,42.21484028259109],[-122.64410528808348,42.2148403282706],[-122.64365939536381,42.21484029012095],[-122.64321348068727,42.21484033119218],[-122.64276757312311,42.214844746309005],[-122.64232166038488,42.21484478277269],[-122.6418713108496,42.2148447473882],[-122.64142540010612,42.214844779220655],[-122.64097942262661,42.214844756130155],[-122.64053360455088,42.214844754449004],[-122.64008767967574,42.21484923724824],[-122.63964170512988,42.21484920724512],[-122.63919579930337,42.2148492275575],[-122.63874543379606,42.21484925738478],[-122.63829955292368,42.21484919154228],[-122.63785365008587,42.21484920491955],[-122.63740774824092,42.2148492159928],[-122.63696184738887,42.21484922476203],[-122.63651594752987,42.214849231227255],[-122.63606552032901,42.21484919444613],[-122.63561960489271,42.21485365416609],[-122.6351737079774,42.21485365369662],[-122.63472781205543,42.21485365092319],[-122.63472781123487,42.215259476575234],[-122.63472783312966,42.21566522499435],[-122.6347277640879,42.21607100660339],[-122.63472785320256,42.21647681622883],[-122.63473224445544,42.216882594803984],[-122.63473226539107,42.21728836038339],[-122.63473228607658,42.21769413025281],[-122.63473230651198,42.21809990441225],[-122.63473223600549,42.218505711763605],[-122.63428639373039,42.218505678420705],[-122.63383600081087,42.218505683247805],[-122.63339005200886,42.21851013248926],[-122.63294418970766,42.21851017374311],[-122.63249826067853,42.21851016006278],[-122.63204787173592,42.21851015555821],[-122.63160194470453,42.21851013724626],[-122.63115608638559,42.218510169261734],[-122.63070568235243,42.21851461607095],[-122.63025975826636,42.218514590824206],[-122.62981390289083,42.218514615905995],[-122.6293635199441,42.21851459739246],[-122.6289176665653,42.21851461784386],[-122.62847165577236,42.2185146122533],[-122.6280213251706,42.21851909769196],[-122.62757540702289,42.218519058575176],[-122.62712955758205,42.21851906978914],[-122.6266790899398,42.218519066160475],[-122.62623324249653,42.21851907274373],[-122.62578737742366,42.21852353535048],[-122.62533691275745,42.218523524716524],[-122.6248910682595,42.21852352436637],[-122.6244451340614,42.21852355060402],[-122.62399476311282,42.21852350407304],[-122.62354883091305,42.218523525679174],[-122.62310297149911,42.218527974422614],[-122.6226525805389,42.21852800241581],[-122.62220665128486,42.21852801708725],[-122.62176074601604,42.2185279479268],[-122.62131481875127,42.21852795798989],[-122.62086443181818,42.21852797665082],[-122.62041848737029,42.21853244041823],[-122.61997265374744,42.218532414659784],[-122.61952673042424,42.21853241548416],[-122.6190852880401,42.21852794485678],[-122.61863943444168,42.21852799373701],[-122.61819788404706,42.21852800579238],[-122.61775196472905,42.218527997445506],[-122.61731050699035,42.21852797607638],[-122.61686911792313,42.2185280050922],[-122.61642320157009,42.21852798987946],[-122.6159817664105,42.21852350337144],[-122.61553576138854,42.21852351245487],[-122.61509437628602,42.21852353239287],[-122.61508993093966,42.21892927114995],[-122.61508098189275,42.21933956476708],[-122.61507653583054,42.21974531215314],[-122.61507208943334,42.22015106382939],[-122.61506759994367,42.22056135990557],[-122.61506315287278,42.2209671202103],[-122.61505870546681,42.22137288480528],[-122.61505423796243,42.221783112411735],[-122.61504978988295,42.222188885634395],[-122.61460390716312,42.22218891428462],[-122.61415795774036,42.222188887980835],[-122.61371207700994,42.222188912023285],[-122.61326612957818,42.22218888111103],[-122.61282027083615,42.222184441774154],[-122.61237439313646,42.22218445890454],[-122.61192844873779,42.222184421079184],[-122.61148248232345,42.2221844624825],[-122.61103660760872,42.22218447270113],[-122.61059066619735,42.222184427962965],[-122.61014479347335,42.222184433573986],[-122.61013583783958,42.222590221892396],[-122.61012697249235,42.22299598562217],[-122.61012247695214,42.223401772166504],[-122.61011361080894,42.223807544477445],[-122.61010465353759,42.22421334995973],[-122.61009578655626,42.22461913085221],[-122.6100867607499,42.225024892259285],[-122.61008237438078,42.22542621222265],[-122.61007343849164,42.22583195328084],[-122.60963205780963,42.22583199915705],[-122.60919498085994,42.225832008684776],[-122.60875353442334,42.22583199740864],[-122.60831655010931,42.225831973606844],[-122.60787510561475,42.22583195783734],[-122.60743810020203,42.22583201112747],[-122.6069966576491,42.22583199086454],[-122.6065596771802,42.22583195816682],[-122.60611821354611,42.22583201495018],[-122.60568121423191,42.22583643701009],[-122.60523984320663,42.22583646042358],[-122.60480277582379,42.22583644770759],[-122.60436133905235,42.22583641396541],[-122.60391988022977,42.22583645950428],[-122.60348281573674,42.22583644010345],[-122.60304144957013,42.22583645227375],[-122.6026044546852,42.225836481088706],[-122.60216302277591,42.22583643610204],[-122.60172602981346,42.22583646046903],[-122.60128450913281,42.225836439862086],[-122.60084751809305,42.225836459780716],[-122.60040615775235,42.22583645847363],[-122.60041497459281,42.2254083734795],[-122.60042838894634,42.22498476631014],[-122.60043729554648,42.22455666194523],[-122.60044624806778,42.22413307403505],[-122.60045515375687,42.223704979170854],[-122.60041061188264,42.22369607826707],[-122.60001376822821,42.22369608644007],[-122.59961676697536,42.22369606899369],[-122.59921994632387,42.22369161455007],[-122.59882310507815,42.2236916172474],[-122.59842626462154,42.22369161811993],[-122.5981408341147,42.2239903688337],[-122.59785999746825,42.22429359410435],[-122.59757899871101,42.22459679712152],[-122.59729808553745,42.22489559524126],[-122.59701717007734,42.2251987724434],[-122.59673624954986,42.22549757354655],[-122.5964329958193,42.22567147138481],[-122.59612983075624,42.225845340117445],[-122.59582211203886,42.226019247101966],[-122.59551891982544,42.2261931968813],[-122.5955100513955,42.22660786031497],[-122.59550109181295,42.22702255709648],[-122.59549213179483,42.22743725835868],[-122.59548326206176,42.2278519352332],[-122.59547430117337,42.22826664545653],[-122.59546543057175,42.228681331291554],[-122.59545646881296,42.229096050476066],[-122.59544759734277,42.22951074527167],[-122.59500163720399,42.22951521506329],[-122.59456025187197,42.229515184470735],[-122.59411431557608,42.229515190029886],[-122.59367284148345,42.229515183767056],[-122.59323141395312,42.22951968757415],[-122.59278548058057,42.22951968626785],[-122.5923440093826,42.22951967320829],[-122.59189814649012,42.22952409810442],[-122.59145674488343,42.22952413318499],[-122.59101081543221,42.22952412270969],[-122.5905693481171,42.22952410057286],[-122.5905604073555,42.22995669175462],[-122.59055151155815,42.23038474650975],[-122.59054259292411,42.23081726584389],[-122.59053367382474,42.23124979005126],[-122.59052914728008,42.23167787873233],[-122.59052022729793,42.23211041263587],[-122.5905113292458,42.232538491406416],[-122.59050240833692,42.23297103500623],[-122.59049350936614,42.23339912337311],[-122.59048907217351,42.23383158575478],[-122.59048017232874,42.23425968371677],[-122.59047124961131,42.23469224670803],[-122.59046228116834,42.23512030157971],[-122.59045344826167,42.2355528453976],[-122.5904444788989,42.235980909863706],[-122.59043994849976,42.23641343019387],[-122.59043113668308,42.23684152807271],[-122.58998520156435,42.23684594516576],[-122.5895392668179,42.236845981007896],[-122.58908889426014,42.23684594228211],[-122.58864296151708,42.236845973493],[-122.58819709784434,42.23685043404164],[-122.587751167048,42.236850460645385],[-122.58730526031307,42.23685040338642],[-122.58685933151088,42.23685042538207],[-122.58641340370541,42.23685044507363],[-122.58596754473916,42.236854894108994],[-122.58552161888127,42.23685490919352],[-122.58507132298165,42.23685490219691],[-122.58462533145502,42.236854859956956],[-122.58417938551312,42.23685932862293],[-122.58373346360811,42.236859334469],[-122.58328754270049,42.23685933801108],[-122.58284171353318,42.236859310386826],[-122.58239586228999,42.23685936201698],[-122.58194992105625,42.23686381916812],[-122.58150400409187,42.236863813495745],[-122.58105362643225,42.2368638143993],[-122.58060771147338,42.23686380409599],[-122.58058981026724,42.237291872594035],[-122.5805720903056,42.23771550908018],[-122.5805541878334,42.23814358707301],[-122.58053193709068,42.2385671891124],[-122.58051403330744,42.238995276599404],[-122.58049624312494,42.239418879177194],[-122.58047842882469,42.23984694729629],[-122.58045601693091,42.240270544284876],[-122.58043820132067,42.240698621897025],[-122.58042040858443,42.2411222432634],[-122.58040259170986,42.24155033036902],[-122.58038026783464,42.24197391728075],[-122.5803624731749,42.2423975527137],[-122.58034458668628,42.24282560132882],[-122.58032679077141,42.243249246155806],[-122.58030444062976,42.243677313117004],[-122.580286575739,42.24410091463098],[-122.58032228096944,42.24452901024658],[-122.58035352365813,42.244961499352634],[-122.580389229725,42.245389604505135],[-122.58042486855267,42.24581766169117],[-122.58045604516177,42.24624573248587],[-122.58049175250343,42.24667385186827],[-122.5805230206209,42.24710190328671],[-122.580558661116,42.24752997944504],[-122.58059430205027,42.24795806034509],[-122.5806255713074,42.248386125997676],[-122.58066121307556,42.248814216383515],[-122.58069692251344,42.24924674460104],[-122.58072803445427,42.24967480069317],[-122.58076376826746,42.250102876485165],[-122.58079503940974,42.250530965910976],[-122.58083061559779,42.250959027343264],[-122.58086635068722,42.25138711736097],[-122.58041591243133,42.25138708854038],[-122.57997000606416,42.251387101234464],[-122.57952410069429,42.2513871116247],[-122.5790738239338,42.251387099646685],[-122.5786279205687,42.25138710540668],[-122.57818201820109,42.25138710886287],[-122.57773158601391,42.25138706603238],[-122.57728568565221,42.251387064857575],[-122.5768396955126,42.2513870902465],[-122.57638933404287,42.25138709313028],[-122.57594343668445,42.25138708502069],[-122.5759613603254,42.25181518832931],[-122.57598365549515,42.252247697342376],[-122.57600139682363,42.252680248725206],[-122.576019253061,42.25310831368247],[-122.57604154864084,42.25354083720912],[-122.57605938102195,42.25397337424341],[-122.57607721347905,42.25440591613463],[-122.57609953352863,42.25483399160943],[-122.57611736618463,42.2552665431626],[-122.57613522201399,42.25569901797659],[-122.57615754247834,42.25612710781391],[-122.57617537540949,42.25655967388513],[-122.57619314072684,42.256992192085676],[-122.57621552832737,42.25742473032984],[-122.57623331790906,42.25785279527502],[-122.57625117428952,42.25828529911923],[-122.57627347151276,42.258717880746836],[-122.57585878861957,42.2587223285055],[-122.57544408234654,42.25873123734175],[-122.57502937676385,42.25874014419014],[-122.5746146053226,42.25874461485025],[-122.57419990116391,42.25875351772092],[-122.57378528971401,42.25875800826162],[-122.57337505078519,42.25876689863077],[-122.57296034873266,42.258775795558115],[-122.57254564872386,42.25878030902106],[-122.57213094809535,42.258789201971105],[-122.57171624815774,42.258798092933354],[-122.57130155039151,42.25880260042662],[-122.57087350987841,42.25880258643157],[-122.57044091574758,42.25880260755342],[-122.57000843807214,42.25879813455666],[-122.56957593665801,42.258798122476016],[-122.56914780910537,42.25879812878726],[-122.56871530956047,42.2587981123938],[-122.5682827201616,42.25879812269738],[-122.56785462033628,42.25879365950696],[-122.56742212364556,42.258793636632326],[-122.56698960477893,42.25879369319091],[-122.56655710996712,42.258793665981536],[-122.56612901407621,42.258789194228626],[-122.56569643038563,42.25878919156767],[-122.56526391531028,42.25878923947743],[-122.56483588791185,42.25878919553665],[-122.56440333233773,42.258784723303975],[-122.56397082011541,42.258784764732845],[-122.56353824115928,42.258784751254026],[-122.56311012672326,42.258784727613296],[-122.56267761730942,42.258784762561554],[-122.56224506669545,42.2587802795082],[-122.56181702275614,42.258780302193806],[-122.5613844485266,42.25878027791928],[-122.56094304151057,42.25877585688888],[-122.56050156789682,42.25877138085732],[-122.56006016039109,42.258771336805154],[-122.55961875654121,42.25876690899923],[-122.55917728609597,42.25876242619112],[-122.55873579359208,42.25875802272241],[-122.55829429934717,42.25875799849124],[-122.55785289973461,42.258753561650565],[-122.55741143352975,42.258749069806356],[-122.55697003605934,42.25874462844857],[-122.55653300930113,42.2587445875292],[-122.55609152312081,42.25874017052894],[-122.55565012880749,42.25873572241821],[-122.55520866790579,42.25873121930226],[-122.55476724942567,42.25873122977163],[-122.55432576748414,42.25872680373553],[-122.55388430975285,42.258722293842894],[-122.55344282995443,42.25871786328849],[-122.5530014155305,42.25871786472443],[-122.55255993782886,42.25871342965222],[-122.55211848434097,42.258708910723975],[-122.55167700878306,42.258704471133555],[-122.55123562509384,42.25870000043741],[-122.55079417840247,42.25869109323074],[-122.55035270610561,42.2586866468633],[-122.54991123488062,42.25868219823675],[-122.54946979158848,42.25867328425292],[-122.54902832255331,42.258668831108125],[-122.54858688154299,42.25865991260638],[-122.54814541469796,42.25865545494338],[-122.54770403972286,42.25865096617848],[-122.54726251131521,42.25864206974264],[-122.546821047733,42.258637605302475],[-122.5463796124057,42.25862867550601],[-122.54593815101444,42.258624206547765],[-122.54549671797002,42.2586152722336],[-122.54505532641333,42.25861085151222],[-122.54461386828538,42.25860637577737],[-122.54417234784393,42.25859746352601],[-122.54373089190759,42.25859298327275],[-122.54328953218864,42.25858409042047],[-122.54284352453772,42.25857964143302],[-122.5424020718761,42.25857515438003],[-122.5419607155682,42.25856625472937],[-122.54196505315014,42.25812924737404],[-122.54196961194728,42.25769670306483],[-122.54196964425054,42.2572597364117],[-122.54197404390176,42.25682717796587],[-122.54197407557703,42.25639022119469],[-122.54197850213869,42.25595320973965],[-122.54197843793149,42.255520672889986],[-122.54198302220102,42.25508369523847],[-122.5419874476617,42.25464669863636],[-122.54198738250032,42.25421417648595],[-122.54199189803298,42.253777160935705],[-122.5419918322518,42.25334464856821],[-122.5419963470652,42.25290764290388],[-122.54199630825704,42.252470677930745],[-122.54200079475856,42.252038144540776],[-122.54200530846823,42.25160115373104],[-122.54200529185057,42.25116412203108],[-122.54200968647702,42.25073163217559],[-122.54200966923281,42.25029461036173],[-122.54201418150106,42.24985763937573],[-122.54201413605811,42.2494250895334],[-122.54201864760712,42.24898812843399],[-122.5420186015438,42.248555588377045],[-122.5420230447508,42.24811858442096],[-122.54202757834986,42.2476815566063],[-122.54202753133193,42.24724903125404],[-122.54203197343769,42.246812042156286],[-122.54203195334367,42.24637506490906],[-122.54203645796034,42.24594251855324],[-122.54203643723886,42.24550555119308],[-122.5420409686754,42.245068553096324],[-122.5420453814294,42.24463605027426],[-122.54204538289358,42.24419901620662],[-122.54204982245938,42.243762061795145],[-122.54160837843233,42.24376652151136],[-122.54116247376838,42.24377098580278],[-122.5407210591891,42.24377097960441],[-122.5402796178844,42.24377543252942],[-122.53983817746885,42.24377988319868],[-122.53939667497362,42.24377989905166],[-122.53895523638252,42.24378434520789],[-122.5385137986808,42.24378878910842],[-122.53807229903725,42.24378879818847],[-122.53763086316043,42.24379323757602],[-122.53718942817326,42.243797674707885],[-122.53674353756006,42.24379773635933],[-122.53630210440697,42.243802168955845],[-122.5358605813756,42.24380662811561],[-122.53541917821481,42.24380659480872],[-122.5349777246144,42.24381110219778],[-122.53453629506633,42.243815525770074],[-122.5340948432438,42.24382002864761],[-122.53365335310325,42.24382001512959],[-122.53321192627106,42.243824431933426],[-122.5327704771623,42.24382892804222],[-122.53232452854101,42.24382891412585],[-122.53188314345442,42.24383783828365],[-122.53143716810679,42.243842281184975],[-122.53099126126764,42.24384677453029],[-122.53054537850761,42.24385118401396],[-122.53010390600714,42.243860127901534],[-122.52965800183745,42.243864614366444],[-122.52921203097982,42.24386904578204],[-122.52876619049187,42.24387796024044],[-122.52832028900183,42.24388243980198],[-122.52787884966175,42.243886910917645],[-122.52743288238595,42.243891333149996],[-122.52698695452222,42.243900267243205],[-122.52654105661183,42.24390473762258],[-122.52609962081428,42.24390919964803],[-122.52565378625306,42.24391809805652],[-122.5252078002432,42.24392259036403],[-122.52476190591305,42.24392705156175],[-122.52431598312293,42.2439359718793],[-122.52387455172236,42.24394042253778],[-122.52342866006425,42.2439448768554],[-122.52298276931566,42.24394932887162],[-122.52253684992209,42.24395824001271],[-122.52253679932618,42.244386322797794],[-122.52253234844116,42.24481884894185],[-122.52252789717929,42.245251379955135],[-122.52252793641813,42.24567944833992],[-122.52252348445118,42.246111989040934],[-122.52251903210734,42.24654453461123],[-122.52251900281904,42.246972564643656],[-122.52251454976941,42.24740511990117],[-122.52251009634283,42.247837680028006],[-122.52251006611509,42.248265724463195],[-122.52250561198261,42.24869829427735],[-122.52250118066208,42.24913078739144],[-122.52250114949506,42.24955884622861],[-122.52249669427994,42.249991430598584],[-122.52249226187756,42.250423938265804],[-122.5224922297711,42.25085201150508],[-122.52248779666355,42.25128452885701],[-122.52204186107397,42.251284515829454],[-122.52159599408266,42.251284553261854],[-122.5211500604981,42.25128453562688],[-122.52070415771709,42.251280053408756],[-122.52025820299065,42.25128011273893],[-122.5198122724609,42.251280088191706],[-122.51936634293438,42.251280061340665],[-122.51892048200239,42.251280084951816],[-122.51847455448186,42.25128005349352],[-122.51802423376272,42.25128007814707],[-122.51757830825849,42.25128004205851],[-122.51758276850686,42.250874321572184],[-122.51759165264619,42.25046408478944],[-122.5175961353736,42.250058291347386],[-122.51760061776339,42.24965250219022],[-122.51760509981558,42.24924671731793],[-122.51760949074722,42.24884096553431],[-122.51761397212515,42.2484351892314],[-122.5176184531655,42.24802941721331],[-122.51762286628465,42.247623596717915],[-122.51717258596933,42.24762361630038],[-122.51672660969507,42.247623603998136],[-122.51627630118094,42.24762808076592],[-122.51583032687664,42.24762806383351],[-122.51537995980416,42.2476281028663],[-122.51493407829746,42.24762805250259],[-122.51448371326056,42.24762808685908],[-122.51403328166815,42.247628066100724],[-122.51358737998888,42.247628090344584],[-122.5131371087918,42.24762808887632],[-122.51269114155205,42.24762805572455],[-122.512695577784,42.24722232052351],[-122.51270446749191,42.24682096445087],[-122.51270899379024,42.24641520897559],[-122.51271345217658,42.246009405021205],[-122.51272228053006,42.245603628784664],[-122.51272677518784,42.24520234774891],[-122.51273569352163,42.24479655124117],[-122.51274015047846,42.24439076438321],[-122.51274460709814,42.24398498181106],[-122.51229874627101,42.243984998778544],[-122.51185278821065,42.24398942212539],[-122.51140692934345,42.24398943448703],[-122.51096544157909,42.24398946806832],[-122.51051951714072,42.243989423083576],[-122.51007366127321,42.2439894285584],[-122.50962771563472,42.24398946052198],[-122.50918183082862,42.24399392283874],[-122.5087359779244,42.24399392140477],[-122.50828996768558,42.24399389369346],[-122.50784411678889,42.24399388765277],[-122.50783960420213,42.24356581679202],[-122.50783961970095,42.24313779835449],[-122.50783516097304,42.24270519417415],[-122.50783517595028,42.24227718532155],[-122.50783068571597,42.24184905202836],[-122.50783066368206,42.24141653879785],[-122.5078262405758,42.24098846785232],[-122.50782181727668,42.24056040167401],[-122.50782185418618,42.240132335161974],[-122.50781730318951,42.23969979359414],[-122.50781733957766,42.23927173666925],[-122.50781284786164,42.23884363685352],[-122.50781291477598,42.238411128663856],[-122.5078084226289,42.23798303843487],[-122.50780839042278,42.23755494787862],[-122.50780396540058,42.237126919943066],[-122.50780396370997,42.23669437832243],[-122.50824982924009,42.23669435702261],[-122.50869579426676,42.236689925572826],[-122.5091416617573,42.23668989966709],[-122.5095876286528,42.23668546361236],[-122.51003352890437,42.23668097250203],[-122.51047946686741,42.23668099244092],[-122.51092527822789,42.236676525513644],[-122.51137121815202,42.23667654084624],[-122.51181712213726,42.23667204052773],[-122.51226309459095,42.23666759065946],[-122.51270894667549,42.23666762787116],[-122.512704495242,42.2362395293307],[-122.51270447316024,42.235815890707876],[-122.5127045488743,42.235387849061524],[-122.51270006626653,42.234964225174586],[-122.51270004339997,42.23454060061485],[-122.51269559087918,42.23411252577201],[-122.51269556750353,42.233688910604116],[-122.5126911145566,42.233260845250214],[-122.51269109067188,42.23283723947411],[-122.51268663729878,42.232409183609064],[-122.51268670365263,42.23198555843919],[-122.51268218230065,42.23155745931886],[-122.51268224814339,42.23113384354223],[-122.51267779391696,42.23070580665602],[-122.51267770095427,42.230282176313466],[-122.51267333704538,42.22985412013271],[-122.51267333431683,42.22943047040027],[-122.5122273762107,42.229430489351344],[-122.51178150985018,42.229430477215814],[-122.51133555375101,42.22943049155929],[-122.51088968939774,42.22943047481712],[-122.51044370460238,42.22943494430912],[-122.50999784221035,42.22943492296094],[-122.50955189007959,42.22943492808996],[-122.5091059389527,42.22943493091503],[-122.50866460642042,42.22943495027672],[-122.5082186572909,42.22943494851775],[-122.50777267818414,42.22943940421499],[-122.50732236248375,42.22943937412664],[-122.50687648387003,42.22943941818019],[-122.50642604834303,42.22944387195594],[-122.50597573565867,42.22944383484309],[-122.50552982881433,42.2294483317056],[-122.50507942737818,42.229448318693635],[-122.50463348618334,42.22944829841482],[-122.5041831229671,42.22945279324077],[-122.50373272454782,42.2294527732026],[-122.50328691317017,42.22945722971081],[-122.50283651674343,42.22945720499712],[-122.50283649261858,42.22902469617066],[-122.50283655894924,42.22859216344251],[-122.50284099329185,42.22815965953642],[-122.5028409914703,42.22772708380465],[-122.50284096615182,42.22729459446378],[-122.5028409637558,42.226862028476475],[-122.50284102860105,42.226429520107295],[-122.50284093489296,42.22599699263532],[-122.50284093163512,42.225564441265085],[-122.50284538681672,42.225131889951015],[-122.50284545046529,42.22469940106993],[-122.5028454462998,42.224266864317755],[-122.50284544184703,42.22383433243817],[-122.50284543710698,42.223401805431166],[-122.50284543207967,42.22296928329673],[-122.50284544997143,42.22253668452678],[-122.50284544436936,42.222104172138344],[-122.50285428984593,42.221716238879715],[-122.50285879875815,42.221323826761605],[-122.5028633109083,42.22091807108825],[-122.50286775520019,42.22051226696715],[-122.50287213985145,42.22010203722013],[-122.50287665098519,42.21969629446376],[-122.50288109426249,42.219290503261256],[-122.50288553720276,42.21888471634951],[-122.50288997980596,42.2184789337285],[-122.50333143547232,42.218478940931405],[-122.50377738149177,42.21847448253168],[-122.50421883909124,42.21847448519694],[-122.50466029767513,42.218474485604474],[-122.50510175724338,42.21847448375425],[-122.5055432177959,42.218474479646275],[-122.5059846196972,42.21847004355951],[-122.50642608217223,42.21847003493704],[-122.50686754563125,42.21847002405678],[-122.50731346820712,42.21847000588362],[-122.5077548738247,42.218465560748655],[-122.50808044959052,42.218478940283674],[-122.50849067300318,42.218474445402286],[-122.5089009339247,42.218474459788176],[-122.50931113571563,42.218470042511015],[-122.50972578895399,42.21846999510914],[-122.51013605239159,42.21847000362531],[-122.51054634728892,42.21846555170919],[-122.51096097987904,42.21846557987563],[-122.5113712088266,42.21846107131311],[-122.5117814755868,42.21846107201005],[-122.51219614115765,42.21845663576505],[-122.5126064095837,42.218456632541795],[-122.51260639244258,42.21805083198507],[-122.5126019540247,42.21764955213539],[-122.51260193642344,42.21724376011038],[-122.51260188818604,42.21684243066594],[-122.51259741204363,42.216436652478365],[-122.51259755197198,42.21603089722627],[-122.51259750303,42.21562958046291],[-122.51259748421367,42.215223809792796],[-122.5125930676153,42.214822477997885],[-122.51260638504976,42.2143988439763],[-122.51261531168805,42.21397527265485],[-122.51262868844096,42.21355607712717],[-122.51263754661166,42.2131324623918],[-122.51265098986626,42.21271332879369],[-122.51265993779985,42.21228969459508],[-122.51266879457727,42.21186609384479],[-122.5126821687939,42.211446921367184],[-122.51269111533217,42.21102330115513],[-122.51313707124302,42.211018849270936],[-122.51358293736303,42.211014423854756],[-122.51402882757291,42.21100991465138],[-122.51447478621621,42.21100545586203],[-122.51492508249592,42.211005475736854],[-122.51537104301688,42.21100101231979],[-122.51581691374706,42.210996575373],[-122.51626287608937,42.210992107352304],[-122.516708748641,42.21098766580279],[-122.5171547128044,42.21098319317844],[-122.51760058717713,42.21097874702616],[-122.51760958470874,42.21057741520669],[-122.5176228810977,42.21017605809616],[-122.51763181686718,42.20977030598649],[-122.5176451798279,42.20936901003289],[-122.51765410808807,42.208967642347595],[-122.51766747009651,42.20856635479288],[-122.51767633658261,42.20816056700426],[-122.51768978832939,42.207759259122994],[-122.5176987148463,42.20735790828477],[-122.51771207494608,42.2069566375743],[-122.51772103036716,42.20655083804773],[-122.5177298649059,42.206149528627144],[-122.51774324676323,42.20574818908571],[-122.51775220088506,42.2053424023472],[-122.51776112482744,42.204941076803685],[-122.51777004835583,42.20453975546046],[-122.51778336740757,42.204134004729426],[-122.51779229006327,42.20373269183337],[-122.51822935792157,42.203728198063665],[-122.51866633596688,42.20372373085244],[-122.51910335279607,42.20372377089043],[-122.51954033263203,42.203719299257344],[-122.51998177021967,42.20371481975185],[-122.52041881933148,42.20371039637649],[-122.52085577236716,42.20371037484355],[-122.5212926650621,42.203705923117845],[-122.5217297168379,42.2037014931097],[-122.52216670196172,42.203697008191284],[-122.52260375548295,42.20369257376155],[-122.52260365148535,42.20329122461886],[-122.52260370544967,42.20288990360029],[-122.52260375916593,42.20248858678055],[-122.52260368366267,42.2020827936725],[-122.5226037368814,42.20168148529724],[-122.52259924248848,42.20128021568561],[-122.52259922773239,42.200878863011724],[-122.52259924195037,42.200473058162004],[-122.52259929421804,42.200071766628504],[-122.52259927871805,42.199670426600235],[-122.52259920150848,42.19926466330668],[-122.5225992147216,42.19885887553624],[-122.52259919847629,42.19845754820035],[-122.52259921118693,42.19805176896991],[-122.52260371826863,42.197650496984586],[-122.52260366291787,42.197244673604075],[-122.52260367483106,42.19683890720788],[-122.52260365730152,42.19643760101141],[-122.52304961148215,42.19643758193754],[-122.52349996129465,42.19643312759309],[-122.52394591744459,42.19643310388921],[-122.52439630766682,42.19643315346212],[-122.52484217516479,42.19643315389751],[-122.5252924999055,42.1964331461068],[-122.52573846008663,42.196433113141694],[-122.52618885438291,42.196433153361205],[-122.52663472591175,42.19643314453714],[-122.52708505472306,42.19643312739437],[-122.52753102446695,42.19642871072709],[-122.52752660318413,42.196834478062335],[-122.52752654727,42.19724027242628],[-122.52752205783173,42.19764599566407],[-122.52751763558112,42.19805177588296],[-122.5275176694949,42.19845755435508],[-122.52751315594135,42.19886337193806],[-122.52750869389801,42.199264656123596],[-122.52750427034675,42.19967045347392],[-122.52750423560003,42.200076196385105],[-122.5275042681289,42.20048199627948],[-122.5275043004059,42.20088780046747],[-122.52750429361824,42.20128909979348],[-122.52749980102618,42.2016948658756],[-122.52749976497608,42.202100630204164],[-122.52749982493117,42.202501994913916],[-122.5274997883785,42.20290776778103],[-122.52749984225503,42.203313516162325],[-122.52749983393268,42.2037148408686],[-122.52794566488957,42.20371930956098],[-122.52839161626773,42.203719290424885],[-122.52883308297314,42.20372373184866],[-122.52927901324563,42.20372378960114],[-122.52972487698487,42.20372379235653],[-122.53017080395087,42.203728220770394],[-122.53061666974075,42.20372821891846],[-122.53106266638883,42.203732695415525],[-122.53150407709084,42.20373269521324],[-122.53195000833279,42.20373711443175],[-122.53239594575493,42.20373715607878],[-122.5323958873038,42.204142888567304],[-122.53239143889797,42.204548684344324],[-122.53239144744137,42.20495447810998],[-122.5323914557326,42.205360276168285],[-122.53238691061401,42.20577048910957],[-122.5323870090423,42.2061762670148],[-122.5323869489863,42.20658202530317],[-122.53238695622291,42.20698784057867],[-122.5323825288109,42.20739358497364],[-122.53282847708897,42.207398080936784],[-122.53327435891484,42.20740252189954],[-122.5337202699517,42.20740250339224],[-122.53416622146945,42.207406992441086],[-122.53461210653263,42.20741142649057],[-122.53505344439877,42.20741589347274],[-122.53549942712313,42.207415918465735],[-122.53594531541259,42.20742034562534],[-122.53639127234892,42.20742482317344],[-122.53683716282684,42.20742924572387],[-122.53728303126378,42.20743374745392],[-122.537729019185,42.20743376092356],[-122.53817045522557,42.207438183169074],[-122.53861632689038,42.20744267800899],[-122.5390622227818,42.20744708906017],[-122.53950818732444,42.20745155049729],[-122.53995408974195,42.20745158126092],[-122.54039996573913,42.20745606688327],[-122.540841408224,42.207460475462895],[-122.5412872863993,42.20746495649954],[-122.5417332836412,42.207464949273366],[-122.54217916395905,42.20746942570096],[-122.54217476534927,42.20787074576833],[-122.54217466600679,42.208272039326324],[-122.54217026677911,42.20867336779117],[-122.54216583997152,42.2090791578036],[-122.54216573979981,42.20948046400238],[-122.54216133962167,42.209881805110555],[-122.5421568715481,42.21028309772577],[-122.54215692881152,42.21068444041149],[-122.54215246011957,42.211085741422934],[-122.54259388061347,42.21108571206367],[-122.54303527896099,42.21108576194007],[-122.54347670141665,42.21108572806588],[-122.54392265060449,42.211085737713745],[-122.54436414260235,42.211085751992755],[-122.54480556801012,42.211085711322426],[-122.5452469712751,42.21108574988823],[-122.54568846621696,42.21108575739323],[-122.54612996214016,42.21108576263993],[-122.5465758497108,42.211085705889424],[-122.54701725691075,42.21108573540188],[-122.54701724865693,42.21067998442347],[-122.54702176225561,42.21027865934184],[-122.54702627552317,42.2098773384589],[-122.5470261988607,42.209471547572974],[-122.54703071150578,42.20907023513378],[-122.54703509229996,42.20866444571611],[-122.5470351463239,42.20826314878902],[-122.54703959044512,42.20786179630724],[-122.54704403785071,42.207456072357914],[-122.54748543178377,42.2074560185944],[-122.54792689426756,42.20745601525732],[-122.5483683577322,42.20745600966228],[-122.54880984872553,42.20745154465855],[-122.54925122341916,42.207451563352436],[-122.54969275735405,42.20745160366675],[-122.55013868263777,42.207451581814],[-122.55058008664774,42.20744713656479],[-122.5510215559148,42.20744711740069],[-122.5514630261622,42.207447095978544],[-122.5519044067038,42.207447101105394],[-122.55190446640329,42.20784844143894],[-122.55189997398229,42.20825419784767],[-122.55189557503945,42.20865555394462],[-122.55189554009674,42.209061311571425],[-122.55189104671084,42.209467080810356],[-122.551891037466,42.20986838959303],[-122.5518866110332,42.21027422005352],[-122.55188220737524,42.21067997331319],[-122.55188219730229,42.21108129478314],[-122.55232807461446,42.21108128981226],[-122.55277395292676,42.211081282538004],[-122.5532198322391,42.21108127296037],[-122.5536658708305,42.21108128495155],[-122.5541117521433,42.211081270766265],[-122.55455756973977,42.211076825526284],[-122.55500352059352,42.2110768594181],[-122.55544940485993,42.21107683832324],[-122.55589529012586,42.21107681492491],[-122.55634124398111,42.21107684190492],[-122.55678713124664,42.211076813899275],[-122.55678724795187,42.2114915354638],[-122.55678720610987,42.211906237643696],[-122.55678270540729,42.21232095188449],[-122.55678272793254,42.21274009196625],[-122.55678277595057,42.21315477882387],[-122.55677820668745,42.21356945387602],[-122.5567782283686,42.213988607595354],[-122.5567782755523,42.21440330794555],[-122.55677386361724,42.21481802036031]],[[-122.19282643721489,42.22663911089079],[-122.19282200437576,42.22621546148594],[-122.19281754425789,42.22578738549607],[-122.19281753560114,42.22535932545562],[-122.19281301133411,42.224935718609835],[-122.19280864137676,42.22450762843211],[-122.19280863194933,42.2240795826533],[-122.19280419785004,42.223655961471955],[-122.19279966942379,42.223227861011736],[-122.19279965922642,42.22279982949504],[-122.19279515746518,42.22237616943798],[-122.1927907862284,42.22194810778214],[-122.19279070822888,42.22152003754107],[-122.19278627287083,42.221096444584774],[-122.19278183396389,42.22066834420432],[-122.19278184326099,42.22026260417117],[-122.19278187605724,42.21985678699752],[-122.19277737012827,42.21945550331738],[-122.19277740245212,42.21904969467301],[-122.19277734373271,42.218643918759874],[-122.19277292799335,42.218242619310125],[-122.19277295958571,42.21783682348387],[-122.19276844930455,42.21743104919408],[-122.1927684804218,42.217025261944684],[-122.19232253551748,42.21703417798384],[-122.19187665519617,42.21703863303695],[-122.19143071202787,42.2170475444802],[-122.19098483353555,42.21705199493497],[-122.19053895912478,42.217060954764804],[-122.19009299167995,42.21706542905997],[-122.18964705198384,42.21707433131142],[-122.18920117714977,42.217078772569565],[-122.18875523919063,42.217087670225204],[-122.18830943320428,42.21709215986941],[-122.18785895551609,42.217101069918414],[-122.18786348341342,42.217502383004394],[-122.18786346959183,42.21790371727425],[-122.18786783930759,42.21830501419831],[-122.18786791865604,42.21871084029339],[-122.18787237877355,42.21911211721341],[-122.1878723640202,42.21951346830821],[-122.18787682375743,42.21991475361408],[-122.1878768085396,42.22031611309783],[-122.18788126789651,42.22071740678959],[-122.18788574837365,42.2211454803441],[-122.18789013502898,42.221569074898795],[-122.18789461511177,42.22199715794406],[-122.18789915919419,42.22242078644177],[-122.1879035718585,42.22284882598569],[-122.18790802475867,42.22327249231586],[-122.18791250123436,42.22369608188347],[-122.18791691330688,42.22412413563666],[-122.18792145642163,42.224547787588904],[-122.1879258680993,42.22497585083156],[-122.18793034379735,42.2253994591797],[-122.18793481930231,42.22582307219826],[-122.18793923038828,42.22625114964949],[-122.18794370550404,42.226674772058146],[-122.18794820699783,42.22710283055452],[-122.18795268172525,42.22752646235298],[-122.18795709202095,42.227954558781974],[-122.18839855878385,42.2279500563978],[-122.18884438749508,42.227945591585964],[-122.1892858590377,42.22794559762674],[-122.18973184750145,42.227941152789285],[-122.19017322719586,42.227936669787965],[-122.19061470168758,42.22793666903836],[-122.19106060218749,42.227932245792104],[-122.1915021425339,42.227927780553756],[-122.19194800484178,42.227927731238466],[-122.19238945627534,42.227923289915715],[-122.19283536055356,42.22791885751426],[-122.19283083754101,42.227495222447644],[-122.19282644510083,42.227067185193015],[-122.19282643721489,42.22663911089079]],[[-122.47006663496303,42.17593910361663],[-122.47006661304358,42.17553334863112],[-122.47006652347075,42.17512754524032],[-122.47006210445126,42.174726226639606],[-122.47006217244979,42.174320455802714],[-122.47006208216406,42.17391466525847],[-122.47005769703863,42.17350890604898],[-122.47005760629011,42.17310312410032],[-122.4700576733151,42.17269737045443],[-122.47005322019987,42.17229157143676],[-122.47005318489846,42.171890226810646],[-122.47005325120601,42.17148448601128],[-122.47004879750149,42.171078699839356],[-122.46961617513143,42.17107870953838],[-122.46918364433503,42.17107868837681],[-122.46874666215369,42.17107866800769],[-122.46831420065635,42.17107869518799],[-122.46788158209034,42.171078696194286],[-122.46744460279417,42.171078669234255],[-122.46701214415089,42.17107868989188],[-122.46657507615605,42.1710786872207],[-122.4661426194188,42.17107870352246],[-122.46571000561622,42.17107869364625],[-122.46527309852003,42.17107870839492],[-122.46484048662514,42.17107869416132],[-122.46440803369117,42.17107870177376],[-122.46397097146829,42.17107868591838],[-122.46397547288012,42.1715112398819],[-122.46397548948852,42.17193929560364],[-122.46397541518616,42.17236738479697],[-122.46397988363493,42.17279544736939],[-122.46397989944145,42.17322351744106],[-122.4639798798574,42.17365604563189],[-122.46397989509688,42.174084125320306],[-122.46398436263816,42.17451220707241],[-122.4639843773584,42.174940296327094],[-122.46398432440557,42.17536833765761],[-122.46398884679084,42.17580085865066],[-122.46398886070686,42.176228962304094],[-122.4639888069478,42.17665701803167],[-122.46399327315088,42.17708512852687],[-122.46399330951057,42.17751316512695],[-122.46399321980763,42.17794568903573],[-122.46399332299602,42.17837378796127],[-122.46399773858757,42.17877957123919],[-122.46399779158276,42.17918533284827],[-122.46399778883328,42.17958667342227],[-122.46399768328209,42.17999241955817],[-122.46400218871688,42.18039819127924],[-122.46400224074485,42.18080397002747],[-122.4640022018722,42.1812097817676],[-122.46400218599358,42.18161551639359],[-122.46400223726232,42.18202130803195],[-122.46444806936688,42.1820213210717],[-122.46488953974368,42.182021305892334],[-122.46533101110836,42.18202128845533],[-122.46577688120293,42.182016840326845],[-122.4662184219119,42.18201687106768],[-122.46665980555528,42.18201687553412],[-122.4671057342703,42.18201684615072],[-122.46754718730563,42.182016898794195],[-122.46798866457145,42.18201686776683],[-122.46843450564039,42.18201686021944],[-122.46887605229962,42.18201687736709],[-122.46887595481488,42.181611086533756],[-122.46887156174296,42.181205326992696],[-122.46887155444188,42.180799516052126],[-122.46886709358178,42.18039371239126],[-122.46886711857242,42.17999241682075],[-122.46886701991245,42.17958664742277],[-122.46886262586884,42.1791809093118],[-122.46886261738825,42.17877511980804],[-122.46885815555956,42.17836933757987],[-122.46926397329932,42.17836932446558],[-122.46966970123285,42.17836933814232],[-122.47007106751953,42.178369324253815],[-122.47007104707467,42.17796354353191],[-122.47007102637679,42.17755776710729],[-122.47007106156106,42.177156420016495],[-122.47006658740578,42.17675065517734],[-122.4700665659932,42.17634489159699],[-122.47006663496303,42.17593910361663]],[[-122.46267343992305,42.18566885604522],[-122.46222748317429,42.18566886315528],[-122.46178152743394,42.18566886796161],[-122.4613401170454,42.18566883916525],[-122.46089419519231,42.18567334684833],[-122.4604483330792,42.185673316073014],[-122.46000683497192,42.18567330915501],[-122.45956095160761,42.18567335521584],[-122.4591150568041,42.18567777229414],[-122.45867356163699,42.1856777585583],[-122.45822768124057,42.18567779773364],[-122.45778173445503,42.185677781879455],[-122.45734027377974,42.18568226879405],[-122.4568944196149,42.18568221966535],[-122.4564485431951,42.1856822496524],[-122.45600705395552,42.18568222228052],[-122.45556114346668,42.18568670242952],[-122.455115202623,42.18568667280246],[-122.45467378371762,42.18568669134168],[-122.45422791227394,42.185686709860335],[-122.45378193818738,42.185691128094206],[-122.45334052222213,42.18569113981696],[-122.45289456308836,42.18569118013748],[-122.45244869562329,42.18569118946768],[-122.45200272533356,42.185695598514535],[-122.45156131330789,42.1856956011407],[-122.45111535815333,42.18569563227107],[-122.45066945808388,42.18570008716588],[-122.45022804899929,42.185700082975714],[-122.44978218747606,42.185700078535795],[-122.44933623630128,42.185700100476545],[-122.4488947934356,42.18570454422524],[-122.44844884422291,42.1857045615828],[-122.44800298668073,42.185704547954785],[-122.44756149286503,42.18570455881324],[-122.44711560037832,42.1857089953609],[-122.44666965514732,42.18570900352866],[-122.44622825493592,42.18570897888909],[-122.44578231171434,42.18570898247323],[-122.44533639974132,42.18571349125167],[-122.444895002473,42.18571345979606],[-122.44444906222414,42.185713456494064],[-122.44444907870832,42.18614153529797],[-122.44444905767284,42.186574073745035],[-122.44444907358915,42.18700216216029],[-122.44444902184473,42.18743020261675],[-122.4444490371958,42.187858300593106],[-122.44444898488481,42.18828635060952],[-122.44444905308497,42.18871888457801],[-122.44445352125217,42.18914699520772],[-122.44445346813373,42.189575059613134],[-122.4444535054028,42.19000310011664],[-122.44445345171793,42.19043117408125],[-122.4444535185359,42.19086373224849],[-122.44445355495591,42.191291787139996],[-122.44445350041916,42.19171987549364],[-122.44445353627454,42.19214793994377],[-122.44445348117128,42.19257603785676],[-122.44445351646195,42.19300411186557],[-122.44445796829336,42.19343664456773],[-122.4444579356734,42.19386467543566],[-122.44445797015891,42.19429276383052],[-122.44446245860901,42.19472085525635],[-122.44446242518521,42.19514890045892],[-122.4444624588688,42.19557700319021],[-122.4444668419508,42.1960095121578],[-122.44446687511106,42.1964376244961],[-122.44446693128272,42.196865660174296],[-122.44447135100059,42.19729372756415],[-122.44447131596512,42.19772180148467],[-122.44447128064633,42.198149880183394],[-122.44447136580102,42.19858244398453],[-122.44447578460719,42.1990105305332],[-122.4444758391728,42.19943859492675],[-122.44447573536728,42.199866640030905],[-122.44448024419538,42.200294712220455],[-122.44492172356195,42.20029469059391],[-122.44536763547072,42.200294746351915],[-122.44580911682627,42.20029472018736],[-122.44625050847777,42.20029472045674],[-122.44669639310565,42.200290260141955],[-122.44713787739227,42.20029022718304],[-122.44758379427422,42.200290271494794],[-122.44802518985638,42.2002902626912],[-122.44846674452391,42.20029027569067],[-122.44891263389057,42.200285803934214],[-122.44935403240358,42.20028578833711],[-122.44979995425756,42.20028582120244],[-122.45024135475826,42.200285801068496],[-122.4506873693133,42.200285800654235],[-122.45112877180134,42.20028577598294],[-122.45157027928977,42.20028134535919],[-122.45201613870485,42.20028131402651],[-122.45245761153241,42.200281335312496],[-122.45290354036521,42.20028135214726],[-122.4533449477698,42.200281316145315],[-122.45378636925606,42.20027690289184],[-122.45423230104961,42.20027691286365],[-122.45467371138305,42.20027687006836],[-122.45511964518394,42.200276875456574],[-122.45556112491836,42.20027688087223],[-122.45600706072702,42.20027688167645],[-122.45644854244901,42.20027688255387],[-122.4568899031019,42.20027240069021],[-122.45733584186955,42.20027239463123],[-122.45777723583025,42.200272417417565],[-122.45822317660495,42.200272406774936],[-122.45866466324313,42.200272396319825],[-122.45911051533413,42.20027240979799],[-122.45955203973233,42.20026793836989],[-122.45999343860919,42.20026794982546],[-122.46043938434866,42.200267927735354],[-122.4608808526353,42.200267987397645],[-122.46132680038136,42.20026796072336],[-122.46176820323112,42.20026796310438],[-122.46220964256601,42.20026350679732],[-122.46265550257948,42.20026350196819],[-122.46309706647331,42.20026352158902],[-122.46354292849277,42.20026351217651],[-122.46398433625599,42.200263503226836],[-122.46398433587812,42.19983542816927],[-122.46398882569837,42.19940289879652],[-122.46398882470822,42.1989748333449],[-122.4639888234359,42.19854677267096],[-122.46399327692207,42.198118714012665],[-122.4639932983,42.197690581449024],[-122.46399329613637,42.19726253510976],[-122.46399774859766,42.19683449078814],[-122.46399771368418,42.19640194528873],[-122.46399773388492,42.195973831891244],[-122.46399773054536,42.19554580471445],[-122.46400220490956,42.19511769811769],[-122.4640022242181,42.194689599058286],[-122.46400221998722,42.194261586216776],[-122.46400669332569,42.19383349396004],[-122.4640066563253,42.19340098231192],[-122.4640066744568,42.19297290241921],[-122.46400669230572,42.19254482730581],[-122.46400667770351,42.1921122487599],[-122.46400669498466,42.19168418325544],[-122.46400671198327,42.19125612253026],[-122.46400660585402,42.19082358722666],[-122.46400671295378,42.19039550740769],[-122.46400660625339,42.18996298181342],[-122.46400671278366,42.18953491160392],[-122.46400669617735,42.18910236701764],[-122.46400664406194,42.18867428239318],[-122.46400662688333,42.188241747517374],[-122.4640066416122,42.187813725227805],[-122.46400667931084,42.18738562629355],[-122.46400666127404,42.18695310595796],[-122.46400669840439,42.186525016635045],[-122.4640066797946,42.18609250601011],[-122.46400671635664,42.18566442629847],[-122.4635607566393,42.18566444029532],[-122.46311934231262,42.185664420595806],[-122.46267343992305,42.18566885604522]]]]},"id":"00000000000000000000","properties":{"CONS_OBJ":"Not Applicable","DESIG":"National Monument","DESIG_ENG":"National Monument","DESIG_TYPE":"National","GIS_AREA":690.13640878059,"GIS_M_AREA":0.0,"GOV_TYPE":"Federal or national ministry or agency","INT_CRIT":"Not Applicable","ISO3":"USA","IUCN_CAT":"V","MANG_AUTH":"Non-Governmental Organization ; State Fish and Wildlife ; Bureau of Land Management ; Forest Service","MANG_PLAN":"Not Reported","MARINE":"0","METADATAID":1848,"NAME":"Cascade-Siskiyou","NO_TAKE":"Not Applicable","NO_TK_AREA":0.0,"ORIG_NAME":"Cascade-Siskiyou","OWN_TYPE":"State","PARENT_ISO":"USA","PA_DEF":"1","REP_AREA":690.13646366443,"REP_M_AREA":0.0,"STATUS":"Designated","STATUS_YR":0,"SUB_LOC":"US-OR ; US-CA","SUPP_INFO":"Not Applicable","VERIF":"State Verified","WDPAID":1.1111113E7,"WDPA_PID":"11111113"}}]}