{"type":"FeatureCollection","features":[{"type":"Feature","geometry":{"type":"LineString","coordinates":[[-122.4747515495347,41.959822611137575],[-122.47492000000003,41.960053999061884],[-122.47504000000005,41.96022499906191],[-122.47508199999999,41.96029799906191],[-122.47510600000003,41.96035499906189],[-122.47513100000002,41.960458999061906],[-122.47512800000004,41.960542999061914],[-122.47510400000004,41.9606179990619],[-122.47501100000001,41.96078899906191],[-122.47470600000003,41.96125799906191],[-122.47458400000002,41.961426999061906],[-122.47423400000001,41.96186099906189],[-122.47413599999999,41.96201199906191],[-122.47407899999999,41.9621049990619],[-122.473988,41.96225999906191],[-122.47383100000005,41.96249599906191],[-122.47372000000001,41.96264699906189],[-122.47333,41.9630939990619],[-122.47315899999997,41.963281999061884],[-122.47307400000001,41.96338599906189],[-122.47303800000002,41.96345799906189],[-122.47302299999998,41.963504999061875],[-122.473,41.963647999061884],[-122.47295299999999,41.9637629990619],[-122.47288999999999,41.96400299906189],[-122.47288,41.96408999906188],[-122.47288600000003,41.96426199906189],[-122.47290500000003,41.964368999061875],[-122.47299700000003,41.96460899906189],[-122.47303500000001,41.96475799906188],[-122.473048,41.96488899906187],[-122.47309400000003,41.9652229990619],[-122.47312900000003,41.96572099906189],[-122.47313100000001,41.96582299906189],[-122.47312500000002,41.96587599906188],[-122.473105,41.96593199906189],[-122.47308099999998,41.965969999061876],[-122.47291400000003,41.9661209990619],[-122.472865,41.966203999061875],[-122.47279200000001,41.96630399906189],[-122.47270799999998,41.96637399906187],[-122.47266000000002,41.96640799906189],[-122.472616,41.96643199906189],[-122.47239600000002,41.96657799906188],[-122.47235899999998,41.96661899906188],[-122.47234199999998,41.96665699906188],[-122.47228200000004,41.96688699906187],[-122.47224700000002,41.96698399906188],[-122.47219700000002,41.96716399906187],[-122.472178,41.96720099906188],[-122.47213100000002,41.96726399906187],[-122.47210600000003,41.96728999906188],[-122.47203,41.96734499906188],[-122.47165700000002,41.967579999061876],[-122.47149099999999,41.96768799906187],[-122.47141999999998,41.96773999906188],[-122.47138300000002,41.96777799906188],[-122.471319,41.967872999061875],[-122.47126500000006,41.96796499906186],[-122.47121700000002,41.96802699906187],[-122.47118900000001,41.96805199906189],[-122.47113800000001,41.968087999061886],[-122.47102899999999,41.96814099906188],[-122.470899,41.968191999061865],[-122.47069599999999,41.96828299906187],[-122.47064,41.968301999061886],[-122.47038699999999,41.96836899906189],[-122.47031700000002,41.968383999061885],[-122.470215,41.96838999906187],[-122.47007200000002,41.96838099906187],[-122.46999100000001,41.96836899906189],[-122.46986300000006,41.96835899906186],[-122.46948499999999,41.96835199906187],[-122.46938900000002,41.96835599906187],[-122.469326,41.968364999061876],[-122.46923,41.96838499906187],[-122.46907400000002,41.968423999061876],[-122.46864800000002,41.96850099906188],[-122.46832400000001,41.968575999061876],[-122.468149,41.96862699906186],[-122.468103,41.96864599906186],[-122.46793300000002,41.96875299906187],[-122.46773100000003,41.968898999061885],[-122.46717,41.96934199906187],[-122.46695600000004,41.969492999061856],[-122.46626700000004,41.96990999906187],[-122.466129,41.969979999061856],[-122.466058,41.97000999906187],[-122.465224,41.97031099906187],[-122.46474899999998,41.97046299906188],[-122.46446700000004,41.97054299906185],[-122.464194,41.97061099906187],[-122.46370700000004,41.970745999061876],[-122.463119,41.970897999061854],[-122.462674,41.971039999061865],[-122.462635,41.97105999906186],[-122.46256000000001,41.97112699906185],[-122.462512,41.97119499906187],[-122.46219799999999,41.971869999061866],[-122.46183700000003,41.97255899906185],[-122.46174199999999,41.97271999906186],[-122.46171800000005,41.97277599906187],[-122.46169199999999,41.972920999061856],[-122.46169199999999,41.97332299906186],[-122.46167299999999,41.97347599906185],[-122.46166099999999,41.973517999061855],[-122.461621,41.97358899906185],[-122.46144200000002,41.97384399906185],[-122.46143300000001,41.97387699906186],[-122.46143900000003,41.973939999061855],[-122.461531,41.974159999061854],[-122.46154200000001,41.97423099906186],[-122.46153199999999,41.974286999061846],[-122.46149800000003,41.97437999906186],[-122.46143900000003,41.974506999061866],[-122.46135200000002,41.97465999906186],[-122.461198,41.97496099906186],[-122.46114199999998,41.97504999906185],[-122.46106500000003,41.97512499906186],[-122.46095600000002,41.975209999061846],[-122.460889,41.97527799906185],[-122.46086200000002,41.97531699906185],[-122.46081099999999,41.97541599906185],[-122.460789,41.97544999906186],[-122.46075,41.97548199906184],[-122.460709,41.97550899906185],[-122.460654,41.97553299906184],[-122.46057700000003,41.97555699906185],[-122.46046700000001,41.975580999061854],[-122.460309,41.97560799906186],[-122.46008199999999,41.975680999061865],[-122.459979,41.97569999906186],[-122.45980100000001,41.97572199906185],[-122.45965000000002,41.97574499906185],[-122.45949699999998,41.97577599906185],[-122.45934299999999,41.975816999061834],[-122.45892900000003,41.97594799906186],[-122.458634,41.976055999061835],[-122.458593,41.97606299906185],[-122.45854,41.97606299906185],[-122.458381,41.97603999906185],[-122.457466,41.975848999061846],[-122.456855,41.97576199906187],[-122.45668699999999,41.97574499906185],[-122.457138,41.975871999061845],[-122.45723299999999,41.975909999061834],[-122.45731400000003,41.975948999061835],[-122.45753600000005,41.976042999061846],[-122.457607,41.97608499906184],[-122.45763100000003,41.976104999061846],[-122.45766200000001,41.976147999061844],[-122.45771000000002,41.97626299906185],[-122.45772400000003,41.97630799906186],[-122.45772600000001,41.976378999061865],[-122.457699,41.976474999061864],[-122.45757800000001,41.97683899906183],[-122.457538,41.97692099906184],[-122.457499,41.97696799906184],[-122.45743699999998,41.97701999906185],[-122.457384,41.977053999061845],[-122.45731500000001,41.977118999061844],[-122.45730499999999,41.97715299906184],[-122.45731499999998,41.977188999061845],[-122.45734100000001,41.97721599906185],[-122.45736799999999,41.97723499906184],[-122.45747899999999,41.977342999061854],[-122.45752100000001,41.97741799906185],[-122.45753100000002,41.97746599906184],[-122.45752800000001,41.97752999906185],[-122.45751800000002,41.97756999906185],[-122.457493,41.977607999061846],[-122.457467,41.97763599906184],[-122.457429,41.977658999061845],[-122.45738699999998,41.977668999061834],[-122.45719800000003,41.97767099906186],[-122.45703700000003,41.97768799906186],[-122.45694700000003,41.977710999061834],[-122.45688200000001,41.977735999061856],[-122.456638,41.97790699906185],[-122.45656299999999,41.97796499906183],[-122.45646,41.97806199906184],[-122.45637300000006,41.97813399906184],[-122.45629699999998,41.97818399906184],[-122.456111,41.97828399906184],[-122.456024,41.97834599906184],[-122.45598400000002,41.97839099906184],[-122.455962,41.97842299906183],[-122.45591899999998,41.97851299906184],[-122.455886,41.978597999061826],[-122.45580000000002,41.97899499906183],[-122.45575899999999,41.97910499906184],[-122.45574500000001,41.979131999061835],[-122.455723,41.979161999061844],[-122.45554100000003,41.97934999906184],[-122.45536700000002,41.979509999061825],[-122.45506000000003,41.97977799906183],[-122.454965,41.97984799906182],[-122.45483799999998,41.979922999061834],[-122.454727,41.979979999061825],[-122.45459400000007,41.980054999061835],[-122.45452700000003,41.98009799906185],[-122.45445000000001,41.98015799906183],[-122.45435099999999,41.98025899906183],[-122.45407300000001,41.98062699906182],[-122.45389899999999,41.980874999061825],[-122.45385000000002,41.980960999061836],[-122.453826,41.98102799906184],[-122.45381900000001,41.98108599906183],[-122.45383199999998,41.98114699906183],[-122.45387000000005,41.981250999061835],[-122.45389699999998,41.98129999906183],[-122.45395699999999,41.981368999061836],[-122.45398700000001,41.98139599906182],[-122.45416000000003,41.98150099906184],[-122.45449,41.981670999061826],[-122.45455000000004,41.98171999906184],[-122.45456800000001,41.981753999061844],[-122.45456999999998,41.981800999061825],[-122.454554,41.98187499906183],[-122.45450500000001,41.98198199906184],[-122.45448000000002,41.98202599906182],[-122.454422,41.98209799906185],[-122.45439900000004,41.98211299906182],[-122.45437499999996,41.982121999061825],[-122.45435099999999,41.982125999061836],[-122.45431700000002,41.98212299906182],[-122.45374000000005,41.981918999061826]]},"id":"003c00000000000006f6","properties":{"fullname":"","linearid":"1101917580946","mtfcc":"S1400","rttyp":""}},{"type":"Feature","geometry":{"type":"LineString","coordinates":[[-122.54403057194054,41.98803135310737],[-122.54338100000002,41.98840099906182],[-122.542492,41.988906999061804],[-122.54184000000001,41.990037999061805],[-122.54207900000002,41.99075999906181]]},"id":"003c0000000000000778","properties":{"fullname":"","linearid":"1101917577593","mtfcc":"S1400","rttyp":""}},{"type":"Feature","geometry":{"type":"LineString","coordinates":[[-122.45374000000005,41.981918999061826],[-122.45397199999998,41.98220699906182],[-122.454102,41.98232799906183],[-122.45418100000003,41.98238799906182],[-122.45435599999999,41.98254599906183],[-122.45438900000002,41.982595999061836],[-122.454533,41.98301399906184],[-122.45465899999999,41.98329299906184],[-122.454698,41.983367999061834],[-122.454732,41.98340399906183],[-122.45480500000006,41.98346199906183],[-122.454859,41.98353199906183],[-122.45490100000004,41.98361299906183],[-122.45500100000002,41.983865999061834],[-122.45504,41.983925999061825],[-122.45506500000002,41.98395099906182],[-122.45516200000002,41.98400599906183],[-122.45519800000001,41.98402099906182],[-122.45524899999998,41.98403499906183],[-122.45536599999998,41.98405699906183],[-122.45593900000001,41.98412399906183],[-122.45617500000003,41.984164999061825],[-122.45651800000005,41.98424699906183],[-122.45694200000004,41.98436899906183],[-122.457087,41.98442999906182],[-122.45718099999999,41.98445599906184],[-122.45743100000001,41.98450899906183],[-122.457601,41.984530999061825],[-122.45778500000003,41.98454899906183],[-122.45800400000002,41.98455599906183],[-122.45826300000002,41.98457399906182],[-122.458297,41.98458299906183],[-122.458322,41.98459599906182],[-122.458342,41.98461499906182],[-122.45835599999998,41.98465899906183],[-122.45835800000003,41.98474799906183],[-122.458369,41.984792999061824],[-122.458399,41.98487799906182],[-122.458427,41.98497999906183],[-122.45853600000002,41.98549099906182],[-122.45861900000003,41.98574099906181],[-122.458658,41.98581599906181],[-122.45867799999998,41.98584299906181],[-122.45876,41.98590699906182],[-122.45879700000002,41.985940999061825],[-122.45885300000003,41.98600299906182],[-122.459094,41.98635999906182],[-122.45917600000001,41.986495999061816],[-122.459201,41.98655799906181],[-122.459224,41.98680699906182],[-122.459262,41.98706499906183],[-122.45928599999999,41.98718099906182],[-122.459342,41.98733599906181],[-122.45937300000003,41.987382999061815],[-122.45948200000001,41.98750699906182],[-122.45964000000002,41.9876579990618],[-122.45976199999997,41.98775699906181],[-122.45981499999998,41.987799999061814],[-122.45990300000001,41.987850999061806],[-122.45994300000002,41.98786599906181],[-122.46005900000002,41.98788799906182],[-122.460113,41.987904999061804],[-122.46019799999999,41.98795199906181],[-122.460254,41.98799499906182],[-122.46033299999998,41.9881089990618],[-122.46035500000002,41.98813199906182],[-122.46040599999999,41.98816399906182],[-122.460439,41.98817899906181],[-122.46049399999998,41.98819599906181],[-122.46075799999998,41.988234999061824],[-122.460798,41.988249999061814],[-122.460877,41.98831199906181],[-122.46102299999997,41.98844199906181],[-122.46107899999998,41.98848599906181],[-122.461257,41.98858299906182],[-122.46130500000001,41.98861499906181],[-122.46134399999998,41.98865499906182],[-122.46140000000001,41.98873999906181],[-122.46144200000002,41.98879299906181],[-122.46151900000004,41.98886699906182],[-122.46176299999999,41.989037999061814],[-122.46214000000003,41.98927099906181],[-122.46221299999999,41.98930699906182],[-122.462267,41.98932799906181],[-122.462383,41.9893519990618],[-122.462434,41.989356999061805],[-122.46252099999998,41.98935499906181],[-122.46268899999998,41.989358999061814],[-122.46298300000004,41.98935199906182],[-122.46327999999998,41.989333999061806],[-122.46339399999998,41.989337999061796],[-122.46354099999999,41.98936499906181],[-122.46360300000002,41.9893799990618],[-122.463651,41.989386999061814],[-122.46373599999998,41.98938499906182],[-122.46378999999999,41.98937899906181],[-122.46400199999997,41.98932699906182],[-122.46423200000001,41.9892929990618],[-122.46443300000001,41.98925599906181],[-122.46457200000003,41.98923999906181],[-122.464711,41.98923599906181],[-122.464887,41.98924299906181],[-122.46529699999999,41.98929799906181],[-122.46552599999998,41.989324999061814],[-122.465629,41.9893239990618],[-122.46568100000002,41.98931999906183],[-122.46584299999999,41.9892899990618],[-122.46607399999999,41.98926099906181],[-122.46615900000002,41.98924599906181],[-122.46622200000004,41.98922899906181],[-122.466314,41.98919199906181],[-122.466407,41.98913999906182],[-122.466471,41.989097999061805],[-122.46655600000001,41.98903099906181],[-122.46659900000003,41.9889899990618],[-122.46663300000002,41.988964999061814],[-122.466707,41.98893499906182],[-122.46680700000002,41.988918999061816],[-122.46697299999998,41.988924999061815],[-122.46704399999999,41.98893699906182],[-122.467112,41.98895399906182],[-122.467171,41.98897499906181],[-122.46722200000002,41.989000999061815],[-122.46736000000001,41.989090999061816],[-122.46745000000001,41.989155999061815],[-122.46752000000001,41.98919399906182],[-122.46756,41.9892069990618],[-122.46766399999998,41.98923099906182],[-122.467806,41.98924799906181],[-122.46799,41.989263999061805],[-122.468199,41.98927399906181],[-122.46835999999999,41.989299999061814],[-122.46841400000001,41.9893129990618],[-122.46845599999999,41.989330999061806],[-122.468485,41.98935399906181],[-122.46850999999998,41.98938499906182],[-122.46855200000002,41.98945399906181],[-122.46857400000003,41.98951799906181],[-122.46857900000002,41.9895469990618],[-122.468593,41.989567999061805],[-122.46865199999998,41.98959799906181],[-122.468743,41.9896279990618],[-122.46885299999998,41.98967699906181],[-122.468909,41.9897109990618],[-122.46898199999998,41.9897719990618],[-122.46901,41.989805999061794],[-122.46902700000001,41.9898529990618],[-122.46904000000004,41.9899349990618],[-122.46905100000001,41.989970999061796],[-122.46906500000003,41.98999599906181],[-122.469085,41.99001899906181],[-122.469133,41.9900549990618],[-122.46924000000001,41.99011899906181],[-122.469361,41.990167999061796],[-122.46942900000002,41.9901899990618],[-122.469502,41.9902029990618],[-122.46957599999999,41.9901959990618],[-122.46960700000001,41.9901879990618],[-122.469638,41.990173999061795],[-122.469661,41.990156999061796],[-122.46974999999999,41.9900699990618],[-122.46990899999999,41.98995199906181],[-122.47004000000003,41.989863999061804],[-122.470234,41.989747999061805],[-122.47041899999999,41.98965599906181],[-122.47060300000001,41.9895999990618],[-122.47087800000003,41.98954299906181],[-122.470929,41.9895369990618],[-122.47101699999999,41.989539999061805],[-122.471116,41.989570999061804],[-122.471181,41.98958199906181],[-122.47122099999999,41.989583999061814],[-122.47126400000002,41.9895799990618],[-122.47135099999998,41.98955999906179],[-122.471476,41.9895199990618],[-122.47156100000001,41.989496999061814],[-122.47190399999997,41.98942199906182],[-122.472004,41.989385999061795],[-122.47204300000003,41.98936099906181],[-122.47207799999998,41.98932899906181],[-122.47211200000002,41.98927699906182],[-122.47213200000004,41.989225999061816],[-122.47223099999998,41.9888989990618],[-122.47226000000005,41.98880599906182],[-122.47227799999999,41.988763999061796],[-122.47230600000002,41.98871899906181],[-122.472338,41.98868599906181],[-122.47240000000004,41.988641999061805],[-122.47248299999998,41.98860199906181],[-122.47258,41.988570999061814],[-122.47315499999999,41.988427999061805],[-122.473751,41.988313999061795],[-122.47387900000001,41.98828499906182],[-122.474154,41.988207999061814],[-122.47450900000001,41.98808999906181],[-122.474991,41.98789799906182],[-122.475471,41.9876889990618],[-122.47563100000002,41.987633999061806],[-122.475781,41.98757499906182],[-122.47591,41.98753599906182],[-122.47611,41.98749899906183],[-122.476283,41.98748599906181],[-122.47640500000003,41.987489999061815],[-122.47648699999999,41.98748199906183],[-122.47656500000002,41.98746099906181],[-122.47667200000004,41.987416999061814],[-122.47671199999999,41.987393999061815],[-122.476786,41.98732899906182],[-122.476849,41.98725699906183],[-122.47693199999998,41.98713699906181],[-122.477135,41.98686699906182],[-122.47724400000001,41.98674299906182],[-122.477429,41.98654799906181],[-122.47754899999997,41.98646399906181],[-122.477606,41.986436999061816],[-122.47793799999998,41.986334999061825],[-122.478014,41.98631499906181],[-122.47814800000002,41.98629499906181],[-122.47823500000001,41.986286999061825],[-122.47838000000002,41.986286999061825],[-122.47849300000001,41.98630299906182],[-122.47856600000001,41.98632199906182],[-122.478812,41.98643199906182]]},"id":"003c000000000000077c","properties":{"fullname":"","linearid":"1101917582893","mtfcc":"S1400","rttyp":""}},{"type":"Feature","geometry":{"type":"LineString","coordinates":[[-122.44093087906175,41.97620804136832],[-122.44128099999999,41.97642899906184],[-122.441476,41.976580999061845],[-122.441694,41.97676599906185],[-122.44178399999997,41.97682999906184],[-122.44199900000001,41.97696299906186],[-122.44207200000001,41.97700099906185],[-122.442274,41.97708899906185],[-122.44242199999998,41.977139999061855],[-122.44248100000003,41.97715299906185],[-122.44254600000001,41.97716199906185],[-122.44262900000001,41.977162999061854],[-122.44280499999999,41.97715699906186],[-122.443033,41.977142999061854],[-122.44325800000003,41.977143999061845],[-122.443466,41.97716799906184],[-122.443663,41.977202999061845],[-122.44380000000001,41.977237999061856],[-122.44388999999998,41.97727199906185],[-122.44409199999997,41.97736999906185],[-122.444204,41.97741199906185],[-122.44433500000004,41.977441999061845],[-122.44445700000001,41.977457999061855],[-122.44503600000003,41.97750199906185],[-122.445708,41.977529999061844],[-122.44607599999998,41.97756799906185],[-122.446152,41.97757899906184],[-122.44621999999998,41.97759799906184],[-122.446281,41.97763699906185],[-122.44642899999997,41.97774599906183],[-122.44649900000002,41.97778499906185],[-122.446572,41.97781099906185],[-122.44663700000002,41.97782399906185],[-122.446744,41.97783099906184],[-122.44695300000001,41.97781499906184],[-122.44707899999997,41.977825999061864],[-122.44739100000001,41.97786999906185],[-122.44756500000003,41.97788299906184],[-122.44767700000001,41.97790999906184],[-122.44815399999999,41.97806799906185],[-122.44842399999999,41.97816399906185],[-122.448581,41.97823199906183],[-122.44864000000004,41.97825599906185],[-122.44866200000001,41.97826599906185],[-122.44872099999999,41.978299999061846],[-122.44875700000001,41.978322999061845],[-122.448791,41.978350999061846],[-122.44883500000002,41.97839899906185],[-122.448888,41.97847099906184],[-122.44896800000001,41.978632999061844],[-122.449063,41.978765999061864],[-122.449224,41.979037999061845],[-122.44930400000001,41.97914399906183],[-122.44939600000002,41.97923999906184],[-122.449474,41.979313999061844],[-122.44968399999999,41.97947999906183],[-122.450011,41.97971099906184],[-122.45051800000003,41.98000999906184],[-122.450633,41.98008799906183],[-122.450879,41.98026699906183],[-122.451092,41.98039799906184],[-122.45123699999999,41.98047899906183],[-122.45139399999998,41.980583999061835],[-122.45142300000002,41.980609999061826],[-122.45143300000001,41.98062599906184],[-122.45145499999997,41.98066199906184],[-122.45148499999999,41.98074099906184],[-122.45149600000003,41.98085099906184],[-122.451485,41.981064999061836],[-122.451502,41.98112799906183],[-122.451521,41.98115299906185],[-122.45154600000002,41.981173999061824],[-122.45163300000002,41.98123199906183],[-122.45202000000002,41.98142599906184],[-122.45212599999998,41.98146899906183],[-122.452191,41.98148599906184],[-122.45229200000001,41.98150099906184],[-122.45241000000003,41.981499999061846],[-122.45250699999998,41.98149699906183],[-122.45264899999998,41.98148799906184],[-122.452785,41.98149099906184],[-122.45293600000002,41.98150399906185],[-122.453007,41.98151399906184],[-122.453172,41.98155899906184],[-122.453226,41.981579999061836],[-122.45327900000001,41.98160599906183],[-122.45335700000001,41.98166099906184],[-122.453508,41.98181699906184],[-122.453536,41.98183799906184],[-122.453572,41.98185699906184],[-122.45374,41.98191899906185]]},"id":"003c000000000000077e","properties":{"fullname":"","linearid":"1101917582892","mtfcc":"S1400","rttyp":""}},{"type":"Feature","geometry":{"type":"LineString","coordinates":[[-122.35115176813461,42.00595647570877],[-122.351049,42.00607599906176],[-122.34970000000001,42.00673899906174]]},"id":"003c000000000000078b","properties":{"fullname":"","linearid":"1104469747918","mtfcc":"S1400","rttyp":""}},{"type":"Feature","geometry":{"type":"LineString","coordinates":[[-122.34970000000001,42.00673899906174],[-122.34979300000002,42.006991999061746],[-122.35004000000004,42.00882899906174],[-122.35003400000001,42.00893299906173],[-122.35000900000001,42.00909199906174]]},"id":"003c000000000000078c","properties":{"fullname":"","linearid":"1104469778867","mtfcc":"S1400","rttyp":""}},{"type":"Feature","geometry":{"type":"LineString","coordinates":[[-122.34970000000001,42.00673899906174],[-122.34519000000002,42.00758099906175],[-122.344427,42.00755799906174]]},"id":"003c000000000000078d","properties":{"fullname":"","linearid":"1104469778868","mtfcc":"S1400","rttyp":""}},{"type":"Feature","geometry":{"type":"MultiLineString","coordinates":[[[-122.35000900000001,42.00909199906174],[-122.34998299999998,42.00925199906173],[-122.349954,42.00973099906174],[-122.35017,42.01014099906173],[-122.35045399999998,42.01169199906173],[-122.351351,42.013218999061735],[-122.351569,42.013948999061725],[-122.35145299999999,42.01511099906171],[-122.350901,42.01518099906171],[-122.34988900000002,42.015500999061715],[-122.349306,42.01593599906171],[-122.348203,42.017560999061715],[-122.347943,42.01850399906171],[-122.34793900000004,42.019077999061714],[-122.34816900000004,42.019355999061695],[-122.34824700000001,42.0196779990617],[-122.348117,42.02016199906169],[-122.34791899999999,42.0204599990617],[-122.34681199999999,42.0213379990617],[-122.34492000000002,42.02241199906169],[-122.344022,42.02340799906168],[-122.34375118672672,42.02384323785989]],[[-122.34145728098642,42.028093149792596],[-122.341327,42.02829599906167]]]},"id":"003c000000000000078e","properties":{"fullname":"","linearid":"1104469778866","mtfcc":"S1400","rttyp":""}},{"type":"Feature","geometry":{"type":"LineString","coordinates":[[-122.41612000000002,42.036529999061656],[-122.415402,42.03603199906165],[-122.41469699999999,42.03562499906165],[-122.414081,42.035172999061665],[-122.41368700000002,42.03474799906166],[-122.41375099999999,42.03437099906166],[-122.41479100000001,42.03416999906166],[-122.415765,42.034236999061655],[-122.41641799999998,42.03387899906167],[-122.41713599999999,42.03340599906167],[-122.41768400000002,42.032659999061664],[-122.41792300000003,42.03215599906166],[-122.41831800000003,42.03178299906166],[-122.41876,42.03154099906167],[-122.41967300000002,42.03137299906167],[-122.42077700000002,42.03119399906167],[-122.42160200000002,42.031212999061665],[-122.42190600000002,42.03115599906166],[-122.42225900000003,42.03108999906167],[-122.42283900000002,42.030764999061674],[-122.42347300000003,42.03082299906167],[-122.42433600000001,42.03074299906168],[-122.42472200000002,42.03005799906166],[-122.42492300000002,42.02954799906167],[-122.42521500000001,42.02904399906167],[-122.42571400000001,42.028675999061676],[-122.425859,42.02842399906168],[-122.42603100000002,42.027859999061675],[-122.425819,42.027203999061676],[-122.42573500000002,42.02668499906168],[-122.42571500000003,42.02611099906169],[-122.42612,42.02592899906168],[-122.42662100000001,42.02598199906169],[-122.42699900000001,42.026181999061684],[-122.42705900000001,42.02641199906169],[-122.42751100000002,42.02657399906168],[-122.42803399999998,42.026642999061686],[-122.42842500000002,42.02660899906169],[-122.429153,42.02627799906168],[-122.429426,42.02633699906168],[-122.42983100000001,42.02634599906168],[-122.430222,42.02626799906168],[-122.430426,42.02594999906169],[-122.43108300000003,42.02599699906168],[-122.43169300000002,42.02573199906168],[-122.432191,42.025472999061684],[-122.43253,42.025438999061684],[-122.432879,42.02574899906168],[-122.43327300000001,42.02613599906169],[-122.43344500000002,42.02643099906169],[-122.43360400000002,42.026752999061685],[-122.434038,42.02675099906168],[-122.43472699999998,42.02636499906169],[-122.435594,42.02601199906168],[-122.43623500000001,42.02571999906168],[-122.43623,42.02519499906168],[-122.43603500000002,42.024784999061694],[-122.43633999999997,42.02425899906169],[-122.43689,42.02368799906169],[-122.43698,42.0231569990617],[-122.43686699999999,42.0227309990617],[-122.43680199999999,42.02205299906171],[-122.43681500000002,42.0217469990617],[-122.43656100000003,42.0213319990617],[-122.436088,42.0212359990617],[-122.435844,42.0211819990617],[-122.43577800000001,42.0211959990617]]},"id":"003c0000000000000793","properties":{"fullname":"","linearid":"110340521607","mtfcc":"S1400","rttyp":""}},{"type":"Feature","geometry":{"type":"LineString","coordinates":[[-122.40152700000003,42.024639999061684],[-122.401263,42.02499399906168],[-122.40109799999999,42.025229999061686],[-122.40082800000002,42.02552299906168],[-122.40050799999999,42.02612999906169],[-122.400434,42.025694999061685],[-122.400336,42.02553699906167],[-122.40010400000003,42.025378999061694],[-122.399744,42.02525499906168],[-122.39952800000002,42.02519099906169],[-122.399389,42.025158999061674],[-122.39871099999999,42.025057999061694]]},"id":"003c0000000000000795","properties":{"fullname":"","linearid":"110340520025","mtfcc":"S1400","rttyp":""}},{"type":"Feature","geometry":{"type":"LineString","coordinates":[[-122.39797999999999,42.02539999906169],[-122.395922,42.02512999906169],[-122.394751,42.02595199906168],[-122.393875,42.02681699906168],[-122.391544,42.02881399906167],[-122.390986,42.02924599906167],[-122.390607,42.02941299906167]]},"id":"003c0000000000000796","properties":{"fullname":"","linearid":"110340520026","mtfcc":"S1400","rttyp":""}},{"type":"Feature","geometry":{"type":"LineString","coordinates":[[-122.38312799999997,42.028854999061686],[-122.38228900000004,42.02977799906167],[-122.38093500000001,42.030676999061676],[-122.379993,42.03117199906166],[-122.37962600000002,42.03133299906166],[-122.37814399999996,42.032207999061654],[-122.377325,42.03254399906167],[-122.376084,42.032670999061665],[-122.37435699999997,42.03274899906166],[-122.373662,42.03315499906166],[-122.37329900000002,42.03324299906166],[-122.37235699999998,42.03312099906166],[-122.37184500000001,42.032726999061666],[-122.37111700000001,42.03274299906166],[-122.369452,42.03339299906165],[-122.368906,42.03338999906166],[-122.36845099999998,42.03320099906166],[-122.36672799999998,42.032016999061675],[-122.36460700000005,42.03117599906165],[-122.36242200000004,42.03074599906167],[-122.361451,42.03069299906168],[-122.360875,42.03077999906167],[-122.36020900000001,42.03104899906166],[-122.35981100000001,42.03163799906166],[-122.35952200000001,42.03206699906167],[-122.35907099999999,42.03247199906166],[-122.35773899999998,42.033236999061664],[-122.357015,42.03377899906166],[-122.356288,42.03402399906165],[-122.355469,42.03417699906167],[-122.35495399999999,42.034150999061666],[-122.35365000000006,42.03391099906166],[-122.353134,42.03393099906166],[-122.352801,42.03417799906165],[-122.352566,42.03474299906165],[-122.35239200000001,42.035353999061655],[-122.35181900000002,42.03573699906167],[-122.35078899999999,42.036184999061646],[-122.35051599999997,42.03613699906164],[-122.35003200000004,42.035787999061654],[-122.349884,42.03544199906165],[-122.349492,42.03514099906165],[-122.34831100000001,42.03457099906165],[-122.34765999999998,42.03405299906166],[-122.34732199999999,42.03366899906166],[-122.34648599999997,42.03336299906166],[-122.346324,42.033307999061655],[-122.344962,42.033032999061646],[-122.34444500000004,42.032989999061655],[-122.34216200000002,42.03276199906166],[-122.34091199999999,42.03317099906165],[-122.34070499999999,42.033143999061664]]},"id":"003c0000000000000797","properties":{"fullname":"","linearid":"110340520982","mtfcc":"S1400","rttyp":""}},{"type":"Feature","geometry":{"type":"LineString","coordinates":[[-122.48781599999998,42.07062499906152],[-122.48630599999998,42.07226799906152],[-122.48489600000003,42.07524799906151],[-122.48423999999999,42.07640999906152],[-122.484442,42.077551999061505],[-122.48522999999999,42.078603999061514],[-122.48499400000001,42.0788439990615],[-122.48427500000003,42.07882899906152],[-122.484334,42.0790529990615],[-122.485281,42.079972999061496],[-122.486057,42.081338999061494],[-122.486868,42.082748999061494],[-122.487539,42.084270999061495],[-122.48834000000002,42.08472899906149],[-122.48952999999999,42.08500099906149],[-122.489778,42.08517499906149],[-122.49015499999999,42.08566299906148],[-122.49052799999998,42.08634299906148],[-122.49033200000001,42.08784599906148],[-122.49009900000003,42.09032699906147]]},"id":"003c00000000000007a2","properties":{"fullname":"","linearid":"110340520044","mtfcc":"S1400","rttyp":""}},{"type":"Feature","geometry":{"type":"LineString","coordinates":[[-122.471342,42.08769699906148],[-122.47041100000004,42.08940799906147],[-122.46978699999998,42.089780999061475],[-122.46900600000001,42.090329999061474],[-122.465837,42.094182999061466],[-122.46441300000001,42.09523699906145],[-122.46383600000001,42.09558899906145],[-122.46243700000001,42.09608999906144],[-122.45979,42.09678999906144],[-122.45922800000001,42.09711399906144],[-122.45872200000005,42.097387999061446],[-122.45804900000006,42.09800299906145],[-122.45521200000002,42.098795999061444]]},"id":"003c00000000000007a5","properties":{"fullname":"","linearid":"110340520015","mtfcc":"S1400","rttyp":""}},{"type":"Feature","geometry":{"type":"LineString","coordinates":[[-122.53206300000001,42.09718499906145],[-122.532617,42.09750699906145],[-122.53271699999999,42.09877599906145],[-122.53295400000003,42.09900499906145],[-122.53331200000001,42.099605999061446],[-122.53344200000001,42.09963699906146]]},"id":"003c00000000000007a8","properties":{"fullname":"","linearid":"110340523095","mtfcc":"S1400","rttyp":""}},{"type":"Feature","geometry":{"type":"LineString","coordinates":[[-122.53433500000003,42.07817299906151],[-122.53465199999998,42.077950999061514],[-122.534992,42.077845999061516],[-122.53526,42.07772999906151],[-122.53593500000004,42.077149999061504],[-122.53635600000003,42.076516999061525],[-122.53716800000001,42.07573399906152],[-122.53724100000002,42.07553199906151],[-122.53736899999998,42.07511099906151],[-122.53785799999999,42.074422999061525],[-122.54149100000001,42.07162199906153],[-122.54158300000002,42.07096399906153],[-122.54167400000001,42.07045099906153],[-122.54288299999999,42.069653999061536],[-122.54360500000001,42.069351999061546],[-122.54418400000002,42.06939499906155],[-122.54486600000001,42.06998399906153],[-122.54502000000001,42.07068299906153],[-122.54445800000003,42.071169999061524],[-122.543615,42.07171999906152],[-122.54341799999999,42.072151999061525],[-122.54375000000003,42.072644999061545],[-122.54420000000003,42.07281599906153],[-122.54566100000002,42.07260399906153],[-122.54567899999999,42.07293299906152],[-122.54547900000003,42.073502999061525],[-122.54520700000002,42.07386999906153],[-122.54505000000003,42.07416399906152]]},"id":"003c00000000000007aa","properties":{"fullname":"","linearid":"1102966053463","mtfcc":"S1400","rttyp":""}},{"type":"Feature","geometry":{"type":"LineString","coordinates":[[-122.54312600000006,42.07582599906151],[-122.54265399999997,42.075592999061506],[-122.542465,42.07538599906152],[-122.541246,42.07587199906151],[-122.54009199999999,42.0760199990615],[-122.53933,42.07583899906151],[-122.53859800000001,42.074858999061526]]},"id":"003c00000000000007af","properties":{"fullname":"","linearid":"110340521031","mtfcc":"S1400","rttyp":""}},{"type":"Feature","geometry":{"type":"LineString","coordinates":[[-122.56367124585006,42.065729502083215],[-122.5629,42.06579099906155],[-122.56172999999998,42.06598199906154],[-122.560867,42.06605599906155],[-122.55914200000001,42.06588399906154],[-122.55889399999998,42.06579399906154],[-122.55723,42.06557599906154],[-122.55597999999999,42.06604599906156],[-122.555712,42.06631299906155],[-122.55531699999999,42.06664399906155],[-122.55454,42.06683099906155],[-122.55430799999999,42.06699699906156],[-122.55425700000002,42.06769899906154],[-122.553956,42.067971999061534],[-122.55356699999999,42.06804299906154],[-122.55040700000002,42.06770499906153],[-122.549406,42.067722999061544],[-122.54801399999997,42.068060999061544]]},"id":"003c00000000000007b0","properties":{"fullname":"","linearid":"1102966053476","mtfcc":"S1400","rttyp":""}},{"type":"Feature","geometry":{"type":"LineString","coordinates":[[-122.54321100000001,42.07710599906152],[-122.54312600000006,42.07582599906151]]},"id":"003c00000000000007b1","properties":{"fullname":"","linearid":"110340521032","mtfcc":"S1400","rttyp":""}},{"type":"Feature","geometry":{"type":"LineString","coordinates":[[-122.560462,42.08728799906148],[-122.56036300000002,42.087807999061475],[-122.56019900000001,42.08827999906148],[-122.56026900000003,42.08860299906147]]},"id":"003c00000000000007b2","properties":{"fullname":"","linearid":"110340521150","mtfcc":"S1400","rttyp":""}},{"type":"Feature","geometry":{"type":"LineString","coordinates":[[-122.56055800000003,42.085621999061495],[-122.56162800000001,42.08610599906149],[-122.56224000000002,42.08616399906147],[-122.56261400000001,42.08645399906148],[-122.56238799999998,42.08670099906148],[-122.562108,42.08707699906149],[-122.56175400000002,42.087275999061475],[-122.561134,42.08713799906148],[-122.560873,42.08704299906148],[-122.56066200000001,42.08696799906147],[-122.560462,42.08728799906148]]},"id":"003c00000000000007b3","properties":{"fullname":"","linearid":"110340521152","mtfcc":"S1400","rttyp":""}},{"type":"Feature","geometry":{"type":"LineString","coordinates":[[-122.61252169707011,42.066770282304574],[-122.612774,42.066807999061545],[-122.61437800000002,42.06752799906153],[-122.61605300000005,42.06876699906154],[-122.61647400000001,42.06941099906153],[-122.61649000000003,42.06996899906154],[-122.616242,42.07034799906154],[-122.6158028101887,42.07077186399696]]},"id":"003c00000000000007bf","properties":{"fullname":"","linearid":"110340522264","mtfcc":"S1400","rttyp":""}},{"type":"Feature","geometry":{"type":"MultiLineString","coordinates":[[[-122.61117462169156,42.06571688667815],[-122.61127600000002,42.06556699906155],[-122.611497,42.06525599906155],[-122.61155000000002,42.06500799906155],[-122.61154000000002,42.064529999061556],[-122.61157699999998,42.06376699906155],[-122.61155400000001,42.06358399906155],[-122.61149100000003,42.06338599906156],[-122.611158,42.06297199906156],[-122.61114373836742,42.062959172751995]],[[-122.60994399240656,42.061633322523214],[-122.609928,42.06160699906155],[-122.609638,42.061096999061554],[-122.60956800000002,42.06098899906155]]]},"id":"003c00000000000007c0","properties":{"fullname":"","linearid":"110340522973","mtfcc":"S1400","rttyp":""}},{"type":"Feature","geometry":{"type":"LineString","coordinates":[[-122.589292,42.04554599906162],[-122.58944000000004,42.04574099906161],[-122.589681,42.04586699906163],[-122.589976,42.04595099906162],[-122.59021000000003,42.0459549990616],[-122.59052700000004,42.0458759990616],[-122.59073700000005,42.045833999061614],[-122.59092799999999,42.04584799906161],[-122.59117600000003,42.04594599906162],[-122.59148400000002,42.04613299906162],[-122.591792,42.04620699906162],[-122.591988,42.04617899906161],[-122.59233799999998,42.04601099906163],[-122.59276200000001,42.045833999061614],[-122.59306999999998,42.04575899906161],[-122.593639,42.045716999061625],[-122.59433499999997,42.04570799906161],[-122.59515600000002,42.045833999061614],[-122.595753,42.04603899906163],[-122.59627600000005,42.0462729990616],[-122.59704600000003,42.0467209990616],[-122.59789500000001,42.04724299906161],[-122.59834300000004,42.04751399906161],[-122.59854100000001,42.047691999061605]]},"id":"003c00000000000007c3","properties":{"fullname":"","linearid":"110340522960","mtfcc":"S1400","rttyp":""}},{"type":"Feature","geometry":{"type":"LineString","coordinates":[[-122.567931,42.026770999061675],[-122.567545,42.027124999061684],[-122.56736799999999,42.027186999061676],[-122.566901,42.02755999906168]]},"id":"003c00000000000007cb","properties":{"fullname":"","linearid":"110340520752","mtfcc":"S1400","rttyp":""}},{"type":"Feature","geometry":{"type":"LineString","coordinates":[[-122.59417200000001,42.02331499906168],[-122.59421600000003,42.02361999906169],[-122.5948,42.02424399906169],[-122.59519899999998,42.024521999061676],[-122.595537,42.02491399906169],[-122.59544800000002,42.02588499906169],[-122.596032,42.02646299906167],[-122.59670800000002,42.026857999061676],[-122.59707800000002,42.027226999061675],[-122.59741600000002,42.02768999906167],[-122.59824599999999,42.02803999906166],[-122.59852200000002,42.028292999061684],[-122.59870799999999,42.028846999061656],[-122.598896,42.030324999061655],[-122.59944900000002,42.030995999061666],[-122.59963400000004,42.03141099906166],[-122.59966600000001,42.032103999061654],[-122.599084,42.03268199906166],[-122.59758300000001,42.03335899906165],[-122.59635900000004,42.03430799906167],[-122.59491899999999,42.03461599906165],[-122.594459,42.03482599906166],[-122.594092,42.035172999061665],[-122.594092,42.03538099906165]]},"id":"003c00000000000007cd","properties":{"fullname":"","linearid":"110340521761","mtfcc":"S1400","rttyp":""}},{"type":"Feature","geometry":{"type":"LineString","coordinates":[[-122.63421899999997,42.038260999061634],[-122.63356500000003,42.03858599906163],[-122.633061,42.03857799906164],[-122.63252600000001,42.03826499906164],[-122.63135300000003,42.03735999906162],[-122.63020100000001,42.03643199906164],[-122.62948899999996,42.03571199906165],[-122.62936299999998,42.03499199906165],[-122.62940800000001,42.034455999061656],[-122.629162,42.03425599906164],[-122.627656,42.031328999061664],[-122.62766700000002,42.03108999906167],[-122.628184,42.030266999061666],[-122.62815300000001,42.029802999061666],[-122.62776100000004,42.02950199906167]]},"id":"003c00000000000007d5","properties":{"fullname":"","linearid":"110340517521","mtfcc":"S1400","rttyp":""}},{"type":"Feature","geometry":{"type":"LineString","coordinates":[[-122.600559,42.04761599906161],[-122.60138900000003,42.04726999906161],[-122.601542,42.046399999061606],[-122.60187900000001,42.04610299906162],[-122.60243100000002,42.04605699906161],[-122.60286099999999,42.046216999061606],[-122.60310700000001,42.0464219990616],[-122.60326000000002,42.04669699906161],[-122.60227900000004,42.0488069990616],[-122.60214500000002,42.04886099906161]]},"id":"003c00000000000007e5","properties":{"fullname":"","linearid":"110340522965","mtfcc":"S1400","rttyp":""}},{"type":"Feature","geometry":{"type":"LineString","coordinates":[[-122.636434,42.0500789990616],[-122.63491700000003,42.048825999061606],[-122.63404700000001,42.048518999061606],[-122.63293600000002,42.04851999906162],[-122.629659,42.0486609990616]]},"id":"003c00000000000007e6","properties":{"fullname":"","linearid":"110340517575","mtfcc":"S1400","rttyp":""}},{"type":"Feature","geometry":{"type":"LineString","coordinates":[[-122.6400073536813,42.06206108619219],[-122.63958900000002,42.062164999061565],[-122.63845899999997,42.063009999061556],[-122.636649,42.064818999061565],[-122.63471100000001,42.06674799906155]]},"id":"003c00000000000007e7","properties":{"fullname":"","linearid":"110340518705","mtfcc":"S1400","rttyp":""}},{"type":"Feature","geometry":{"type":"MultiLineString","coordinates":[[[-122.65899859680748,42.21481354822044],[-122.659048,42.21486499906108],[-122.65953800000001,42.214869999061065],[-122.65975596260787,42.21481340693357]],[[-122.66132296490359,42.214806628223094],[-122.66142600000002,42.21482199906107],[-122.66272399999998,42.21493999906106],[-122.66425622946785,42.214799590923555]]]},"id":"003c00000000000009ed","properties":{"fullname":"","linearid":"110340520620","mtfcc":"S1400","rttyp":""}},{"type":"Feature","geometry":{"type":"LineString","coordinates":[[-122.65660028986788,42.214818025777966],[-122.65639300000002,42.21572499906106],[-122.65626400000004,42.21605599906106],[-122.655966,42.21640499906106],[-122.653466,42.217584999061046]]},"id":"003c0000000000000a17","properties":{"fullname":"","linearid":"110340522099","mtfcc":"S1400","rttyp":""}},{"type":"Feature","geometry":{"type":"LineString","coordinates":[[-122.58602700000004,42.16208399906124],[-122.58592900000002,42.161800999061235],[-122.58666700000003,42.16086599906124],[-122.58696900000001,42.160257999061244],[-122.58763400000002,42.159988999061234],[-122.58768299999998,42.15999599906122],[-122.58773800000002,42.15995199906123],[-122.588727,42.15857499906125],[-122.58955099999999,42.15776399906125],[-122.590495,42.157133999061244],[-122.59134200000003,42.15679999906125],[-122.59247,42.15655799906125],[-122.594674,42.156518999061255],[-122.5958600446854,42.15648681214798]]},"id":"003c0000000000000a1f","properties":{"fullname":"","linearid":"1102966053560","mtfcc":"S1400","rttyp":""}},{"type":"Feature","geometry":{"type":"LineString","coordinates":[[-122.58144468086965,42.14544853113558],[-122.58128800000001,42.14550299906128],[-122.58076900000002,42.14560699906129],[-122.57743700000003,42.146523999061294],[-122.57608799999998,42.14687799906129],[-122.57594099999999,42.14695899906129],[-122.574867,42.14754799906129],[-122.57388199999998,42.147932999061275],[-122.57214200000003,42.14826899906129],[-122.57032800000003,42.149000999061286],[-122.56934400000002,42.14922599906128],[-122.568541,42.149272999061274],[-122.56693699999998,42.149038999061275],[-122.56518499999997,42.149136999061284],[-122.56487399999999,42.14922599906128],[-122.564645,42.14932599906127],[-122.564256,42.149625999061264],[-122.56406899999999,42.149627999061266],[-122.562206,42.14913799906128],[-122.56211,42.149104999061265],[-122.56125400000003,42.14895999906128],[-122.55821,42.14938999906128],[-122.557924,42.149445999061285],[-122.555962,42.149658999061266],[-122.55396300000004,42.14965299906127],[-122.55297900000001,42.14985599906126],[-122.551412,42.149760999061264],[-122.54987299999999,42.14993999906128],[-122.54867499999996,42.14982199906128],[-122.54683,42.14981799906128],[-122.54467600000002,42.14958299906126],[-122.54442999999999,42.14949099906127],[-122.54413100000001,42.14919199906127],[-122.54378,42.14885099906128],[-122.54173000000003,42.14837399906128],[-122.54024,42.14817099906128],[-122.53915400000002,42.14828699906128],[-122.53850000000003,42.148585999061275],[-122.53825000000002,42.148860999061284],[-122.53822100000002,42.15099499906127],[-122.53841900000005,42.15119599906127],[-122.53867700000002,42.15145299906126],[-122.53861500000001,42.15163599906127],[-122.53719099999998,42.15252399906125],[-122.53480799999998,42.15421199906127],[-122.53387999999998,42.15468999906126],[-122.53347800000003,42.15505599906125],[-122.53319699999999,42.155556999061254],[-122.53285100000001,42.15660699906125],[-122.532107,42.15850799906124],[-122.531528,42.15871799906125],[-122.53117799999998,42.15895499906124],[-122.53093399999999,42.159338999061234],[-122.530969,42.16008699906125],[-122.53140799999998,42.16142399906124],[-122.531533,42.16174099906124],[-122.53199699999999,42.16210799906124],[-122.53231100000002,42.16230299906125],[-122.53251600000004,42.16384299906122],[-122.531939,42.16438999906122],[-122.53177500000001,42.16453799906124],[-122.53148200000003,42.16472899906123],[-122.531185,42.165667999061235],[-122.530569,42.16752999906123],[-122.53053200000001,42.16839299906122],[-122.53013000000001,42.16963999906121],[-122.53003999999999,42.17063699906121],[-122.53112700000001,42.17176299906121],[-122.53146600000001,42.1721439990612],[-122.53154399999998,42.1726129990612],[-122.53151900000003,42.17361799906119],[-122.53103899999999,42.17534799906118],[-122.53055999999998,42.17829399906119],[-122.53071500000001,42.178376999061186]]},"id":"003c0000000000000a22","properties":{"fullname":"","linearid":"1102988115803","mtfcc":"S1400","rttyp":""}},{"type":"Feature","geometry":{"type":"LineString","coordinates":[[-122.565506,42.12923099906134],[-122.56576878048635,42.129274370655885]]},"id":"003c0000000000000a26","properties":{"fullname":"","linearid":"110340519992","mtfcc":"S1400","rttyp":""}},{"type":"Feature","geometry":{"type":"LineString","coordinates":[[-122.56738699999998,42.12607199906136],[-122.56732300000002,42.12610699906135],[-122.56638399999999,42.12712499906135]]},"id":"003c0000000000000a3c","properties":{"fullname":"","linearid":"110340521819","mtfcc":"S1400","rttyp":""}},{"type":"Feature","geometry":{"type":"LineString","coordinates":[[-122.56081,42.09446599906146],[-122.56157,42.09577399906145],[-122.56187,42.097568999061465],[-122.56163100000002,42.098256999061434],[-122.56130100000004,42.09985199906143],[-122.55962500000003,42.099576999061426]]},"id":"003c0000000000000a3f","properties":{"fullname":"","linearid":"110340521140","mtfcc":"S1400","rttyp":""}},{"type":"Feature","geometry":{"type":"LineString","coordinates":[[-122.56026900000003,42.08860299906147],[-122.56032400000002,42.08885699906146],[-122.55971000000001,42.08941599906146],[-122.55890100000002,42.09031099906146],[-122.55850900000004,42.09143899906146],[-122.558787,42.09154399906145],[-122.55889399999998,42.09162399906146],[-122.55866600000003,42.09202399906147],[-122.55901899999999,42.09220099906147],[-122.56013200000002,42.09252499906145],[-122.56056599999998,42.09306299906146]]},"id":"003c0000000000000a42","properties":{"fullname":"","linearid":"110340521149","mtfcc":"S1400","rttyp":""}},{"type":"Feature","geometry":{"type":"LineString","coordinates":[[-122.56056599999998,42.09306299906146],[-122.56066399999999,42.093183999061466],[-122.560764,42.09438599906145],[-122.56081,42.09446599906146]]},"id":"003c0000000000000a43","properties":{"fullname":"","linearid":"110340521143","mtfcc":"S1400","rttyp":""}},{"type":"Feature","geometry":{"type":"LineString","coordinates":[[-122.533163,42.104714999061414],[-122.53199599999999,42.104188999061414],[-122.53168900000003,42.103868999061426],[-122.53156700000002,42.103547999061426],[-122.53169000000003,42.102861999061425],[-122.53218200000003,42.10212999906143],[-122.53312299999999,42.10149299906143]]},"id":"003c0000000000000a47","properties":{"fullname":"","linearid":"110340523097","mtfcc":"S1400","rttyp":""}},{"type":"Feature","geometry":{"type":"LineString","coordinates":[[-122.53183499999999,42.105516999061415],[-122.53232999999999,42.105334999061405],[-122.53259,42.10569699906141],[-122.532812,42.1062539990614],[-122.53304400000003,42.106258999061424],[-122.53339100000001,42.106174999061416]]},"id":"003c0000000000000a49","properties":{"fullname":"","linearid":"110340523104","mtfcc":"S1400","rttyp":""}},{"type":"Feature","geometry":{"type":"LineString","coordinates":[[-122.497519,42.1103259990614],[-122.49728400000001,42.110435999061416],[-122.49658300000002,42.11086899906141],[-122.49638799999998,42.1110999990614],[-122.496245,42.1113959990614],[-122.49685299999999,42.11323699906139],[-122.497143,42.11401699906139],[-122.497299,42.114169999061396],[-122.497884,42.114431999061395]]},"id":"003c0000000000000a4c","properties":{"fullname":"","linearid":"110340519847","mtfcc":"S1400","rttyp":""}},{"type":"Feature","geometry":{"type":"LineString","coordinates":[[-122.44709700000001,42.129127999061346],[-122.44946499999999,42.130840999061334],[-122.44982500000003,42.13127399906134],[-122.450389,42.132480999061336],[-122.450608,42.13415699906133],[-122.45037299999998,42.13540799906132],[-122.45015200000003,42.13581099906131],[-122.449776,42.13612099906131],[-122.44896500000002,42.13655099906132],[-122.44865200000002,42.13680999906132],[-122.44823700000002,42.13778899906132],[-122.44725500000003,42.13945299906132],[-122.44662500000003,42.14031399906131],[-122.446186,42.14074999906132],[-122.44556200000002,42.14100199906131],[-122.44469100000002,42.1411309990613],[-122.44381899999998,42.14107499906131],[-122.44294800000002,42.14122699906132],[-122.442261,42.141577999061305],[-122.44164699999999,42.142103999061305],[-122.44072500000001,42.14411799906129],[-122.44050899999999,42.14459799906129],[-122.440325,42.14564999906129],[-122.44051,42.1467939990613],[-122.44130900000003,42.148028999061296],[-122.44195399999998,42.14947099906128],[-122.442337,42.14991599906128],[-122.44245300000003,42.15004399906129],[-122.44504399999998,42.152098999061266],[-122.44557800000004,42.15291299906126],[-122.44575799999998,42.15346999906126],[-122.445843,42.154631999061245],[-122.44597600000003,42.15481799906125]]},"id":"003c0000000000000a51","properties":{"fullname":"","linearid":"110340518845","mtfcc":"S1400","rttyp":""}},{"type":"Feature","geometry":{"type":"LineString","coordinates":[[-122.43586099999999,42.12104599906136],[-122.43545800000003,42.12123099906138],[-122.434749,42.12142499906138],[-122.43411,42.12167499906136],[-122.43245600000002,42.12208999906136],[-122.43166499999998,42.12239099906136],[-122.430206,42.12351899906134],[-122.42976800000001,42.123633999061354],[-122.42949099999997,42.123668999061344],[-122.42898800000003,42.12301899906136],[-122.42853400000003,42.12271999906136],[-122.42786600000001,42.12244899906136],[-122.42718100000005,42.12247199906136],[-122.42641200000003,42.12301499906136],[-122.425955,42.12351299906136],[-122.425568,42.123643999061365],[-122.424288,42.12341499906136],[-122.42380800000001,42.123477999061365],[-122.42332800000003,42.123692999061355],[-122.42295600000003,42.12371299906136],[-122.42253499999997,42.123096999061374],[-122.422718,42.12277499906135],[-122.42282800000001,42.12239599906137],[-122.42281600000001,42.12219999906135],[-122.42259099999998,42.12209599906136],[-122.42230300000004,42.122127999061355],[-122.42026399999999,42.12321399906136],[-122.420088,42.12410499906136],[-122.42004900000003,42.125205999061365],[-122.42037600000003,42.125634999061354],[-122.420472,42.12641399906135],[-122.41980600000001,42.12726099906134],[-122.419248,42.12777099906135],[-122.41910100000005,42.12784899906134],[-122.418529,42.12812199906135],[-122.41724100000002,42.128007999061346],[-122.41598200000003,42.12773999906134],[-122.41566200000001,42.12776199906135],[-122.41521800000004,42.127917999061346],[-122.41469500000004,42.128567999061346],[-122.41463700000001,42.129472999061335],[-122.415672,42.130844999061345],[-122.41584100000001,42.131267999061315],[-122.41583400000003,42.13138899906132],[-122.41582199999999,42.131608999061335],[-122.415438,42.131748999061344],[-122.41475499999999,42.131750999061346],[-122.41416399999997,42.13204499906133],[-122.41387900000001,42.13256199906134],[-122.413801,42.13292399906133],[-122.41365299999998,42.13301899906134],[-122.413237,42.13306799906134],[-122.411636,42.132865999061345],[-122.41128699999999,42.13254099906133],[-122.410991,42.13244299906133],[-122.41063599999998,42.13258499906134],[-122.41064999999999,42.13300699906132],[-122.411102,42.13358299906132],[-122.41157799999998,42.13388999906133],[-122.412023,42.13387999906133],[-122.41237300000002,42.13401299906132],[-122.41320900000001,42.13454299906134],[-122.413597,42.13495499906133],[-122.413862,42.135466999061315],[-122.414003,42.13589399906133],[-122.414288,42.13639099906133],[-122.414962,42.13656299906131],[-122.41525600000004,42.13682899906132],[-122.41513000000002,42.13717299906132],[-122.41506700000004,42.137641999061316],[-122.41592600000001,42.137964999061325],[-122.41655399999998,42.13809699906131],[-122.417608,42.139038999061306],[-122.41729499999998,42.139775999061314],[-122.41766999999999,42.14079899906131],[-122.41721999999999,42.14081799906131],[-122.41469799999997,42.14013999906131],[-122.41376500000003,42.140358999061306],[-122.413212,42.14058499906131],[-122.41338200000001,42.141056999061306],[-122.412613,42.14080199906131],[-122.41211700000002,42.14062999906132],[-122.409094,42.140332999061314],[-122.408579,42.14044499906131],[-122.408244,42.14082499906131],[-122.408245,42.1413169990613],[-122.40947800000002,42.14265199906129],[-122.410141,42.1427319990613],[-122.41085900000003,42.14288799906128],[-122.41133100000002,42.14390099906128],[-122.411082,42.144001999061295],[-122.410309,42.14421199906129],[-122.40902600000001,42.14417299906129],[-122.40740200000003,42.143822999061285],[-122.405856,42.142673999061294],[-122.40491000000002,42.1411859990613],[-122.404764,42.14096799906131],[-122.404326,42.1410429990613],[-122.404081,42.141159999061294],[-122.40380499999998,42.14110399906131]]},"id":"003c0000000000000a54","properties":{"fullname":"","linearid":"1102966053619","mtfcc":"S1400","rttyp":""}},{"type":"Feature","geometry":{"type":"LineString","coordinates":[[-122.40375500000003,42.14147799906131],[-122.40334799999998,42.141632999061294],[-122.40181299999999,42.14329699906129],[-122.401677,42.14356399906129],[-122.40134500000002,42.14465799906131],[-122.400887,42.145560999061296],[-122.4008,42.14633099906129],[-122.400608,42.14644299906129],[-122.39997199999999,42.14667999906127],[-122.39920400000003,42.14709499906128],[-122.399086,42.14754099906128],[-122.39924399999998,42.14820999906128],[-122.40016499999999,42.14941999906128],[-122.40062199999998,42.149852999061274],[-122.40086300000004,42.14995199906128],[-122.40104800000002,42.15012399906127],[-122.40104800000005,42.15017399906128],[-122.40085500000002,42.15035699906127],[-122.40064800000002,42.15042299906127],[-122.40039400000002,42.15032899906127],[-122.39944499999999,42.149626999061276],[-122.396735,42.14819499906129],[-122.396101,42.147991999061276],[-122.39529300000001,42.14792199906129],[-122.394898,42.14800399906129],[-122.39463699999999,42.14812299906128],[-122.39440200000003,42.14854099906128],[-122.39521100000002,42.15021499906128],[-122.395361,42.150324999061276],[-122.395362,42.15046399906128],[-122.39546699999998,42.150607999061286],[-122.39589300000004,42.15120099906128],[-122.39687800000002,42.152842999061264],[-122.397067,42.153728999061265],[-122.396987,42.15432999906127],[-122.39790900000003,42.15659099906126],[-122.39760300000003,42.15699799906125],[-122.39676099999998,42.15661299906126],[-122.394087,42.15296199906127],[-122.39312799999998,42.15189499906127],[-122.39266799999999,42.15157199906127],[-122.39166700000003,42.151135999061275],[-122.39088199999999,42.15049599906127],[-122.39048700000001,42.15042099906128],[-122.38955500000002,42.15059899906127],[-122.38883,42.151042999061275],[-122.38809600000002,42.15216099906127],[-122.38756600000002,42.15324299906126],[-122.38731800000002,42.15343299906126],[-122.386923,42.15356299906126],[-122.386442,42.153582999061264],[-122.38574200000001,42.153359999061266],[-122.38475299999999,42.15275399906128],[-122.38430499999997,42.15261799906126],[-122.383314,42.15270799906127],[-122.38283599999998,42.152891999061275],[-122.382504,42.15313699906127],[-122.38179300000002,42.154530999061265],[-122.38168100000003,42.15458899906127],[-122.381398,42.154569999061266],[-122.38041500000001,42.153878999061256],[-122.37816400000001,42.15345899906127]]},"id":"003c0000000000000a56","properties":{"fullname":"","linearid":"110340517755","mtfcc":"S1400","rttyp":""}},{"type":"Feature","geometry":{"type":"LineString","coordinates":[[-122.46384100000002,42.15504599906127],[-122.46339599999999,42.15644399906126],[-122.46343500000003,42.15770399906124],[-122.46311399999999,42.159149999061235],[-122.46320199999998,42.160949999061245],[-122.46334999999998,42.16174899906124],[-122.463497,42.16347399906123],[-122.46357000000003,42.16578399906122],[-122.46377500000001,42.165910999061225],[-122.463779,42.16602199906122],[-122.463888,42.16671099906122]]},"id":"003c0000000000000a59","properties":{"fullname":"","linearid":"110340517010","mtfcc":"S1400","rttyp":""}},{"type":"Feature","geometry":{"type":"LineString","coordinates":[[-122.46333399999996,42.16760599906122],[-122.46325499999999,42.16769799906122],[-122.46306899999999,42.167859999061214],[-122.46292199999999,42.16794199906121],[-122.46286,42.16802299906122],[-122.46286000000002,42.16868899906123],[-122.46293600000003,42.169068999061224],[-122.46300399999998,42.16921099906122],[-122.463162,42.169461999061205],[-122.46333399999996,42.16952299906121],[-122.463441,42.16952099906121],[-122.46356800000002,42.16950299906121],[-122.46369200000001,42.16937299906122],[-122.46359799999999,42.168422999061214],[-122.463636,42.168262999061206],[-122.46358999999998,42.16815299906123],[-122.463524,42.167931999061224],[-122.46346099999998,42.16782399906123],[-122.46337300000002,42.167687999061215],[-122.46334599999999,42.16762899906122],[-122.46333399999996,42.16760599906122]]},"id":"003c0000000000000a5d","properties":{"fullname":"","linearid":"110340522155","mtfcc":"S1400","rttyp":""}},{"type":"Feature","geometry":{"type":"LineString","coordinates":[[-122.463888,42.16671099906122],[-122.462745,42.167012999061214],[-122.46224900000003,42.16709599906122],[-122.46185100000004,42.167151999061225],[-122.46162200000002,42.167279999061215],[-122.46149299999999,42.16740599906123],[-122.46145,42.16745799906123],[-122.46017900000001,42.1689879990612],[-122.45995300000001,42.16921499906122],[-122.459853,42.16933999906121],[-122.45956899999999,42.169691999061214],[-122.45944200000002,42.169891999061214],[-122.45871199999999,42.17099399906121],[-122.45855399999998,42.171268999061205],[-122.458394,42.1714699990612],[-122.45806999999999,42.1717479990612],[-122.45781199999999,42.17202399906121],[-122.457027,42.17243399906121],[-122.45685399999999,42.1725079990612]]},"id":"003c0000000000000a5e","properties":{"fullname":"","linearid":"110340517008","mtfcc":"S1400","rttyp":""}},{"type":"Feature","geometry":{"type":"LineString","coordinates":[[-122.45685399999999,42.1725079990612],[-122.45655999999998,42.172416999061205],[-122.456309,42.17236699906122],[-122.45559700000001,42.1725399990612],[-122.45519700000001,42.17275299906121],[-122.455205,42.1728379990612],[-122.455217,42.1728979990612],[-122.455246,42.1729599990612],[-122.45538000000002,42.17295799906121],[-122.455743,42.17287699906121],[-122.45613800000001,42.17274699906121],[-122.45666600000001,42.172588999061205],[-122.45685399999999,42.1725079990612]]},"id":"003c0000000000000a5f","properties":{"fullname":"","linearid":"110340522156","mtfcc":"S1400","rttyp":""}},{"type":"Feature","geometry":{"type":"LineString","coordinates":[[-122.463888,42.16671099906122],[-122.463867,42.16678299906122],[-122.463849,42.16689399906123],[-122.46378899999999,42.16702199906122],[-122.46375,42.16713399906123],[-122.46364799999999,42.167278999061224],[-122.46354499999998,42.16740799906122],[-122.46337900000002,42.16755299906122],[-122.46333399999996,42.16760599906122]]},"id":"003c0000000000000a60","properties":{"fullname":"","linearid":"110340517009","mtfcc":"S1400","rttyp":""}},{"type":"Feature","geometry":{"type":"LineString","coordinates":[[-122.448824,42.180409999061176],[-122.44877800000002,42.18050599906118],[-122.448717,42.18060299906118],[-122.44868700000002,42.18067599906118],[-122.44856200000002,42.18077299906118],[-122.448197,42.18095899906118],[-122.44810300000002,42.18102099906118],[-122.44775800000001,42.18130199906117],[-122.44766399999999,42.18139899906117],[-122.44749300000001,42.18159299906117],[-122.447371,42.18179899906118],[-122.44728299999998,42.182051999061166],[-122.44726900000003,42.18213599906118],[-122.44734099999998,42.18237399906118],[-122.44739299999999,42.18250399906118],[-122.44769099999999,42.18274999906117]]},"id":"003c0000000000000a62","properties":{"fullname":"","linearid":"110340522013","mtfcc":"S1400","rttyp":""}},{"type":"Feature","geometry":{"type":"LineString","coordinates":[[-122.448684,42.17965099906117],[-122.448755,42.17988399906118],[-122.448774,42.18003399906118],[-122.44880799999999,42.18013599906117],[-122.448831,42.180316999061176],[-122.448824,42.180409999061176]]},"id":"003c0000000000000a63","properties":{"fullname":"","linearid":"110340522014","mtfcc":"S1400","rttyp":""}},{"type":"Feature","geometry":{"type":"LineString","coordinates":[[-122.448824,42.180409999061176],[-122.44906499999999,42.180546999061164],[-122.449115,42.18056499906118],[-122.44920199999997,42.180581999061175],[-122.44932699999998,42.18058899906118],[-122.44940100000001,42.180605999061186],[-122.44946300000001,42.18060499906118],[-122.44962199999999,42.18050999906118],[-122.44968300000001,42.18048099906118],[-122.45022200000002,42.180277999061175],[-122.450247,42.180277999061175],[-122.450296,42.18025899906118],[-122.45161400000003,42.180364999061176],[-122.45166399999998,42.180381999061176],[-122.45172600000002,42.180380999061185],[-122.452319,42.18027899906118],[-122.45235600000002,42.180277999061175],[-122.45282000000002,42.18003899906118],[-122.45294100000002,42.17996399906117],[-122.453161,42.17983999906118],[-122.45329399999999,42.17973599906119],[-122.453355,42.17970699906118],[-122.45376800000001,42.179044999061176],[-122.45380400000002,42.179007999061184],[-122.454191,42.17869599906118],[-122.45449699999999,42.178552999061196],[-122.454521,42.17853399906118],[-122.45459300000003,42.17845899906118]]},"id":"003c0000000000000a64","properties":{"fullname":"","linearid":"110340522012","mtfcc":"S1400","rttyp":""}},{"type":"Feature","geometry":{"type":"LineString","coordinates":[[-122.46399773191028,42.19572074262827],[-122.46463200000001,42.19537899906112],[-122.46526799999998,42.19547399906113],[-122.46641200000002,42.19558299906113],[-122.46698099999999,42.195410999061124],[-122.46694300000001,42.194538999061145]]},"id":"003c0000000000000a67","properties":{"fullname":"","linearid":"110340516994","mtfcc":"S1400","rttyp":""}},{"type":"Feature","geometry":{"type":"LineString","coordinates":[[-122.505228,42.147219999061285],[-122.50616100000002,42.14723699906127],[-122.50669,42.14720799906128],[-122.506742,42.14717799906129]]},"id":"003c0000000000000a6f","properties":{"fullname":"","linearid":"110340520143","mtfcc":"S1400","rttyp":""}},{"type":"Feature","geometry":{"type":"LineString","coordinates":[[-122.55280900000002,42.2039579990611],[-122.55288100000003,42.20397099906111]]},"id":"003c0000000000000a73","properties":{"fullname":"","linearid":"110340517667","mtfcc":"S1400","rttyp":""}},{"type":"Feature","geometry":{"type":"MultiLineString","coordinates":[[[-122.61334800000002,42.24362699906097],[-122.61348300000002,42.24337599906099],[-122.61359,42.242817999060975],[-122.61322799999999,42.24248399906097],[-122.61202700000001,42.24207799906097],[-122.60955300000002,42.24024899906098],[-122.60907100000007,42.240266999060985],[-122.60913300000001,42.24071899906099],[-122.60941800000002,42.24124299906098],[-122.609458,42.24163099906099],[-122.609432,42.24164299906097],[-122.60936000000002,42.241673999060986],[-122.609168,42.241756999060996],[-122.608783,42.24159899906099],[-122.60824700000002,42.24129599906099],[-122.60603700000004,42.24141599906098],[-122.605544,42.241312999060995],[-122.60518100000002,42.24072999906099],[-122.604613,42.240345999060985],[-122.604528,42.24028899906098],[-122.60440100000001,42.24027499906099],[-122.602457,42.24005699906099],[-122.602136,42.23962699906099],[-122.601934,42.239108999061],[-122.60031799999999,42.237883999061005],[-122.59713400000003,42.237198999061],[-122.59579299999999,42.23719999906101],[-122.59381200000001,42.236446999061],[-122.59321100000001,42.236464999061],[-122.592887,42.23684999906101],[-122.59272399999999,42.23713999906101],[-122.59219899999998,42.23705099906101],[-122.591703,42.236566999061004],[-122.59170900000002,42.236507999061],[-122.59173399999999,42.23614399906101],[-122.59078300000003,42.235084999061016],[-122.59064500000001,42.233495999061006],[-122.5904965381284,42.23325342426586]],[[-122.59050332899704,42.232926395698584],[-122.590724,42.23290299906102],[-122.59082799999997,42.232903999061016],[-122.59136100000002,42.23290899906102],[-122.59177400000003,42.23236299906102],[-122.59169700000002,42.231901999061],[-122.591982,42.231458999061026],[-122.59265199999999,42.231208999061025],[-122.59298100000001,42.230884999061026],[-122.59321299999999,42.230361999061024],[-122.59316600000001,42.22959199906103],[-122.59321553134465,42.22951968755729]]]},"id":"003c0000000000000a76","properties":{"fullname":"","linearid":"1102966053581","mtfcc":"S1400","rttyp":""}},{"type":"Feature","geometry":{"type":"LineString","coordinates":[[-122.506546,42.19640499906114],[-122.50704100000002,42.19649499906113]]},"id":"003c0000000000000a89","properties":{"fullname":"","linearid":"110340520177","mtfcc":"S1400","rttyp":""}},{"type":"Feature","geometry":{"type":"LineString","coordinates":[[-122.508072,42.249353999060965],[-122.50920800000004,42.249209999060966]]},"id":"003c0000000000000a97","properties":{"fullname":"","linearid":"110340518566","mtfcc":"S1400","rttyp":""}},{"type":"Feature","geometry":{"type":"LineString","coordinates":[[-122.37087291073684,42.21779153424806],[-122.370521,42.21808699906106],[-122.37002700000001,42.21863899906106],[-122.36823199999998,42.21989899906105],[-122.36827400000001,42.22028699906105],[-122.368606,42.22116899906105],[-122.36844699999999,42.222115999061046],[-122.367292,42.223523999061044],[-122.36624499999998,42.226726999061036]]},"id":"003c0000000000000ab8","properties":{"fullname":"","linearid":"110340523064","mtfcc":"S1400","rttyp":""}},{"type":"Feature","geometry":{"type":"LineString","coordinates":[[-122.36775100000001,42.215056999061076],[-122.36680800000002,42.21488199906106],[-122.364428,42.21381299906108],[-122.363154,42.21324599906106],[-122.36256900000002,42.213892999061066],[-122.363195,42.21426899906109],[-122.36385500000003,42.21476399906107],[-122.36386500000002,42.21534399906106],[-122.36330400000001,42.21648699906107],[-122.36360099999999,42.21673999906107],[-122.36449300000005,42.216279999061065],[-122.36537300000002,42.21622499906107],[-122.36653800000002,42.21658399906106],[-122.36713000000002,42.21703699906105],[-122.36821000000002,42.21786399906106],[-122.36878,42.21798299906105],[-122.36938700000002,42.218065999061054],[-122.36978399999998,42.21801999906105],[-122.37066300000002,42.217411999061056],[-122.37087806065234,42.217293064360774]]},"id":"003c0000000000000aba","properties":{"fullname":"","linearid":"1102966053595","mtfcc":"S1400","rttyp":""}},{"type":"Feature","geometry":{"type":"LineString","coordinates":[[-122.33091800000001,42.20306999906109],[-122.33123500000005,42.20315899906108],[-122.331306,42.2031819990611],[-122.33161100000001,42.20330299906111],[-122.33177500000002,42.20335299906109],[-122.33211600000004,42.203467999061104],[-122.33239099999999,42.20357399906111],[-122.33259000000001,42.2036489990611],[-122.333025,42.203828999061095],[-122.33236400000001,42.2044719990611],[-122.33137400000001,42.20577399906109],[-122.32945500000004,42.207579999061096],[-122.32925600000002,42.20808899906109],[-122.329204,42.20929999906107],[-122.32899900000001,42.20970699906109],[-122.328624,42.210142999061084],[-122.328604,42.21021899906108],[-122.32905800000002,42.21073299906108],[-122.32952100000004,42.21147099906108],[-122.32939100000003,42.21229099906109],[-122.32876900000002,42.21318299906107],[-122.32776999999999,42.214385999061065],[-122.327712,42.21471999906106],[-122.32784800000002,42.21496299906106],[-122.32984800000003,42.21473399906107],[-122.330156,42.21482599906107],[-122.330618,42.21548899906106],[-122.331018,42.21576399906107],[-122.33154099999999,42.21576399906106],[-122.332618,42.215374999061055],[-122.333141,42.21537399906105],[-122.334249,42.21578599906106],[-122.336126,42.21576299906106],[-122.33689500000001,42.21587699906106],[-122.33754199999997,42.21605999906105],[-122.338104,42.21651599906105],[-122.33821900000002,42.21660899906106],[-122.33842000000001,42.217147999061055],[-122.33855000000004,42.21727599906106],[-122.33883500000002,42.217637999061054],[-122.33929599999999,42.21791199906106],[-122.34126600000005,42.218323999061056],[-122.341697,42.21857499906107],[-122.34178899999999,42.218734999061056],[-122.34231400000002,42.21905599906105],[-122.342622,42.219146999061046],[-122.34256000000002,42.220175999061055],[-122.34280700000001,42.22093099906105],[-122.34293000000001,42.22102299906105],[-122.343361,42.22209799906104],[-122.34425400000002,42.22303499906104],[-122.34434699999998,42.223309999061044],[-122.344285,42.223698999061035],[-122.34326300000002,42.224466999061036],[-122.34292100000005,42.22500699906103],[-122.34288699999999,42.22544099906102]]},"id":"003c0000000000000abb","properties":{"fullname":"","linearid":"1103759930544","mtfcc":"S1400","rttyp":""}},{"type":"Feature","geometry":{"type":"LineString","coordinates":[[-122.35452899999999,42.19863099906113],[-122.35376899999999,42.2030639990611]]},"id":"003c0000000000000abf","properties":{"fullname":"","linearid":"110340521696","mtfcc":"S1400","rttyp":""}},{"type":"Feature","geometry":{"type":"LineString","coordinates":[[-122.366056,42.19980899906112],[-122.365638,42.19994999906111],[-122.36437300000004,42.20105999906111],[-122.363862,42.20142199906112],[-122.362982,42.20173799906111],[-122.361983,42.20191299906111],[-122.36165299999999,42.202163999061106],[-122.361166,42.20308099906109]]},"id":"003c0000000000000ac0","properties":{"fullname":"","linearid":"110340518319","mtfcc":"S1400","rttyp":""}},{"type":"Feature","geometry":{"type":"LineString","coordinates":[[-122.366056,42.19980899906112],[-122.366082,42.19960499906112],[-122.36674900000001,42.19916999906111],[-122.36799400000001,42.19876299906113],[-122.369329,42.19812499906113],[-122.37072599999999,42.197830999061125],[-122.37179000000003,42.19780899906113],[-122.376006,42.19829699906112],[-122.37827499999999,42.19839599906113],[-122.378912,42.198602999061116],[-122.37982100000002,42.19913299906111],[-122.38170500000003,42.19959599906111],[-122.382464,42.19980499906112],[-122.382827,42.20010299906113],[-122.38307,42.200190999061114]]},"id":"003c0000000000000ac2","properties":{"fullname":"","linearid":"110340518320","mtfcc":"S1400","rttyp":""}},{"type":"Feature","geometry":{"type":"LineString","coordinates":[[-122.366056,42.19980899906112],[-122.366398,42.20220699906111],[-122.366456,42.20312199906111]]},"id":"003c0000000000000ac3","properties":{"fullname":"","linearid":"110340518321","mtfcc":"S1400","rttyp":""}},{"type":"Feature","geometry":{"type":"LineString","coordinates":[[-122.383449,42.196399999061136],[-122.38125700000003,42.196903999061135],[-122.37609200000001,42.19661299906113],[-122.375163,42.195991999061135],[-122.37339100000003,42.19569299906113],[-122.36971800000002,42.195899999061126],[-122.36624200000003,42.19617099906113],[-122.36345500000002,42.19671199906113],[-122.361415,42.19738799906112],[-122.36091100000002,42.197802999061125],[-122.360019,42.198931999061124],[-122.35942299999998,42.199140999061115],[-122.35802899999999,42.19921899906113]]},"id":"003c0000000000000ac4","properties":{"fullname":"","linearid":"110340518308","mtfcc":"S1400","rttyp":""}},{"type":"Feature","geometry":{"type":"LineString","coordinates":[[-122.35523499999998,42.190734999061156],[-122.35569300000002,42.19147499906114],[-122.35613500000001,42.19200799906115],[-122.35745900000002,42.192253999061144],[-122.35751,42.19258999906114],[-122.35759700000001,42.19315599906114],[-122.357677,42.19403799906114],[-122.357391,42.19771599906113],[-122.35759800000001,42.19791999906112]]},"id":"003c0000000000000ac5","properties":{"fullname":"","linearid":"110340522888","mtfcc":"S1400","rttyp":""}},{"type":"Feature","geometry":{"type":"LineString","coordinates":[[-122.37095799999999,42.19032399906114],[-122.37140799999999,42.19074499906114],[-122.372293,42.19109599906113],[-122.373259,42.191330999061144],[-122.37389099999999,42.19134799906114]]},"id":"003c0000000000000ac6","properties":{"fullname":"","linearid":"110340518296","mtfcc":"S1400","rttyp":""}},{"type":"Feature","geometry":{"type":"LineString","coordinates":[[-122.38553988203714,42.202716555061194],[-122.384452,42.20211099906111],[-122.38396399999996,42.20187399906111],[-122.38336100000001,42.20179399906111],[-122.38297000000001,42.2017789990611],[-122.38258400000001,42.20191899906111],[-122.380865,42.20263999906111],[-122.38010100000001,42.203106999061106],[-122.380039,42.203144999061095],[-122.37974800000005,42.2034619990611],[-122.37948800000001,42.2038019990611],[-122.37899200000001,42.2042789990611]]},"id":"003c0000000000000aca","properties":{"fullname":"","linearid":"110340518874","mtfcc":"S1400","rttyp":""}},{"type":"Feature","geometry":{"type":"LineString","coordinates":[[-122.38405700000001,42.20010899906112],[-122.3841,42.20005699906111],[-122.384119,42.199682999061125]]},"id":"003c0000000000000acd","properties":{"fullname":"","linearid":"110340517662","mtfcc":"S1400","rttyp":""}},{"type":"Feature","geometry":{"type":"MultiLineString","coordinates":[[[-122.3756406524766,42.20810435861889],[-122.37533899999998,42.20812199906109],[-122.37525099999999,42.2081309990611],[-122.375021,42.2083029990611],[-122.374829,42.20843699906109],[-122.374666,42.2085419990611],[-122.374502,42.20863899906109],[-122.37434199999998,42.20885299906108],[-122.374232,42.209109999061084],[-122.37423000000001,42.209356999061086],[-122.37422200000002,42.2094229990611],[-122.37441399999999,42.209623999061094],[-122.37444500000001,42.20968099906108],[-122.37455799999998,42.20997499906108]],[[-122.37459100000001,42.209969999061094],[-122.37464299999998,42.20974399906108],[-122.374841,42.209492999061084],[-122.37513799999998,42.20923999906109],[-122.37533000000003,42.20911999906109],[-122.37544500000003,42.20903799906109],[-122.375483,42.20901599906109],[-122.37564064910488,42.20897700183713]]]},"id":"003c0000000000000ad2","properties":{"fullname":"","linearid":"110340521604","mtfcc":"S1400","rttyp":""}},{"type":"Feature","geometry":{"type":"LineString","coordinates":[[-122.37405600000002,42.210049999061084],[-122.37455799999998,42.20997499906108]]},"id":"003c0000000000000ad3","properties":{"fullname":"","linearid":"110340522274","mtfcc":"S1400","rttyp":""}},{"type":"Feature","geometry":{"type":"LineString","coordinates":[[-122.37459100000001,42.209969999061094],[-122.37474699999999,42.20996699906108],[-122.37492800000001,42.210049999061084],[-122.37508099999997,42.21023099906108],[-122.37518000000004,42.210389999061086],[-122.37523500000003,42.2104669990611],[-122.375381,42.21061699906108],[-122.37550700000001,42.21078699906109],[-122.37562199999996,42.210932999061086],[-122.37564064866342,42.210948850460724]]},"id":"003c0000000000000ad4","properties":{"fullname":"","linearid":"110340521334","mtfcc":"S1400","rttyp":""}},{"type":"Feature","geometry":{"type":"LineString","coordinates":[[-122.37455799999998,42.20997499906108],[-122.37459100000001,42.209969999061094]]},"id":"003c0000000000000ad5","properties":{"fullname":"","linearid":"110340521605","mtfcc":"S1400","rttyp":""}},{"type":"Feature","geometry":{"type":"LineString","coordinates":[[-122.357356,42.12506599906135],[-122.35693300000003,42.12642799906134],[-122.35696000000002,42.126559999061335],[-122.35696099999997,42.127252999061355],[-122.357853,42.128898999061335],[-122.358346,42.13104799906133],[-122.359208,42.13301499906134],[-122.359331,42.13310699906133],[-122.359454,42.13312999906134],[-122.36062100000001,42.13207699906133],[-122.361481,42.13175599906133],[-122.36237300000002,42.131709999061336],[-122.36467799999997,42.13214399906133],[-122.36621600000002,42.13388199906132],[-122.36652399999997,42.13500199906132],[-122.36661600000002,42.13507099906133],[-122.37064200000002,42.134519999061325],[-122.37420699999998,42.13435799906132],[-122.37426399999998,42.13534999906132],[-122.374931,42.13625299906131],[-122.37530300000005,42.13623099906132],[-122.375798,42.13610099906131],[-122.37664100000002,42.13608899906132],[-122.37740699999999,42.135809999061294],[-122.377961,42.135765999061306],[-122.37913100000002,42.13593799906132],[-122.38016300000002,42.13642299906133],[-122.380625,42.13675399906133],[-122.38074600000002,42.13673899906132],[-122.38105400000002,42.13715599906132],[-122.38127300000002,42.13761999906131],[-122.381264,42.13800899906129],[-122.38074400000004,42.13974399906131],[-122.380664,42.140499999061305],[-122.380883,42.14553899906128],[-122.380799,42.14578799906129],[-122.38044700000003,42.14653299906128],[-122.37952999999997,42.14702499906127],[-122.379196,42.14739699906127],[-122.37921000000006,42.149076999061265],[-122.37934000000001,42.15017799906127],[-122.379414,42.15080599906128],[-122.37926499999999,42.15173199906126],[-122.378436,42.15257899906126],[-122.378168,42.153263999061274],[-122.37816400000001,42.15345899906127]]},"id":"003c0000000000000ae6","properties":{"fullname":"","linearid":"1102966053467","mtfcc":"S1400","rttyp":""}},{"type":"Feature","geometry":{"type":"LineString","coordinates":[[-122.37816400000001,42.15345899906126],[-122.37763000000001,42.15354199906126],[-122.37709500000001,42.15373899906127],[-122.37654199999999,42.153951999061256],[-122.37608600000002,42.15408599906125],[-122.37590100000003,42.153809999061274],[-122.375818,42.15330799906127],[-122.37578900000004,42.15321899906126],[-122.375463,42.15318899906126],[-122.37507200000003,42.153179999061265],[-122.374273,42.15247899906127],[-122.373719,42.15210399906127],[-122.37326500000003,42.15134299906127],[-122.37302999999999,42.150742999061286],[-122.37302999999999,42.15019399906127],[-122.373061,42.149725999061275],[-122.37306100000004,42.14947999906127],[-122.373153,42.149433999061266],[-122.37315199999999,42.14869299906129],[-122.37306200000002,42.14848499906129],[-122.37278500000002,42.14843699906128],[-122.37170899999998,42.148838999061276],[-122.371463,42.14872299906127],[-122.37149500000001,42.14844399906127],[-122.371248,42.14816699906127],[-122.36882000000004,42.14646999906129],[-122.368206,42.146372999061285],[-122.367008,42.146888999061304],[-122.366423,42.14699699906128],[-122.36470299999999,42.146800999061284],[-122.36421,42.146520999061266],[-122.36329100000003,42.145730999061286],[-122.362859,42.145635999061284],[-122.36236700000002,42.145747999061285],[-122.36172200000001,42.14599299906128],[-122.36153900000001,42.1461739990613],[-122.36089300000002,42.14616799906129],[-122.35991100000003,42.14588499906127],[-122.35855799999997,42.14591999906128],[-122.35693000000002,42.146271999061284],[-122.35576299999998,42.14667299906127],[-122.35517999999999,42.14719099906127],[-122.35499600000003,42.14778099906128],[-122.354936,42.148909999061296],[-122.35478600000005,42.14900399906127],[-122.354332,42.14900899906128],[-122.35328100000002,42.14819099906128],[-122.35266700000001,42.14795299906128],[-122.35092800000002,42.147664999061284],[-122.35041599999998,42.14771999906128],[-122.35003600000002,42.14837799906129],[-122.34957800000001,42.14870899906128],[-122.349763,42.14942399906127],[-122.34846299999998,42.150824999061285],[-122.34847500000002,42.15112999906127],[-122.348963,42.151577999061274],[-122.34919899999998,42.15223599906127],[-122.34911000000001,42.152703999061266],[-122.34886900000001,42.153127999061255],[-122.347924,42.15372199906126],[-122.34756600000001,42.15454399906127],[-122.34750700000001,42.15606699906126],[-122.34755200000004,42.15637299906125],[-122.34802800000001,42.15705599906124],[-122.34799699999999,42.15759399906125],[-122.34739699999999,42.158254999061235],[-122.34581100000003,42.158995999061254],[-122.34522999999999,42.15989199906125],[-122.34507899999998,42.16035999906125],[-122.345099,42.16106199906124],[-122.34537700000001,42.161510999061235],[-122.34637400000001,42.16259499906125],[-122.347524,42.163585999061226],[-122.34800299999999,42.16422199906122],[-122.34784000000003,42.16490399906123],[-122.347355,42.16516599906123],[-122.34625800000003,42.16552999906122],[-122.34583300000001,42.16581599906122],[-122.344762,42.167088999061214],[-122.34452,42.16804999906122],[-122.344768,42.16849599906122],[-122.34486999999999,42.169365999061206],[-122.34437400000002,42.170443999061206],[-122.342559,42.17274999906121],[-122.34206300000001,42.1732009990612],[-122.34115800000002,42.1735849990612],[-122.338739,42.1743879990612],[-122.338379,42.1746479990612],[-122.33817599999999,42.174953999061195],[-122.33817299999997,42.17551799906119],[-122.338428,42.17582299906118],[-122.339157,42.17615799906119],[-122.34006800000004,42.17633699906119],[-122.34168400000001,42.17652699906119],[-122.342064,42.176670999061194],[-122.34220000000002,42.176931999061196],[-122.34215299999998,42.177211999061186],[-122.34198599999999,42.17742299906118],[-122.34133900000002,42.17768899906119],[-122.340373,42.17793699906118],[-122.33905500000003,42.178097999061194],[-122.338602,42.17826799906118],[-122.338371,42.17847999906118],[-122.338332,42.17915999906118],[-122.33884599999999,42.17965599906118],[-122.33986800000001,42.18015799906118],[-122.340922,42.18052399906118],[-122.34092,42.18083799906118],[-122.34224299999998,42.18166599906118],[-122.34296299999998,42.18198699906117]]},"id":"003c0000000000000ae7","properties":{"fullname":"","linearid":"110340517770","mtfcc":"S1400","rttyp":""}},{"type":"Feature","geometry":{"type":"LineString","coordinates":[[-122.36593200000002,42.18050799906118],[-122.36513099999998,42.180566999061185],[-122.36426700000003,42.18077799906118],[-122.363273,42.18091599906117],[-122.36212700000002,42.18094999906117],[-122.36102200000002,42.180889999061165],[-122.36057500000003,42.181003999061176],[-122.358785,42.18183399906116],[-122.35793899999999,42.182004999061164],[-122.355748,42.181908999061164],[-122.353463,42.18211099906117]]},"id":"003c0000000000000aea","properties":{"fullname":"","linearid":"110340522884","mtfcc":"S1400","rttyp":""}},{"type":"Feature","geometry":{"type":"LineString","coordinates":[[-122.34829900000004,42.184653999061155],[-122.34616099999998,42.18583299906116]]},"id":"003c0000000000000aeb","properties":{"fullname":"","linearid":"110340522889","mtfcc":"S1400","rttyp":""}},{"type":"Feature","geometry":{"type":"LineString","coordinates":[[-122.33710699999999,42.18676799906116],[-122.33861999999999,42.18734299906116],[-122.33941300000002,42.187801999061136],[-122.34117999999998,42.18974399906115],[-122.34226300000002,42.19066799906114],[-122.34356199999999,42.19134099906115],[-122.34385700000003,42.19184999906114],[-122.34389500000003,42.19304899906112],[-122.34481900000002,42.19379499906115],[-122.34495299999999,42.19412899906113],[-122.344934,42.194482999061144],[-122.34472500000001,42.19461399906115],[-122.34373500000001,42.19479599906114],[-122.34232300000002,42.194719999061135],[-122.34175599999999,42.19431299906115],[-122.341803,42.19273399906114],[-122.33944999999999,42.190944999061145],[-122.33925200000002,42.19040299906115],[-122.33842700000004,42.189359999061146],[-122.337713,42.18883399906115],[-122.33525899999998,42.18755599906116]]},"id":"003c0000000000000aed","properties":{"fullname":"","linearid":"110340522892","mtfcc":"S1400","rttyp":""}},{"type":"Feature","geometry":{"type":"LineString","coordinates":[[-122.32662283119848,42.13184001498563],[-122.32719000000003,42.132025999061334],[-122.327704,42.13197899906134],[-122.327766,42.13197299906133]]},"id":"003c0000000000000af7","properties":{"fullname":"","linearid":"110340522866","mtfcc":"S1400","rttyp":""}},{"type":"Feature","geometry":{"type":"LineString","coordinates":[[-122.33748726927071,42.12735719799339],[-122.3371,42.12797199906134],[-122.33599699999999,42.12880499906134],[-122.334552,42.12931899906135],[-122.33313100000001,42.12944199906133],[-122.331661,42.12946599906134],[-122.33060199999998,42.12940399906133]]},"id":"003c0000000000000ba2","properties":{"fullname":"","linearid":"110340519829","mtfcc":"S1400","rttyp":""}},{"type":"Feature","geometry":{"type":"LineString","coordinates":[[-122.37530200000002,42.12873299906134],[-122.37573199999999,42.128550999061346],[-122.37628900000003,42.12840299906135],[-122.376916,42.12792699906136],[-122.377769,42.127564999061356],[-122.37799400000003,42.12753299906135],[-122.378616,42.12818299906136],[-122.378805,42.12918199906135],[-122.37942700000002,42.130481999061345],[-122.37946,42.130918999061336],[-122.37966299999997,42.13121699906134],[-122.379862,42.13136999906133],[-122.381038,42.13179799906132],[-122.38123,42.13199699906132],[-122.38125200000003,42.132191999061334],[-122.38074800000003,42.13288599906134],[-122.38078799999998,42.13359299906132],[-122.38067399999998,42.134468999061326],[-122.38044700000003,42.13500899906131],[-122.38029900000001,42.135156999061344]]},"id":"003c0000000000000ba5","properties":{"fullname":"","linearid":"110340517403","mtfcc":"S1400","rttyp":""}},{"type":"Feature","geometry":{"type":"LineString","coordinates":[[-122.439169,42.12331899906136],[-122.437623,42.12255999906137],[-122.43746800000002,42.122473999061356],[-122.43711500000003,42.12230699906136],[-122.43707200000001,42.12227099906136],[-122.43651599999998,42.121679999061364],[-122.43585899999998,42.12117099906137],[-122.43586100000002,42.12104599906137]]},"id":"003c0000000000000ba9","properties":{"fullname":"","linearid":"1102966053620","mtfcc":"S1400","rttyp":""}},{"type":"Feature","geometry":{"type":"LineString","coordinates":[[-122.43815000000004,42.12120299906138],[-122.43833000000001,42.121889999061366],[-122.43875000000001,42.12260399906137],[-122.439169,42.12331899906136]]},"id":"003c0000000000000baa","properties":{"fullname":"","linearid":"110340520706","mtfcc":"S1400","rttyp":""}},{"type":"Feature","geometry":{"type":"LineString","coordinates":[[-122.439169,42.12331899906136],[-122.43996400000003,42.12323599906135],[-122.44118800000004,42.12367799906135],[-122.441616,42.12358499906135],[-122.442062,42.12336399906136]]},"id":"003c0000000000000bab","properties":{"fullname":"","linearid":"110340519127","mtfcc":"S1400","rttyp":""}},{"type":"Feature","geometry":{"type":"LineString","coordinates":[[-122.43815000000004,42.12120299906138],[-122.43774000000003,42.12128699906137],[-122.43740400000003,42.121194999061366],[-122.43694800000002,42.12092299906137],[-122.43663500000002,42.12057099906137],[-122.43627299999999,42.120538999061374],[-122.436007,42.120753999061364],[-122.43586099999999,42.12104599906136]]},"id":"003c0000000000000bac","properties":{"fullname":"","linearid":"110340520707","mtfcc":"S1400","rttyp":""}},{"type":"Feature","geometry":{"type":"LineString","coordinates":[[-122.441663,42.11922699906137],[-122.441431,42.11936299906136],[-122.439821,42.12044599906136],[-122.43899200000006,42.12072299906137],[-122.43853700000001,42.121067999061374],[-122.43815000000004,42.12120299906138]]},"id":"003c0000000000000bad","properties":{"fullname":"","linearid":"110340519853","mtfcc":"S1400","rttyp":""}},{"type":"Feature","geometry":{"type":"LineString","coordinates":[[-122.44087400000001,42.10973099906141],[-122.44106800000002,42.11009399906141],[-122.44196199999999,42.110858999061406],[-122.44235199999999,42.1111079990614],[-122.443002,42.11133999906141],[-122.44340200000003,42.111571999061404],[-122.44420500000003,42.1116929990614],[-122.44667299999999,42.11188999906139],[-122.448215,42.1118079990614],[-122.451855,42.11110099906141],[-122.453337,42.1105849990614],[-122.45420100000001,42.11077299906142],[-122.45525200000002,42.1115379990614],[-122.45679500000004,42.11193799906139],[-122.457195,42.112123999061396],[-122.457828,42.1130459990614],[-122.45842299999997,42.11416899906139],[-122.45947499999997,42.115070999061395],[-122.46044200000003,42.11590899906138],[-122.46048099999999,42.11606199906139]]},"id":"003c0000000000000bae","properties":{"fullname":"","linearid":"110340518720","mtfcc":"S1400","rttyp":""}},{"type":"Feature","geometry":{"type":"LineString","coordinates":[[-122.441663,42.11922699906137],[-122.442015,42.119278999061386],[-122.442522,42.11937199906138]]},"id":"003c0000000000000baf","properties":{"fullname":"","linearid":"110340519830","mtfcc":"S1400","rttyp":""}},{"type":"Feature","geometry":{"type":"LineString","coordinates":[[-122.45485900000001,42.119052999061374],[-122.453915,42.11883199906138],[-122.453214,42.11890299906137],[-122.452875,42.11905999906139],[-122.45240199999999,42.119451999061376],[-122.452442,42.119538999061376],[-122.45243900000001,42.11967799906137],[-122.45266300000002,42.11994999906137],[-122.452725,42.12007799906136],[-122.45268800000001,42.12019999906137]]},"id":"003c0000000000000bb0","properties":{"fullname":"","linearid":"110340520024","mtfcc":"S1400","rttyp":""}},{"type":"Feature","geometry":{"type":"LineString","coordinates":[[-122.45485900000001,42.119052999061374],[-122.45510699999998,42.11896299906138],[-122.45528999999999,42.11880799906138],[-122.455297,42.11854099906139],[-122.45507,42.11827699906137],[-122.45492800000001,42.11774399906138],[-122.45449400000003,42.11736699906139],[-122.45431499999998,42.11713799906138],[-122.454384,42.116682999061375],[-122.45425400000002,42.11616199906138],[-122.45423299999999,42.1155469990614],[-122.45428100000002,42.115194999061394],[-122.454358,42.114777999061396],[-122.45465000000003,42.11439199906139],[-122.45520300000003,42.114328999061385],[-122.45538500000006,42.114085999061395],[-122.45555800000001,42.11391399906139]]},"id":"003c0000000000000bb1","properties":{"fullname":"","linearid":"110340520695","mtfcc":"S1400","rttyp":""}},{"type":"Feature","geometry":{"type":"LineString","coordinates":[[-122.45555800000001,42.11391399906139],[-122.455286,42.113926999061384],[-122.45458799999999,42.11427299906139],[-122.45419400000002,42.11461899906139],[-122.45403299999998,42.115030999061396],[-122.45401500000001,42.11637499906138],[-122.45422900000003,42.11727999906138],[-122.454623,42.11822399906138],[-122.45485900000001,42.119052999061374]]},"id":"003c0000000000000bb2","properties":{"fullname":"","linearid":"110340520697","mtfcc":"S1400","rttyp":""}},{"type":"Feature","geometry":{"type":"LineString","coordinates":[[-122.46048099999999,42.11606199906139],[-122.460543,42.116305999061396],[-122.46026700000003,42.11642199906139],[-122.45996199999999,42.11640099906138],[-122.458402,42.115749999061386],[-122.45766800000001,42.115365999061396],[-122.45760800000002,42.11511699906139],[-122.45773200000001,42.11482199906139],[-122.457642,42.1145049990614],[-122.457363,42.11427299906139],[-122.45682499999998,42.114045999061396],[-122.456109,42.113886999061386],[-122.45555800000001,42.11391399906139]]},"id":"003c0000000000000bb3","properties":{"fullname":"","linearid":"110340518744","mtfcc":"S1400","rttyp":""}},{"type":"Feature","geometry":{"type":"LineString","coordinates":[[-122.45555800000001,42.11391399906139],[-122.45559000000003,42.11388199906139],[-122.456091,42.11375299906139],[-122.456535,42.113804999061394],[-122.457151,42.114032999061386],[-122.457514,42.11422299906138],[-122.45792500000003,42.11460599906139],[-122.45827,42.11514699906139],[-122.45866500000001,42.115474999061384],[-122.45923700000003,42.11577399906138],[-122.45948899999995,42.11594299906139],[-122.460015,42.116011999061385],[-122.460421,42.11604799906139],[-122.46048099999999,42.11606199906139]]},"id":"003c0000000000000bb4","properties":{"fullname":"","linearid":"110340518746","mtfcc":"S1400","rttyp":""}},{"type":"Feature","geometry":{"type":"LineString","coordinates":[[-122.46048099999999,42.11606199906139],[-122.46080599999998,42.11613899906138],[-122.461154,42.116153999061396],[-122.461255,42.11590099906139],[-122.46086700000001,42.11562799906139],[-122.45994100000001,42.11531999906139],[-122.45947699999998,42.1147459990614],[-122.45906500000001,42.11411599906138],[-122.45884500000003,42.113694999061394],[-122.45838200000003,42.1131639990614],[-122.458157,42.112802999061394],[-122.458098,42.1125849990614],[-122.45804200000006,42.1123749990614],[-122.45815099999999,42.11219399906139],[-122.458678,42.11242199906139],[-122.45908599999997,42.112693999061385],[-122.45929900000002,42.112544999061384],[-122.45939300000003,42.1122309990614],[-122.45961700000001,42.111806999061386],[-122.46014000000001,42.111683999061384],[-122.46066699999999,42.111856999061395],[-122.461147,42.11181599906139],[-122.46161300000001,42.11190699906138],[-122.46179000000002,42.1119939990614],[-122.46228599999999,42.111919999061385],[-122.4625,42.112126999061395],[-122.46290000000003,42.11204299906139],[-122.463212,42.1123099990614],[-122.463729,42.11220899906141],[-122.463716,42.111757999061396],[-122.46340299999999,42.111534999061405],[-122.46360600000003,42.1110719990614],[-122.463432,42.11062299906139],[-122.46363500000001,42.11033599906139],[-122.46372099999999,42.11002899906139],[-122.46419199999998,42.10989999906139],[-122.46449100000004,42.109485999061405],[-122.464524,42.10912899906141],[-122.464261,42.10868599906141],[-122.46264599999999,42.108254999061394],[-122.462165,42.108201999061414],[-122.46171800000002,42.107759999061415],[-122.46126599999998,42.10761999906141],[-122.46107200000003,42.10742799906141],[-122.46072799999999,42.10711699906141],[-122.46027500000001,42.10683399906141],[-122.45979200000001,42.106456999061415],[-122.459404,42.106200999061414],[-122.45898900000002,42.10607199906141],[-122.45853200000002,42.10537099906142],[-122.45825400000001,42.104982999061406],[-122.45759600000002,42.10497499906141],[-122.456998,42.10488999906142],[-122.45663400000001,42.104792999061424],[-122.45647,42.104486999061415],[-122.45633200000002,42.104102999061425],[-122.45618100000006,42.103806999061426],[-122.45583900000003,42.10354499906143],[-122.45535299999999,42.10294899906142],[-122.45505299999999,42.10243499906142],[-122.45475900000001,42.10188099906143],[-122.45501800000001,42.101209999061425],[-122.455209,42.10105499906143],[-122.45532300000002,42.10069799906144],[-122.45520000000002,42.100181999061434],[-122.45515200000003,42.09985299906144],[-122.45535600000002,42.09958299906145],[-122.45545100000002,42.099528999061434]]},"id":"003c0000000000000bb5","properties":{"fullname":"","linearid":"110340518745","mtfcc":"S1400","rttyp":""}},{"type":"Feature","geometry":{"type":"LineString","coordinates":[[-122.439617,42.10174699906143],[-122.43894200000001,42.10200499906142],[-122.43860700000003,42.102088999061415],[-122.43829300000002,42.102240999061436],[-122.43578700000002,42.10306699906143],[-122.43509400000003,42.10363999906143],[-122.43506899999998,42.10408599906142],[-122.43543800000005,42.10430199906143],[-122.4393,42.10439799906141],[-122.440256,42.10453099906144],[-122.440782,42.104747999061445],[-122.44189099999998,42.10584699906143],[-122.442379,42.10658299906142],[-122.442462,42.10691599906141],[-122.442744,42.10728299906141],[-122.44334999999998,42.10775299906142],[-122.44365500000002,42.108613999061404],[-122.44407199999999,42.109149999061415],[-122.444353,42.10935699906141]]},"id":"003c0000000000000bb6","properties":{"fullname":"","linearid":"110340517915","mtfcc":"S1400","rttyp":""}},{"type":"Feature","geometry":{"type":"LineString","coordinates":[[-122.42375300000002,42.09821799906145],[-122.42389800000001,42.098616999061434],[-122.423037,42.099517999061455],[-122.42272899999999,42.10001299906145],[-122.42280199999998,42.10024699906143],[-122.42296500000002,42.100366999061436],[-122.423412,42.100306999061445],[-122.42475599999999,42.099859999061444],[-122.42533399999999,42.09955499906143],[-122.42559600000001,42.09931199906144],[-122.42619600000002,42.09847199906145],[-122.426643,42.09836799906145],[-122.42795100000004,42.09834899906145],[-122.42844899999999,42.09861099906144],[-122.428432,42.09886799906143],[-122.427627,42.09965299906143],[-122.42825500000001,42.100085999061434],[-122.430531,42.09936999906144],[-122.43105800000001,42.099529999061446],[-122.431488,42.099896999061436],[-122.43207899999997,42.10067299906144],[-122.432536,42.10103999906144],[-122.433707,42.10124699906144],[-122.43502700000002,42.101885999061444],[-122.43501800000001,42.102196999061434]]},"id":"003c0000000000000bb7","properties":{"fullname":"","linearid":"110340517623","mtfcc":"S1400","rttyp":""}},{"type":"Feature","geometry":{"type":"LineString","coordinates":[[-122.45521200000002,42.098795999061444],[-122.45514000000001,42.09874399906144],[-122.45474,42.09854299906144],[-122.45418599999998,42.09846299906144],[-122.45359099999999,42.09847099906143],[-122.45345099999997,42.09848299906144],[-122.453145,42.09852899906144],[-122.45261400000003,42.09865799906145],[-122.45243,42.09872499906144],[-122.45224400000001,42.09884299906144]]},"id":"003c0000000000000bb8","properties":{"fullname":"","linearid":"110340520013","mtfcc":"S1400","rttyp":""}},{"type":"Feature","geometry":{"type":"LineString","coordinates":[[-122.45224400000001,42.09884299906144],[-122.45389799999998,42.09938999906145],[-122.45492500000003,42.09954799906144],[-122.45545100000002,42.09952899906144]]},"id":"003c0000000000000bb9","properties":{"fullname":"","linearid":"110340520318","mtfcc":"S1400","rttyp":""}},{"type":"Feature","geometry":{"type":"LineString","coordinates":[[-122.45521200000002,42.098795999061444],[-122.45469600000001,42.09893999906144],[-122.45224400000001,42.09884299906144]]},"id":"003c0000000000000bba","properties":{"fullname":"","linearid":"110340520014","mtfcc":"S1400","rttyp":""}},{"type":"Feature","geometry":{"type":"LineString","coordinates":[[-122.45545100000002,42.099528999061434],[-122.45564199999998,42.099421999061434],[-122.45546900000004,42.09908799906143],[-122.455498,42.09899999906144],[-122.45521200000002,42.098795999061444]]},"id":"003c0000000000000bbb","properties":{"fullname":"","linearid":"110340520016","mtfcc":"S1400","rttyp":""}},{"type":"Feature","geometry":{"type":"LineString","coordinates":[[-122.40635600000002,42.09012999906147],[-122.406226,42.090304999061466],[-122.40529900000003,42.09036699906147],[-122.403986,42.09067599906146],[-122.402756,42.091243999061476],[-122.40169500000003,42.09189599906148],[-122.401038,42.09296999906147],[-122.40053500000002,42.09353399906146],[-122.40000599999999,42.09412299906146],[-122.399686,42.09454899906146],[-122.398789,42.09503999906145],[-122.39776399999998,42.09556899906145],[-122.39693300000003,42.095664999061455],[-122.395837,42.095559999061436],[-122.394808,42.09532099906144],[-122.394723,42.09516899906145],[-122.39470999999999,42.09509499906146],[-122.39469600000001,42.09500199906146],[-122.39465800000002,42.09489599906145],[-122.39459099999998,42.09478299906144],[-122.394538,42.09472399906144],[-122.39447800000002,42.09466799906145],[-122.39436,42.09457299906144],[-122.39426000000002,42.09450499906145],[-122.394055,42.094343999061444],[-122.39389100000001,42.094253999061436],[-122.393771,42.09418199906146],[-122.39353399999997,42.09412299906146],[-122.393391,42.09416299906145],[-122.39329800000003,42.09411899906145],[-122.393064,42.094029999061455],[-122.39267300000003,42.09388999906145],[-122.39240600000002,42.09380799906146],[-122.39226099999998,42.09376699906144],[-122.39194799999999,42.09368999906145],[-122.391814,42.09366299906144],[-122.39163900000001,42.09362999906145],[-122.39146,42.093617999061436],[-122.39119800000003,42.09365499906145],[-122.39102299999999,42.09368199906147],[-122.39093699999998,42.09367899906146],[-122.39076800000001,42.093642999061466],[-122.39072700000003,42.09362699906145],[-122.39061199999998,42.093577999061466],[-122.390538,42.093549999061466],[-122.39045499999999,42.09352599906146],[-122.39036000000002,42.09351199906146],[-122.39025300000003,42.09351099906145],[-122.390112,42.09352499906145],[-122.39002999999998,42.09353199906147],[-122.38992,42.09354299906145],[-122.38980999999998,42.09355799906146],[-122.38969700000001,42.093569999061444],[-122.389584,42.09358199906144],[-122.38946999999999,42.09358999906145],[-122.38935800000003,42.09359299906145],[-122.389247,42.09359399906147],[-122.38914099999998,42.09359999906146],[-122.38904300000003,42.09360999906146],[-122.38894899999998,42.093621999061455],[-122.38885900000001,42.093636999061474],[-122.38877400000001,42.093659999061465],[-122.38868800000003,42.093674999061456],[-122.38851100000001,42.093701999061466],[-122.38841200000005,42.09371399906146],[-122.38831,42.093721999061444],[-122.388205,42.09372799906144],[-122.388097,42.09372799906144],[-122.387988,42.093730999061464],[-122.38787400000001,42.093725999061455],[-122.38775700000004,42.09371199906146],[-122.38763700000001,42.093691999061456],[-122.387518,42.09367699906145],[-122.38739800000002,42.09365799906146],[-122.38728499999998,42.09364699906145],[-122.387176,42.093634999061464],[-122.387074,42.09362099906146],[-122.386972,42.093601999061455],[-122.386875,42.093577999061466],[-122.386695,42.093521999061466],[-122.38661200000001,42.09348699906146],[-122.386536,42.09343699906145],[-122.386425,42.093348999061455],[-122.38639300000003,42.09332299906146],[-122.38620799999998,42.09314899906144],[-122.38615899999998,42.09308999906145],[-122.38610700000002,42.09302899906147],[-122.38605100000001,42.09297099906145],[-122.38599000000004,42.09291999906144],[-122.38591900000002,42.092864999061455],[-122.38584000000002,42.09281999906146],[-122.38568699999999,42.09274699906146],[-122.385611,42.09270599906145],[-122.385573,42.09268699906146],[-122.385194,42.09241999906145],[-122.38511300000003,42.09237799906145],[-122.385032,42.09235299906146],[-122.38486900000001,42.09231899906146],[-122.38478800000003,42.09232099906145],[-122.38470900000004,42.09233999906146],[-122.38463700000001,42.09236799906147],[-122.384384,42.09255299906145],[-122.38431000000001,42.09258999906147],[-122.38423200000001,42.092624999061464],[-122.38415400000001,42.092644999061456],[-122.384074,42.092655999061456],[-122.383998,42.092654999061466],[-122.383927,42.09263399906145],[-122.383894,42.09262299906146],[-122.383828,42.09258699906147],[-122.38357600000002,42.09225799906147],[-122.38353100000006,42.09215299906147],[-122.383503,42.092005999061456],[-122.383507,42.09189899906147],[-122.38352400000001,42.09184699906146],[-122.383548,42.091790999061466],[-122.38357600000002,42.09174399906146],[-122.38363999999999,42.09166199906145],[-122.383738,42.091538999061456],[-122.38379300000001,42.09145799906146],[-122.38381500000001,42.091358999061455],[-122.383819,42.09119699906148],[-122.38379100000003,42.091058999061474],[-122.383734,42.09094999906146],[-122.38365899999998,42.090816999061474],[-122.383548,42.090636999061466],[-122.38349300000002,42.090546999061466],[-122.38344100000002,42.090360999061474],[-122.38345600000005,42.09025199906146],[-122.38355299999999,42.09011899906148],[-122.38367300000002,42.090037999061465],[-122.38393100000002,42.08988899906145],[-122.38408499999998,42.08981999906147],[-122.384227,42.089780999061475],[-122.384341,42.08975499906146],[-122.384493,42.08971199906147],[-122.38456099999999,42.08968699906147],[-122.38467400000003,42.08962499906147],[-122.38475700000002,42.08956699906147],[-122.384822,42.08942899906147],[-122.384812,42.089316999061474],[-122.38476899999999,42.08914399906147],[-122.38473400000001,42.088938999061476],[-122.38471700000002,42.08881299906147],[-122.38471300000003,42.088634999061476],[-122.38472200000001,42.088519999061475],[-122.38474200000005,42.08824199906149],[-122.384524,42.08796599906149],[-122.38432800000001,42.08772099906147],[-122.38403299999999,42.08767399906147],[-122.38391800000002,42.08772399906149],[-122.38378,42.087727999061464],[-122.383617,42.08776299906148],[-122.383347,42.08790899906148],[-122.38320200000004,42.08796799906148],[-122.38302999999999,42.08802799906148],[-122.38290699999999,42.088073999061464],[-122.38275799999998,42.08814099906148],[-122.3826,42.08819999906147],[-122.382434,42.08824899906148],[-122.38238200000002,42.08825399906147],[-122.38220600000001,42.088249999061475],[-122.38200800000003,42.08822199906148],[-122.38183300000001,42.08818899906147],[-122.38172600000003,42.088174999061465],[-122.38165599999998,42.088165999061474],[-122.38145799999998,42.08814799906147],[-122.38133500000004,42.088129999061465],[-122.38127000000003,42.08812299906148],[-122.38108500000001,42.088082999061484],[-122.38085300000002,42.08799999906148],[-122.38067399999998,42.08795299906147],[-122.38055700000001,42.08793099906147],[-122.38045500000001,42.08790599906147],[-122.380317,42.08787199906146],[-122.38016000000005,42.087834999061464],[-122.38000700000002,42.08778699906147],[-122.37991900000003,42.087749999061465],[-122.379868,42.08772399906149],[-122.37980599999999,42.087729999061494],[-122.37956200000002,42.08779699906148],[-122.37939799999998,42.087841999061474],[-122.37911199999999,42.087932999061465],[-122.378967,42.08794399906149],[-122.378875,42.087966999061464],[-122.37871899999999,42.08799599906146],[-122.37857799999999,42.087986999061464],[-122.378469,42.08797299906146],[-122.378334,42.087934999061474],[-122.37825699999998,42.08791899906147],[-122.37815600000003,42.08790299906148],[-122.37806,42.08790699906149],[-122.377922,42.08793799906149],[-122.377844,42.08795599906147],[-122.37773399999999,42.08797999906148],[-122.37751300000001,42.08803399906148],[-122.37740900000003,42.08808699906148],[-122.37735200000003,42.08810899906148],[-122.37723700000001,42.088142999061475],[-122.37709200000002,42.08812699906148],[-122.376809,42.088082999061484],[-122.37673900000003,42.088066999061475],[-122.37661100000001,42.08803999906146],[-122.37649400000005,42.08802099906147],[-122.37643200000001,42.08800899906146],[-122.37627600000006,42.08797699906148],[-122.37606799999999,42.08794199906147],[-122.37555199999998,42.087796999061474],[-122.37490700000004,42.08753099906147],[-122.37479100000002,42.08751199906147],[-122.37454000000001,42.087426999061464],[-122.374349,42.08736199906147],[-122.37425100000002,42.08733599906149],[-122.37419,42.087323999061475],[-122.37406999999999,42.08728299906147],[-122.373856,42.08723899906147],[-122.373725,42.08723299906148],[-122.373366,42.08711999906148],[-122.37321700000004,42.08706099906148],[-122.37300799999998,42.08701499906149],[-122.37286399999999,42.086981999061486],[-122.372775,42.086982999061476],[-122.37257900000002,42.08693799906147],[-122.37233999999998,42.08690299906147],[-122.37223900000005,42.086906999061476],[-122.37205300000002,42.086954999061476],[-122.37197200000003,42.08698599906148],[-122.37189099999999,42.08701699906148],[-122.37175700000002,42.087043999061464],[-122.37131200000002,42.087026999061464]]},"id":"003c0000000000000bbc","properties":{"fullname":"","linearid":"1103690867580","mtfcc":"S1400","rttyp":""}},{"type":"Feature","geometry":{"type":"LineString","coordinates":[[-122.404386,42.07681699906152],[-122.40515399999997,42.07722199906151],[-122.405484,42.07726799906152],[-122.40551400000001,42.07702799906152],[-122.405156,42.07677199906152],[-122.40562900000002,42.07605499906152],[-122.406475,42.07596899906152],[-122.40734,42.07553299906152],[-122.40766199999999,42.076007999061524],[-122.40719,42.078284999061516],[-122.40724800000002,42.07890099906151],[-122.40758,42.08006699906149],[-122.40783100000002,42.0817599990615],[-122.40778599999999,42.081988999061494],[-122.407847,42.082046999061504],[-122.40786099999998,42.08304599906149]]},"id":"003c0000000000000bbd","properties":{"fullname":"","linearid":"110340520042","mtfcc":"S1400","rttyp":""}},{"type":"Feature","geometry":{"type":"LineString","coordinates":[[-122.33910609902557,42.06330987774106],[-122.34190100000004,42.06308299906156],[-122.34310000000002,42.062395999061565],[-122.34355999999998,42.062234999061566],[-122.34420600000001,42.06225699906156],[-122.34475899999998,42.06239399906156],[-122.34559100000001,42.06289599906157],[-122.345928,42.06337699906155],[-122.34570200000003,42.06466499906155],[-122.34577600000001,42.06496299906154],[-122.346396,42.06550899906155],[-122.346546,42.06561599906155],[-122.346371,42.066409999061555],[-122.34617099999997,42.06663299906155],[-122.346057,42.066758999061555],[-122.34605800000001,42.06753599906155],[-122.34612,42.06762699906154],[-122.34612300000003,42.068724999061544],[-122.346364,42.06913299906154],[-122.34646299999999,42.06915799906153]]},"id":"003c0000000000000bcb","properties":{"fullname":"","linearid":"110340520913","mtfcc":"S1400","rttyp":""}},{"type":"Feature","geometry":{"type":"LineString","coordinates":[[-122.33906800000003,42.0513479990616],[-122.34024899999999,42.0516919990616],[-122.34161200000001,42.0522109990616],[-122.342608,42.0529599990616],[-122.34278599999999,42.0533099990616],[-122.342937,42.0534169990616],[-122.34320199999999,42.054113999061585],[-122.34365600000002,42.05436799906159],[-122.34420100000001,42.054188999061594],[-122.344471,42.05396899906159],[-122.346957,42.05300499906159],[-122.347471,42.0531009990616],[-122.349345,42.05433899906159],[-122.34949499999999,42.05453399906159],[-122.34945699999999,42.05490499906159],[-122.34836700000001,42.055565999061585],[-122.34824300000002,42.05569499906158],[-122.34825000000002,42.055766999061575],[-122.34826799999999,42.055955999061574],[-122.34845,42.05608599906159],[-122.349087,42.056016999061576],[-122.35208800000004,42.05496699906159],[-122.35254300000003,42.05504099906158],[-122.352698,42.05515699906159],[-122.35326899999997,42.0555949990616],[-122.353746,42.055784999061586],[-122.35425100000002,42.05576899906157],[-122.355073,42.055596999061585],[-122.35589600000003,42.0556779990616],[-122.35608599999999,42.05579499906158],[-122.35636800000002,42.05621399906158]]},"id":"003c0000000000000bcd","properties":{"fullname":"","linearid":"110340520914","mtfcc":"S1400","rttyp":""}},{"type":"Feature","geometry":{"type":"LineString","coordinates":[[-122.22825118452424,42.21392172004716],[-122.22827900000001,42.213949999061064],[-122.22843500000002,42.214156999061075],[-122.22849900000003,42.21424999906106],[-122.22862299999998,42.214406999061076],[-122.228659,42.21446099906107],[-122.22870000000003,42.214534999061065],[-122.22873400000002,42.214611999061084],[-122.22884500000002,42.214924999061076],[-122.22897600000003,42.21524599906107],[-122.229013,42.21532599906106],[-122.22915499999998,42.21559499906107],[-122.22924299999998,42.21573499906106],[-122.22934099999999,42.21587099906105],[-122.229415,42.215957999061075],[-122.22946200000001,42.21599499906105],[-122.22951800000001,42.216025999061046],[-122.22964199999998,42.21607899906107],[-122.22971700000001,42.21610499906106],[-122.22979500000001,42.21612499906106],[-122.22995699999998,42.21615499906107],[-122.230121,42.21617899906105],[-122.23055499999997,42.21625499906106],[-122.231448,42.216438999061076],[-122.23168800000002,42.21649199906106],[-122.23194600000002,42.21656099906106],[-122.232072,42.21660099906106],[-122.23220299999998,42.21664999906107],[-122.23232900000001,42.21670599906107],[-122.232696,42.21688799906106],[-122.23287000000003,42.216980999061064],[-122.233125,42.21712699906105],[-122.23362900000001,42.21740499906104],[-122.23377200000002,42.217477999061046],[-122.23392000000001,42.21754499906106],[-122.234117,42.21762099906106],[-122.23426,42.21768099906105],[-122.23433499999997,42.217717999061044],[-122.23441700000002,42.217765999061044],[-122.23449200000003,42.217818999061066],[-122.234837,42.21810699906106],[-122.23514299999998,42.218371999061056],[-122.235312,42.21852499906104],[-122.23547500000002,42.21867999906106],[-122.23572,42.21893699906105],[-122.23592199999999,42.219117999061055],[-122.23604499999999,42.21921399906107],[-122.23617400000002,42.21930599906106],[-122.23644499999999,42.21947799906104],[-122.236741,42.21964199906106],[-122.236866,42.219725999061055],[-122.237013,42.21983699906105],[-122.237102,42.21990499906106],[-122.23726899999997,42.22004599906105],[-122.23735700000002,42.22011199906106],[-122.237458,42.220174999061044],[-122.23756500000002,42.22023199906105],[-122.237677,42.22028299906105],[-122.23778,42.220317999061045],[-122.23799600000004,42.22037299906104],[-122.238101,42.22040399906105],[-122.238249,42.22045899906104],[-122.23839300000002,42.22051899906105],[-122.23850499999999,42.220572999061055],[-122.23861300000002,42.22063299906105],[-122.23915700000003,42.220953999061045],[-122.23927500000003,42.22101499906104],[-122.23938400000004,42.22106199906105],[-122.23961200000002,42.221140999061056],[-122.24030500000002,42.221348999061036],[-122.24037500000001,42.22136599906104],[-122.24061600000002,42.221411999061054],[-122.24073900000002,42.22142799906105],[-122.241034,42.221435999061036],[-122.24130700000003,42.22144699906104],[-122.24139500000003,42.221452999061036],[-122.24161000000004,42.22146799906105],[-122.24191399999997,42.221499999061045],[-122.24198900000003,42.22151099906104],[-122.242061,42.22152999906105],[-122.242173,42.221574999061055],[-122.24222300000001,42.22160399906104],[-122.24226100000001,42.221633999061034],[-122.24232800000003,42.221702999061044],[-122.24238,42.221776999061056],[-122.24243000000001,42.22184799906105],[-122.24252900000003,42.22201099906105],[-122.242599,42.22205899906105]]},"id":"003c0000000000000dec","properties":{"fullname":"","linearid":"1104472734006","mtfcc":"S1400","rttyp":""}},{"type":"Feature","geometry":{"type":"LineString","coordinates":[[-122.15050200000003,42.185007999061156],[-122.15029997589473,42.18511379620733]]},"id":"003c0000000000000e65","properties":{"fullname":"","linearid":"1102361389989","mtfcc":"S1400","rttyp":""}},{"type":"Feature","geometry":{"type":"LineString","coordinates":[[-122.165457,42.18743599906115],[-122.165313,42.18736299906115],[-122.16522200000003,42.18733799906115],[-122.16513000000002,42.18732099906114],[-122.165037,42.18731099906116],[-122.16493500000003,42.18730999906115],[-122.16473900000004,42.18732599906114],[-122.16467000000003,42.18733499906115],[-122.164244,42.18739399906115],[-122.16408900000005,42.18739499906115],[-122.16397200000002,42.18738499906115],[-122.163832,42.18734999906115],[-122.163538,42.18720099906116],[-122.16345199999999,42.187162999061144],[-122.16335900000001,42.18713399906115],[-122.16326299999999,42.18711099906117],[-122.163052,42.187068999061154],[-122.162937,42.18705299906115],[-122.162835,42.18704799906116],[-122.162727,42.18702499906115],[-122.16267200000001,42.187001999061145],[-122.16262700000001,42.186970999061145],[-122.16255400000006,42.18689599906115],[-122.162514,42.18684499906116],[-122.162445,42.18672299906116],[-122.16220900000005,42.18630499906115],[-122.16218100000003,42.18627199906116],[-122.16212399999999,42.186228999061164],[-122.154959,42.18678399906115],[-122.1502874898427,42.187147229739146]]},"id":"003c0000000000000e6a","properties":{"fullname":"","linearid":"110528899915","mtfcc":"S1400","rttyp":""}},{"type":"Feature","geometry":{"type":"LineString","coordinates":[[-122.151231,42.192727999061134],[-122.15087400000003,42.192801999061146],[-122.15065800000002,42.19285499906114],[-122.15043999999999,42.192901999061135],[-122.15025986942916,42.192935568884465]]},"id":"003c0000000000000e6b","properties":{"fullname":"","linearid":"1102328796339","mtfcc":"S1400","rttyp":""}},{"type":"Feature","geometry":{"type":"LineString","coordinates":[[-122.159219,42.194187999061135],[-122.15912700000001,42.19414199906112],[-122.15871,42.19396299906113],[-122.158049,42.19368099906112],[-122.15765400000002,42.19353199906113],[-122.157424,42.19346099906113],[-122.15718500000003,42.19340099906114],[-122.15714499999999,42.193393999061136],[-122.15692100000003,42.19335499906113],[-122.15675799999998,42.19333499906113],[-122.15659400000006,42.193319999061124],[-122.15677199999999,42.19320599906113],[-122.15836099999999,42.19224099906114],[-122.158419,42.192205999061144],[-122.15916299999998,42.19176599906114],[-122.15967799999999,42.191435999061135],[-122.16101,42.19069299906115],[-122.162586,42.18979699906114],[-122.16301600000006,42.189535999061135],[-122.16318199999999,42.18941399906114],[-122.16328400000002,42.189318999061136],[-122.16345600000001,42.189141999061135],[-122.16366999999997,42.188895999061145],[-122.16378599999999,42.188755999061144],[-122.16385600000001,42.188672999061154],[-122.164064,42.18845199906115],[-122.16417899999999,42.18834299906115],[-122.164301,42.18823799906114],[-122.164425,42.188141999061145],[-122.16468700000001,42.18795999906114],[-122.16508400000001,42.18769799906116],[-122.165457,42.18743599906115]]},"id":"003c0000000000000e6e","properties":{"fullname":"","linearid":"1104472937107","mtfcc":"S1400","rttyp":""}},{"type":"Feature","geometry":{"type":"LineString","coordinates":[[-122.15659400000006,42.193319999061124],[-122.15635799999998,42.193408999061134],[-122.15630000000002,42.19342399906114],[-122.15624600000005,42.19344399906113],[-122.15618400000001,42.193474999061124],[-122.15612800000002,42.19351199906114],[-122.156071,42.193558999061146],[-122.15600600000002,42.19367499906114],[-122.15595400000002,42.19379699906114],[-122.15588699999998,42.193983999061146],[-122.15581799999998,42.19423999906114],[-122.155749,42.19449899906114],[-122.15563200000001,42.194887999061116],[-122.155588,42.195002999061124],[-122.15536,42.19561099906112],[-122.155221,42.19595699906112],[-122.155071,42.19630599906112],[-122.15475300000003,42.19699799906112],[-122.154651,42.19720199906111],[-122.154413,42.19768099906111],[-122.15428299999999,42.19790899906112]]},"id":"003c0000000000000e6f","properties":{"fullname":"","linearid":"1104472587516","mtfcc":"S1400","rttyp":""}},{"type":"Feature","geometry":{"type":"LineString","coordinates":[[-122.159219,42.194187999061135],[-122.15922000000003,42.19421699906114],[-122.15925100000003,42.19430699906113],[-122.15928800000002,42.194368999061126],[-122.159425,42.19455499906114],[-122.159527,42.19467599906114],[-122.15996300000002,42.19515799906112],[-122.160307,42.19551699906113],[-122.16062700000005,42.195866999061124],[-122.161166,42.19647999906114],[-122.161934,42.197375999061116],[-122.162025,42.1974769990611],[-122.16234700000003,42.197800999061116],[-122.162502,42.197966999061116],[-122.162853,42.198405999061116],[-122.162952,42.19851399906112],[-122.163164,42.19872299906113],[-122.163226,42.198787999061125],[-122.163265,42.198829999061125],[-122.16335600000002,42.19894199906112],[-122.16344100000003,42.1990619990611],[-122.163518,42.199185999061115],[-122.16357600000002,42.19929399906111],[-122.16362700000002,42.19940399906112],[-122.16381200000005,42.19985899906111],[-122.163854,42.1999759990611],[-122.16394500000004,42.200272999061134],[-122.164039,42.20063299906112],[-122.16411100000003,42.20085599906111],[-122.16419000000002,42.2010769990611],[-122.16426700000001,42.201274999061106],[-122.164394,42.2015699990611],[-122.16442000000004,42.20163899906112],[-122.16444299999999,42.20172599906111],[-122.16449200000001,42.20185399906111],[-122.16455700000002,42.2019699990611],[-122.16460800000003,42.20204399906111],[-122.16475600000001,42.20222399906112],[-122.164806,42.20227699906111],[-122.16494400000005,42.20240899906111],[-122.165036,42.202487999061105],[-122.16516999999999,42.202583999061105],[-122.16528100000002,42.20264499906111],[-122.16595600000002,42.203163999061104],[-122.16607400000001,42.2032599990611],[-122.16618400000002,42.20335999906112],[-122.166276,42.20345799906111],[-122.166532,42.2037659990611],[-122.16671599999998,42.20396099906109],[-122.16698099999998,42.2042309990611],[-122.167064,42.204323999061096],[-122.16713800000001,42.2044199990611],[-122.16728400000001,42.204664999061094],[-122.16739000000004,42.2048279990611],[-122.16784499999999,42.2054679990611],[-122.168201,42.205936999061095],[-122.16833700000005,42.206143999061105],[-122.168704,42.20677899906109],[-122.16883599999998,42.20698699906109],[-122.16934300000001,42.20770699906109],[-122.16952600000002,42.207935999061085],[-122.169651,42.208076999061085],[-122.169914,42.208353999061075],[-122.17008,42.208520999061086],[-122.17025200000003,42.20868599906109],[-122.17073600000002,42.209112999061084],[-122.17097099999998,42.20933099906108],[-122.17119800000002,42.209552999061074],[-122.17139100000001,42.20975799906108],[-122.171765,42.210173999061084],[-122.17225300000001,42.21069599906108],[-122.172473,42.21094899906107],[-122.17239100000002,42.210962999061074],[-122.17235600000001,42.211003999061084],[-122.172341,42.21104299906109],[-122.17234299999998,42.21106899906108],[-122.172362,42.21114699906107],[-122.17239600000005,42.21161699906107],[-122.172423,42.21182299906108],[-122.17250499999999,42.21223099906107],[-122.172585,42.21255399906108],[-122.17261599999999,42.21266099906107],[-122.17273899999999,42.213011999061074],[-122.172825,42.213290999061066],[-122.17290100000001,42.21357099906106],[-122.172914,42.213625999061065],[-122.17297000000002,42.21385199906106],[-122.173113,42.21453899906107],[-122.173177,42.214817999061076],[-122.17322300000004,42.215091999061066],[-122.17326300000003,42.21545599906106],[-122.17330500000003,42.215729999061075],[-122.173319,42.21586699906106],[-122.17332200000001,42.21599599906105],[-122.17329700000002,42.216380999061066],[-122.17326999999999,42.21659299906107],[-122.17324300000006,42.21680399906107],[-122.173212,42.217098999061065],[-122.17319000000003,42.21724599906106],[-122.173149,42.217439999061064],[-122.17313599999999,42.217476999061056],[-122.17310800000001,42.21753299906105],[-122.17303300000002,42.21763899906105],[-122.17294200000002,42.217738999061055],[-122.17272700000001,42.21795299906106],[-122.172602,42.218064999061056],[-122.172225,42.21836999906106],[-122.17205600000003,42.21851699906105],[-122.17197600000002,42.21859299906105],[-122.17190500000001,42.21867299906105],[-122.17184500000003,42.21875399906105],[-122.17179100000001,42.21883899906105],[-122.17174499999999,42.21892699906107],[-122.17166700000004,42.219101999061046]]},"id":"003c0000000000000e70","properties":{"fullname":"","linearid":"1104472333991","mtfcc":"S1400","rttyp":""}},{"type":"Feature","geometry":{"type":"LineString","coordinates":[[-122.159219,42.194187999061135],[-122.15965500000001,42.19435199906114],[-122.15997500000002,42.19448099906114],[-122.160269,42.19459199906114],[-122.16115299999998,42.19490299906113],[-122.16157000000004,42.19504099906113],[-122.161899,42.19515099906113],[-122.162055,42.19519399906114],[-122.162208,42.19523099906112],[-122.16252,42.195290999061115],[-122.16267799999999,42.19531099906112],[-122.16284900000001,42.19532599906113],[-122.16302100000004,42.19533399906112],[-122.16319300000002,42.195330999061134],[-122.16353499999997,42.19530799906112],[-122.16396100000004,42.195264999061116],[-122.16409000000003,42.19525599906114],[-122.164477,42.195237999061135],[-122.16468500000006,42.19523699906112],[-122.16553100000004,42.19526199906112],[-122.16596000000001,42.19528199906113],[-122.167508,42.195384999061126],[-122.16787000000001,42.19540399906113],[-122.16823199999999,42.19541699906112],[-122.16893400000002,42.19542399906113],[-122.16903000000002,42.19542899906112],[-122.16921599999999,42.195440999061134],[-122.169778,42.19549399906112],[-122.17014300000001,42.195523999061116],[-122.170309,42.195531999061124],[-122.17038900000001,42.19554499906113],[-122.170461,42.195565999061124],[-122.17060100000002,42.19561799906113],[-122.1707,42.19566099906115],[-122.17088599999998,42.195758999061134],[-122.17097300000005,42.19581499906113],[-122.171401,42.196057999061125]]},"id":"003c0000000000000e71","properties":{"fullname":"","linearid":"1104472937106","mtfcc":"S1400","rttyp":""}},{"type":"Feature","geometry":{"type":"LineString","coordinates":[[-122.17216749519469,42.19550962013233],[-122.17203700000007,42.19564299906112],[-122.17190300000003,42.195751999061116],[-122.17167700000003,42.19589699906113],[-122.17150900000001,42.19598099906113],[-122.171401,42.196057999061125]]},"id":"003c0000000000000e74","properties":{"fullname":"","linearid":"1104472937105","mtfcc":"S1400","rttyp":""}},{"type":"Feature","geometry":{"type":"LineString","coordinates":[[-122.16998246457219,42.1846528964212],[-122.16972500000004,42.18477999906118],[-122.1694,42.184926999061155],[-122.16922099999998,42.185014999061146],[-122.16907100000003,42.18509399906115],[-122.16904900000002,42.18510699906116],[-122.168889,42.18520199906116],[-122.168732,42.18530099906116],[-122.16834899999999,42.185552999061166],[-122.167855,42.18591299906115],[-122.167378,42.18621599906117],[-122.167111,42.18639399906115],[-122.166804,42.18661099906115],[-122.16667599999997,42.18668799906116],[-122.166372,42.186870999061156],[-122.166237,42.18695399906117],[-122.16613600000002,42.18701999906114],[-122.16592200000001,42.18717199906115],[-122.165715,42.18730399906114],[-122.16557600000004,42.18738299906115],[-122.165457,42.18743599906115]]},"id":"003c0000000000000e75","properties":{"fullname":"","linearid":"1104472333988","mtfcc":"S1400","rttyp":""}},{"type":"Feature","geometry":{"type":"LineString","coordinates":[[-122.171401,42.196057999061125],[-122.17133999999999,42.19815799906111],[-122.17161000000002,42.19993799906112],[-122.17177599999998,42.2010319990611],[-122.17243,42.203029999061094],[-122.173151,42.20430999906109],[-122.17420099999998,42.2054009990611],[-122.17519799999998,42.206366999061096],[-122.176073,42.20689199906109],[-122.178596,42.2080609990611],[-122.17889100000005,42.20819799906109],[-122.179154,42.20831999906109],[-122.180841,42.20943699906109],[-122.18196299999998,42.21033499906109],[-122.18210500000004,42.21038999906108]]},"id":"003c0000000000000e83","properties":{"fullname":"","linearid":"1104472587480","mtfcc":"S1400","rttyp":""}},{"type":"Feature","geometry":{"type":"LineString","coordinates":[[-122.171401,42.196057999061125],[-122.171687,42.196217999061126],[-122.17205700000002,42.19640199906112],[-122.17222599999998,42.19646199906113],[-122.17260100000001,42.19666999906113],[-122.17269500000003,42.196730999061124],[-122.17277800000002,42.19679199906112],[-122.172932,42.19692099906113],[-122.173054,42.197035999061114],[-122.17333500000001,42.19733999906113],[-122.173536,42.19754299906112],[-122.17361100000004,42.19761299906111],[-122.173693,42.19767799906112],[-122.17379100000004,42.19773799906112],[-122.17400199999999,42.197845999061116],[-122.17413200000001,42.197896999061115],[-122.17433199999999,42.19796599906113],[-122.174394,42.197993999061126],[-122.17445200000003,42.19802699906112],[-122.174578,42.19812699906112],[-122.17472200000003,42.19822999906112],[-122.17487099999998,42.19832899906113],[-122.174942,42.198372999061114],[-122.17506700000001,42.198450999061116],[-122.17536700000001,42.19862799906111],[-122.17572000000001,42.19885399906113],[-122.17576800000002,42.19888899906112],[-122.17584400000001,42.1989549990611],[-122.175986,42.1990949990611],[-122.17606500000002,42.199159999061116],[-122.176149,42.19921799906111],[-122.17623900000002,42.19927199906112],[-122.17633400000004,42.19931999906111],[-122.17646799999999,42.1993739990611],[-122.17660999999998,42.1994159990611],[-122.176683,42.19942899906111],[-122.17678200000003,42.19943899906111],[-122.176883,42.19944099906112],[-122.17722,42.19942699906112],[-122.17727800000002,42.19944599906111],[-122.17736700000003,42.1994609990611],[-122.17745199999999,42.19948199906112],[-122.17753199999997,42.19950899906111],[-122.17764600000001,42.19956099906112],[-122.17774799999998,42.19962699906111],[-122.17779100000003,42.19966499906112],[-122.17786700000002,42.1997649990611],[-122.17789800000001,42.19981799906112],[-122.17792999999999,42.1998859990611],[-122.177952,42.19995599906112],[-122.17798300000003,42.20009999906111],[-122.17802000000002,42.20024199906111],[-122.17807800000001,42.20040199906111],[-122.17811499999999,42.200479999061116],[-122.178163,42.200554999061126],[-122.17827200000002,42.2007019990611],[-122.17837799999998,42.200871999061114],[-122.178616,42.2013029990611],[-122.17880900000003,42.20163199906109],[-122.17895400000002,42.2018959990611],[-122.17899800000004,42.2019889990611],[-122.179033,42.2020839990611],[-122.179059,42.2021829990611],[-122.179076,42.20228399906111],[-122.17906899999998,42.20236499906111],[-122.17912699999997,42.2025599990611],[-122.17919699999999,42.20271799906109],[-122.179229,42.20281899906111],[-122.17927300000001,42.20302299906111],[-122.179313,42.20326699906109],[-122.17935300000002,42.203393999061106],[-122.17939100000002,42.20347099906111],[-122.17943500000001,42.2035469990611],[-122.179583,42.203770999061106],[-122.17967,42.203923999061104],[-122.17977500000003,42.2041529990611],[-122.179931,42.20454099906111],[-122.179968,42.2046739990611],[-122.17998399999999,42.204754999061095],[-122.18000700000003,42.20483399906111],[-122.180049,42.2049239990611],[-122.180101,42.2050119990611],[-122.180253,42.205243999061096],[-122.18060300000002,42.2057079990611],[-122.18067500000004,42.2057949990611],[-122.18076599999998,42.20588999906109],[-122.18096700000001,42.2060679990611],[-122.18107200000004,42.20615399906109],[-122.181253,42.2062909990611],[-122.18184899999999,42.206708999061085],[-122.18200900000001,42.206828999061095],[-122.18213400000002,42.2069429990611],[-122.18220600000002,42.207016999061096],[-122.18233800000002,42.20717299906107],[-122.182448,42.207335999061094],[-122.18252400000004,42.207475999061074],[-122.182583,42.20761999906109],[-122.18260000000001,42.20769299906109],[-122.182616,42.2077589990611],[-122.18262499999999,42.2078579990611],[-122.182618,42.20794999906108],[-122.182606,42.208008999061086],[-122.18258700000001,42.208066999061074],[-122.18250900000001,42.20819999906109],[-122.182589,42.208211999061085],[-122.18265500000003,42.20824599906109],[-122.18273300000003,42.20829499906109],[-122.18280300000005,42.208349999061085],[-122.18308,42.208585999061086],[-122.18335799999998,42.20883599906109],[-122.18363300000003,42.20906199906109],[-122.18420200000001,42.20951399906108],[-122.18429499999999,42.2095919990611],[-122.18442999999999,42.20971599906109],[-122.18480100000001,42.21007699906107],[-122.185017,42.21029799906108],[-122.18513100000001,42.21043599906108],[-122.18523700000003,42.21057799906107],[-122.18529199999999,42.210660999061076]]},"id":"003c0000000000000e84","properties":{"fullname":"","linearid":"110528902536","mtfcc":"S1400","rttyp":""}},{"type":"Feature","geometry":{"type":"LineString","coordinates":[[-122.15428299999999,42.19790899906112],[-122.15470299999998,42.198230999061096],[-122.15532267080901,42.199101987247076]]},"id":"003c0000000000000e8f","properties":{"fullname":"","linearid":"1104472587512","mtfcc":"S1400","rttyp":""}},{"type":"Feature","geometry":{"type":"LineString","coordinates":[[-122.15428299999999,42.19790899906112],[-122.15370099999998,42.19896899906111],[-122.15361044814932,42.19913426865782]]},"id":"003c0000000000000e92","properties":{"fullname":"","linearid":"110528902533","mtfcc":"S1400","rttyp":""}},{"type":"Feature","geometry":{"type":"LineString","coordinates":[[-122.15024664877814,42.19635799298462],[-122.15027200000002,42.19635599906113],[-122.15056299999999,42.19635699906112],[-122.15068500000002,42.19636399906113],[-122.150724,42.19637399906112],[-122.15075200000005,42.19638999906114],[-122.15080300000001,42.19643199906114],[-122.15087200000002,42.196506999061114],[-122.15091000000002,42.19654099906113],[-122.15096500000001,42.19657099906112],[-122.15108700000003,42.19661999906113],[-122.15121,42.19666399906113],[-122.15133700000005,42.19670299906111],[-122.15186299999999,42.19684899906113],[-122.152167,42.19696499906111],[-122.15271400000003,42.19717399906112],[-122.15315500000001,42.197356999061114],[-122.15317600000003,42.19736599906113],[-122.153585,42.19755299906111],[-122.15400500000003,42.19776099906111],[-122.15428299999999,42.19790899906112]]},"id":"003c0000000000000e93","properties":{"fullname":"","linearid":"1104472587515","mtfcc":"S1400","rttyp":""}},{"type":"Feature","geometry":{"type":"LineString","coordinates":[[-122.27316600000003,42.265791999060916],[-122.273263,42.265907999060914],[-122.27336099999998,42.265999999060895],[-122.27345300000002,42.2660949990609],[-122.27354000000003,42.26619299906091],[-122.27362099999999,42.266293999060906],[-122.27368399999999,42.2663829990609],[-122.27374,42.266474999060904],[-122.27383799999998,42.26666299906091],[-122.27391700000003,42.26685599906091],[-122.27394600000001,42.2669539990609],[-122.27396200000003,42.26705299906091],[-122.27398300000003,42.2672529990609],[-122.274014,42.26740899906091],[-122.27405600000002,42.267563999060904],[-122.274099,42.2676889990609],[-122.27411651874846,42.267729699312014]]},"id":"003c00000000000016bb","properties":{"fullname":"","linearid":"1102314647918","mtfcc":"S1400","rttyp":""}},{"type":"Feature","geometry":{"type":"LineString","coordinates":[[-122.27563400000001,42.266056999060915],[-122.27538200000004,42.2660429990609],[-122.275133,42.266015999060926],[-122.274787,42.26596599906089],[-122.274583,42.26594399906091],[-122.27396700000001,42.26590599906091],[-122.27386500000001,42.265896999060914],[-122.27356,42.26585899906091],[-122.273359,42.26582799906091],[-122.27316600000003,42.265791999060916]]},"id":"003c00000000000016c0","properties":{"fullname":"","linearid":"1102314647919","mtfcc":"S1400","rttyp":""}},{"type":"Feature","geometry":{"type":"LineString","coordinates":[[-122.24102100000002,42.24354599906098],[-122.24081899999999,42.243766999060966],[-122.24066600000002,42.243965999060975],[-122.24049700000003,42.24415599906097],[-122.24040600000001,42.24424699906099],[-122.240212,42.244420999060964],[-122.24011400000002,42.24450199906097],[-122.239908,42.24465699906097],[-122.23979600000004,42.24472699906098],[-122.23958299999998,42.24483499906097],[-122.23947100000002,42.244882999060984],[-122.23928800000002,42.24495299906098],[-122.239072,42.24501499906098],[-122.23896699999999,42.24504099906098],[-122.23877900000001,42.24508899906098],[-122.23863599999999,42.24513299906098],[-122.238359,42.24523299906097],[-122.238133,42.245328999060966],[-122.23786599999998,42.24546099906097],[-122.23769399999999,42.24555499906098],[-122.23754500000001,42.24564499906097],[-122.23740000000002,42.24573899906096],[-122.23698299999998,42.24603699906098],[-122.236497,42.246408999060954],[-122.23642100000002,42.24645999906096],[-122.23617799999998,42.246599999060976],[-122.23602000000001,42.24669699906096],[-122.23594700000001,42.24674999906097],[-122.23588000000002,42.246806999060965],[-122.23576200000001,42.24692899906097],[-122.235711,42.246993999060976],[-122.23563400000002,42.24712699906097],[-122.235605,42.247196999060975],[-122.23556000000004,42.247338999060965],[-122.23552899999999,42.24748599906097],[-122.23552299999999,42.247559999060975],[-122.235526,42.24771499906095],[-122.23553500000001,42.247766999060964],[-122.235552,42.24781699906096],[-122.23559199999998,42.24789899906095],[-122.23561900000001,42.24793599906097],[-122.235687,42.247994999060964],[-122.23577399999999,42.24804099906097],[-122.23602700000002,42.248146999060964],[-122.236446,42.248294999060946],[-122.236704,42.248395999060946],[-122.236935,42.24849399906096],[-122.237161,42.24859899906097],[-122.23738200000001,42.24871099906097],[-122.23764299999999,42.24885699906096],[-122.23803500000002,42.249084999060976],[-122.23814200000004,42.24914099906098],[-122.23828500000002,42.24920999906096],[-122.23836400000002,42.24924799906096],[-122.23847100000002,42.24930499906096],[-122.23857099999998,42.24936699906095],[-122.238654,42.24943199906096],[-122.23880800000005,42.24957299906095],[-122.23889000000001,42.24963999906096],[-122.23899799999998,42.249715999060946],[-122.23911099999998,42.249788999060954],[-122.23927500000003,42.24988699906097],[-122.239723,42.25016399906095],[-122.240373,42.25058199906096],[-122.24044400000001,42.250647999060945],[-122.240648,42.25073899906096],[-122.24094000000004,42.25080799906094],[-122.241259,42.250873999060964],[-122.24171700000002,42.25095499906095],[-122.241992,42.25099799906095],[-122.242127,42.25102599906096],[-122.24227999999998,42.25106599906096],[-122.24242899999999,42.25111299906094],[-122.24253999999999,42.25115499906096],[-122.24284600000004,42.251290999060956],[-122.24328900000003,42.25150999906095],[-122.24356700000001,42.25165599906095],[-122.244778,42.25230899906094],[-122.244859,42.25235799906095],[-122.24508599999999,42.252465999060945],[-122.24524100000002,42.25249799906095],[-122.24532000000002,42.252506999060955],[-122.24547899999999,42.25251199906096],[-122.24558800000004,42.25250599906095],[-122.24580099999999,42.25247399906093],[-122.245976,42.252438999060956],[-122.24654800000002,42.25228399906096],[-122.24679099999999,42.25222699906095],[-122.246919,42.25220099906093],[-122.24704900000002,42.25218799906094],[-122.247115,42.252188999060955],[-122.247232,42.25220099906093],[-122.24728700000001,42.252213999060956],[-122.24733799999998,42.252233999060955],[-122.247384,42.252259999060946],[-122.247553,42.252368999060955],[-122.24756600000002,42.252377999060954],[-122.24765600000002,42.25244199906094],[-122.24774,42.25250899906096],[-122.247818,42.25258099906094],[-122.24798300000002,42.25277999906096],[-122.24805600000003,42.25284699906096],[-122.24821800000001,42.25297099906094],[-122.24840799999997,42.253094999060956],[-122.248549,42.25320299906093],[-122.24861100000001,42.253259999060944],[-122.24865300000002,42.25330899906096],[-122.24872200000001,42.25341099906094],[-122.24877300000001,42.25352099906094],[-122.248828,42.25372399906095],[-122.24892899999999,42.25393399906095],[-122.24911200000001,42.25435099906093],[-122.24917800000001,42.25448799906094],[-122.24938399999999,42.25484499906094],[-122.24944799999999,42.255004999060944],[-122.24949000000002,42.25508199906094],[-122.24955600000003,42.25514699906095],[-122.24959000000004,42.25517499906096],[-122.249705,42.255281999060955],[-122.249865,42.255382999060934],[-122.250017,42.25548899906093],[-122.25018799999998,42.25562399906093],[-122.25030999999998,42.25573899906094],[-122.25056300000004,42.256019999060925],[-122.25070300000002,42.256157999060925],[-122.25085700000004,42.25626999906093],[-122.25112200000001,42.25641999906093],[-122.25151400000001,42.25663099906093],[-122.25179099999998,42.25679699906094],[-122.25218800000003,42.25701899906093],[-122.25263499999998,42.25725499906094],[-122.25287600000003,42.257370999060925],[-122.25299199999998,42.25743299906094],[-122.253087,42.25749199906092],[-122.253177,42.25755499906095],[-122.25327500000003,42.25763599906093],[-122.253314,42.25767999906094],[-122.25334000000001,42.25772899906094],[-122.25335500000001,42.25777999906093],[-122.253434,42.258127999060925],[-122.253501,42.258313999060924],[-122.25354800000001,42.25840399906094],[-122.25360000000006,42.258481999060926],[-122.25370199999999,42.25861199906092],[-122.25383900000001,42.25876899906093],[-122.254011,42.25901399906093],[-122.25405500000001,42.25906799906092],[-122.25410600000001,42.25911699906094],[-122.254176,42.25916699906092],[-122.25430699999998,42.259243999060935],[-122.25500000000001,42.25959499906092],[-122.255158,42.25968199906092],[-122.255495,42.25986499906094],[-122.256628,42.260273999060914],[-122.256977,42.26041099906092],[-122.25732200000003,42.260551999060915],[-122.25766700000004,42.26069999906091],[-122.25868600000003,42.26116299906091],[-122.259854,42.26167399906092],[-122.260094,42.261774999060925],[-122.260568,42.26195499906093],[-122.26068600000005,42.26199099906093],[-122.26087800000003,42.26203299906093],[-122.26107700000004,42.262056999060924],[-122.26119100000003,42.26205999906092],[-122.26130500000002,42.262057999060914],[-122.26162600000005,42.26204199906093],[-122.26173099999998,42.26204499906092],[-122.26181800000005,42.262056999060924],[-122.26199000000001,42.26209499906092],[-122.26207399999998,42.26211899906092],[-122.26221799999999,42.26216699906092],[-122.263441,42.262686999060904],[-122.263891,42.26288599906091],[-122.264709,42.26325599906092],[-122.26482600000003,42.2633189990609],[-122.26492300000001,42.26337699906091],[-122.26501600000002,42.26343899906092],[-122.26515400000005,42.26354299906091],[-122.26529300000001,42.26366399906091],[-122.26549300000002,42.26382199906091],[-122.26557500000001,42.26385299906091],[-122.265715,42.26388999906093],[-122.26585200000001,42.263909999060914],[-122.26603999999999,42.2639199990609],[-122.26635600000002,42.263938999060926],[-122.26663500000004,42.2639619990609],[-122.26688200000001,42.26400899906093],[-122.26706600000003,42.264049999060916],[-122.26742100000001,42.26414899906091],[-122.267669,42.264235999060915],[-122.26795000000001,42.26435399906091],[-122.26809599999999,42.264407999060914],[-122.26824500000004,42.26445499906091],[-122.26836599999999,42.2644869990609],[-122.268615,42.264538999060896],[-122.26874200000002,42.26455899906091],[-122.26898700000002,42.26458999906091],[-122.26906900000003,42.26459699906091],[-122.269208,42.26460199906091],[-122.269486,42.264594999060904],[-122.26980600000003,42.26457499906091],[-122.27030600000002,42.264532999060926],[-122.27065000000003,42.264521999060904],[-122.27075299999997,42.2645229990609],[-122.27085500000003,42.26452899906091],[-122.270957,42.26454199906091],[-122.27114100000004,42.264580999060904],[-122.271233,42.26460699906091],[-122.27145400000002,42.26468999906091],[-122.27158900000002,42.264775999060916],[-122.271794,42.264962999060906],[-122.27199200000001,42.2651269990609],[-122.272134,42.26523199906091],[-122.27245900000001,42.26544999906091],[-122.27255199999999,42.2655039990609],[-122.27267,42.26556199906091],[-122.272915,42.265667999060916],[-122.273068,42.26573999906091],[-122.27316600000003,42.265791999060916]]},"id":"003c00000000000016c1","properties":{"fullname":"","linearid":"110528900546","mtfcc":"S1400","rttyp":""}},{"type":"Feature","geometry":{"type":"LineString","coordinates":[[-122.17264100000001,42.233037999061025],[-122.171549,42.233823999061],[-122.171392,42.23394599906101],[-122.171212,42.234087999060996],[-122.17089599999997,42.23434499906099],[-122.17078700000002,42.234426999061],[-122.17030600000002,42.23475599906101],[-122.16989799999999,42.235082999061],[-122.169727,42.23520599906101],[-122.169552,42.23532499906101],[-122.169192,42.235554999060994],[-122.168982,42.235683999061],[-122.168768,42.235808999061014],[-122.16854700000002,42.235926999060986],[-122.16851144202364,42.23594465255821]]},"id":"003c00000000000017a7","properties":{"fullname":"","linearid":"1104472937114","mtfcc":"S1400","rttyp":""}},{"type":"Feature","geometry":{"type":"LineString","coordinates":[[-122.1685928191938,42.239564749921854],[-122.16861100000001,42.23961399906099],[-122.16865600000001,42.239875999060985],[-122.168673,42.23997299906098],[-122.16870099999998,42.240221999061],[-122.16871000000002,42.24037899906099],[-122.16870699999998,42.240468999060994]]},"id":"003c00000000000017aa","properties":{"fullname":"","linearid":"110528900345","mtfcc":"S1400","rttyp":""}},{"type":"Feature","geometry":{"type":"LineString","coordinates":[[-122.16870699999998,42.240468999060994],[-122.16896200000001,42.240615999060985],[-122.16928599999999,42.24102299906099],[-122.16946100000001,42.241120999060975],[-122.171489,42.24226599906098],[-122.17175,42.24257699906098],[-122.17175625950172,42.24259376771033]]},"id":"003c00000000000017ab","properties":{"fullname":"","linearid":"1102314516932","mtfcc":"S1400","rttyp":""}},{"type":"Feature","geometry":{"type":"LineString","coordinates":[[-122.16870699999998,42.240468999060994],[-122.168706,42.24051399906097],[-122.168693,42.24064899906098],[-122.168673,42.240782999061],[-122.16865500000002,42.24087599906098],[-122.1686245743187,42.241037864299756]]},"id":"003c00000000000017ac","properties":{"fullname":"","linearid":"110528900348","mtfcc":"S1400","rttyp":""}},{"type":"Feature","geometry":{"type":"LineString","coordinates":[[-122.21426200000002,42.23672899906099],[-122.214157,42.236791999061005],[-122.21405400000003,42.23684799906099],[-122.21378099999997,42.23698399906098],[-122.21356600000001,42.23710799906099],[-122.21309099999999,42.237441999061005],[-122.212592,42.23777299906098],[-122.212303,42.237973999061005],[-122.212018,42.23817899906099],[-122.21173800000001,42.238387999061004],[-122.21145000000001,42.23857699906099],[-122.21137999999999,42.23865099906097],[-122.211195,42.238773999060975],[-122.21081500000003,42.23901699906099],[-122.210629,42.239141999061],[-122.21043799999998,42.23927999906099],[-122.20987900000002,42.23969999906098],[-122.20937499999998,42.24008699906099],[-122.209008,42.24037999906098],[-122.20878299999998,42.24057199906099],[-122.208578,42.240760999060974],[-122.207522,42.24181699906097],[-122.20737799999999,42.24198399906098],[-122.20717,42.24213799906097],[-122.20705399999999,42.242203999060976],[-122.206975,42.242239999060985],[-122.206807,42.24230099906098],[-122.206659,42.24234199906098],[-122.20661000000001,42.24235499906099],[-122.20649600000002,42.242377999060984],[-122.20630100000001,42.242401999060974],[-122.20628400000004,42.24240499906096],[-122.20618499999999,42.242411999060984],[-122.206085,42.24241299906098],[-122.20598799999999,42.24240599906098],[-122.20588500000002,42.24239199906098],[-122.205783,42.24236999906098],[-122.20568299999998,42.24234099906098],[-122.205366,42.24226999906097],[-122.205223,42.24223299906098],[-122.20490200000003,42.24217699906097],[-122.20458300000001,42.24211599906098],[-122.204266,42.24204799906097],[-122.20395200000003,42.24197499906098],[-122.20326800000002,42.24179199906097],[-122.20269000000003,42.24165799906098],[-122.20218200000001,42.24155399906098],[-122.20137,42.241406999060985],[-122.20106700000001,42.24134399906099],[-122.200468,42.24120299906098],[-122.199717,42.241007999061004],[-122.199188,42.24087499906098],[-122.19878800000002,42.240782999061],[-122.198339,42.24069399906099],[-122.19818100000003,42.24066899906099],[-122.19804500000001,42.24065499906098],[-122.19776999999999,42.24064099906098],[-122.19735700000001,42.24063799906098],[-122.197027,42.24064099906098],[-122.196696,42.240652999060984],[-122.196196,42.24068899906098],[-122.19586300000003,42.240706999061],[-122.195301,42.24075299906098],[-122.19473900000004,42.240793999061005],[-122.19289,42.24090499906098],[-122.19252300000001,42.24091899906098],[-122.19223800000003,42.24091799906099],[-122.192097,42.240925999060984],[-122.19199000000002,42.240939999060984],[-122.19177799999999,42.240981999060985],[-122.191511,42.24104599906099],[-122.19135100000001,42.24109299906098],[-122.19088800000003,42.241238999061],[-122.19074400000002,42.24128999906098],[-122.19064599999999,42.24133299906098],[-122.19027999999997,42.24151799906097],[-122.190229,42.24154699906098],[-122.19008800000005,42.24146599906099],[-122.190014,42.24143599906098],[-122.18993600000003,42.24141099906097],[-122.18974799999998,42.24137999906098],[-122.18964100000001,42.24137199906098],[-122.189533,42.241370999061004],[-122.189317,42.24137999906098],[-122.18889000000001,42.241387999061],[-122.18857300000002,42.241383999060986],[-122.18833899999998,42.241370999061004],[-122.188081,42.24134699906098],[-122.18795299999998,42.24132899906099],[-122.18766499999998,42.241265999060985],[-122.187504,42.241217999061],[-122.18728299999998,42.241144999060985],[-122.18693999999999,42.240998999060984],[-122.18680400000001,42.240934999061],[-122.18667299999998,42.24086499906098],[-122.18657100000001,42.240800999060994],[-122.186383,42.240661999061],[-122.18629599999997,42.24058699906098],[-122.18619300000002,42.240488999060986],[-122.18609800000003,42.24038499906099],[-122.18600999999998,42.240278999061005],[-122.18584499999999,42.240039999060976],[-122.1857,42.23986899906099],[-122.18562000000001,42.23978799906098],[-122.18551,42.23968899906098],[-122.185393,42.239593999060986],[-122.18518000000003,42.239438999060994],[-122.18503200000004,42.239301999061],[-122.184967,42.239228999061],[-122.18491,42.23914699906098],[-122.18480800000002,42.238976999060995],[-122.18473700000001,42.238882999061005],[-122.18465999999998,42.238791999060986],[-122.18457499999998,42.238704999061],[-122.18445100000005,42.238601999061],[-122.18434999999998,42.23850699906098],[-122.184238,42.23837999906099],[-122.18419099999998,42.23831299906099],[-122.18415199999998,42.238244999060974],[-122.18412400000001,42.23817399906099],[-122.18410399999998,42.238099999061],[-122.18406900000002,42.23787299906099],[-122.18402799999998,42.23749699906099],[-122.18402300000001,42.23730899906099],[-122.18403200000002,42.23713299906101],[-122.18406200000001,42.23678099906101],[-122.184053,42.23617499906101],[-122.184042,42.236080999060995],[-122.184015,42.235991999061],[-122.18399000000001,42.235935999061],[-122.183956,42.235887999061],[-122.183867,42.235798999061004],[-122.18376800000001,42.23567799906101],[-122.18371500000003,42.23559999906099],[-122.18366900000001,42.235520999061],[-122.18359300000007,42.235363999061015],[-122.183552,42.235241999060996],[-122.18352900000002,42.235125999061026],[-122.18351899999998,42.234973999061026],[-122.18352900000002,42.234797999061],[-122.18352300000002,42.234736999061],[-122.18350300000002,42.234646999061006],[-122.18346500000003,42.23457399906101],[-122.183432,42.234530999061],[-122.18335499999999,42.234450999060996],[-122.18328899999999,42.234392999060994],[-122.18280600000001,42.23404899906101],[-122.182589,42.233882999061],[-122.18248200000001,42.233785999061006],[-122.182426,42.233725999060994],[-122.18239200000001,42.233661999061006],[-122.182378,42.23361699906101],[-122.18237100000002,42.233569999061004],[-122.18237800000003,42.233487999061026],[-122.18196900000001,42.23333299906102],[-122.18192800000003,42.23331799906101],[-122.180441,42.232776999061],[-122.180313,42.23274899906101],[-122.180183,42.23272699906101],[-122.180052,42.232709999061],[-122.179919,42.23269899906101],[-122.17978400000004,42.232695999061],[-122.179033,42.232710999061005],[-122.17886,42.23272099906101],[-122.17849200000002,42.23275799906101],[-122.17829300000002,42.232763999061014],[-122.177894,42.23275899906102],[-122.17754300000001,42.23275999906101],[-122.17736700000003,42.23274799906101],[-122.17720799999998,42.23272799906102],[-122.177079,42.23269299906101],[-122.17692699999999,42.232635999061],[-122.17678899999999,42.232576999061],[-122.17621299999999,42.232290999061014],[-122.176028,42.232211999061],[-122.17590400000002,42.23216399906101],[-122.17577600000003,42.232122999061026],[-122.175668,42.23209499906102],[-122.17550100000003,42.23205999906101],[-122.175334,42.232039999060994],[-122.17511000000003,42.23202999906101],[-122.17492999999999,42.232027999061],[-122.17484000000002,42.23202699906102],[-122.17468300000006,42.23202899906101],[-122.17444400000002,42.23204699906102],[-122.174278,42.23206799906101],[-122.17419700000002,42.232081999061],[-122.174037,42.23211999906102],[-122.17396099999999,42.23214599906102],[-122.17387599999999,42.232180999061],[-122.17371200000002,42.23226499906102],[-122.173623,42.23231899906101],[-122.17353799999998,42.232376999061],[-122.173254,42.232599999061],[-122.17307599999998,42.23276799906102],[-122.17300099999999,42.23284899906102],[-122.17293,42.232901999061006],[-122.17264100000001,42.233037999061025]]},"id":"003c00000000000017bd","properties":{"fullname":"","linearid":"1104472937027","mtfcc":"S1400","rttyp":""}},{"type":"Feature","geometry":{"type":"LineString","coordinates":[[-122.180379,42.227365999061035],[-122.18049500000004,42.227428999061026],[-122.180946,42.22770299906102],[-122.18121500000002,42.22788099906102],[-122.18135300000002,42.22796699906101],[-122.18151499999999,42.22805499906101],[-122.18168300000005,42.22813699906102],[-122.181851,42.22820899906102],[-122.18254900000001,42.22847899906103],[-122.18308300000004,42.228668999061014],[-122.18370200000001,42.22884299906102],[-122.18397200000001,42.22890899906103],[-122.18426200000002,42.22897399906103],[-122.184555,42.229031999061014],[-122.18516099999998,42.229128999061025],[-122.18524800000002,42.22914699906103],[-122.185567,42.229216999061016],[-122.18581799999998,42.22926299906102],[-122.18602200000001,42.22930999906102],[-122.18614000000001,42.22934399906102],[-122.18622299999998,42.229374999061015],[-122.18638,42.22945199906103],[-122.186608,42.229575999061026],[-122.187345,42.229947999061025],[-122.187522,42.230029999061],[-122.18784500000004,42.23015099906102],[-122.18805700000001,42.23023699906102],[-122.18815999999998,42.230282999061025],[-122.18824500000001,42.23032899906102],[-122.188401,42.230431999061025],[-122.188542,42.23054699906104],[-122.18860800000003,42.23060699906102],[-122.188687,42.230688999061016],[-122.188759,42.23077499906102],[-122.18883700000004,42.23085799906101],[-122.188897,42.230909999061026],[-122.18902900000003,42.23100699906101],[-122.18924700000004,42.23113599906102],[-122.18963100000002,42.23133499906102],[-122.189999,42.23153299906101],[-122.19029600000003,42.23168699906102],[-122.19058799999999,42.23184699906101],[-122.190802,42.231973999061026],[-122.19122100000003,42.23223699906101],[-122.191658,42.23253699906102],[-122.191881,42.23268399906101],[-122.19202700000004,42.232773999060996],[-122.19217700000002,42.23285999906101],[-122.19243400000002,42.23299199906101],[-122.1925,42.23302099906101],[-122.192662,42.233081999061014],[-122.19285599999998,42.23313599906103],[-122.19305700000001,42.23317799906101],[-122.193556,42.23325999906102],[-122.19375300000004,42.23328299906102],[-122.19470100000002,42.233361999061],[-122.19498699999998,42.23340799906101],[-122.19528100000002,42.23347199906101],[-122.19558,42.233557999061006],[-122.19587000000004,42.233658999061014],[-122.19605500000003,42.23373499906101],[-122.19659700000001,42.23396799906101],[-122.19671300000002,42.234023999060994],[-122.19682200000001,42.234084999061004],[-122.19701600000003,42.23422199906101],[-122.19720500000003,42.23434099906101],[-122.19733400000003,42.23440999906099],[-122.19773100000005,42.23460799906102],[-122.19796799999999,42.234734999061],[-122.19821799999998,42.23485799906101],[-122.19834999999999,42.23491099906101],[-122.19839500000002,42.234924999061],[-122.198465,42.234939999061005],[-122.19853700000003,42.234948999061004],[-122.19868599999998,42.23495599906099],[-122.19917700000006,42.234952999061],[-122.19936599999997,42.234947999061006],[-122.19952000000002,42.234940999060996],[-122.19983599999999,42.234926999061],[-122.19997600000004,42.23491499906101],[-122.200114,42.23489699906101],[-122.20025600000002,42.23486999906102],[-122.200397,42.23483799906101],[-122.200674,42.234760999061],[-122.200809,42.234714999061005],[-122.200939,42.234663999061006],[-122.20106200000001,42.23460799906102],[-122.20118100000005,42.234547999061],[-122.201351,42.234448999061],[-122.20149900000003,42.23434899906101],[-122.201589,42.234279999061],[-122.201756,42.234132999061],[-122.20183300000001,42.234056999061],[-122.201927,42.233950999061],[-122.202098,42.23373099906101],[-122.20221700000002,42.23356599906101],[-122.20233000000003,42.23339899906101],[-122.20264300000002,42.23288799906101],[-122.203125,42.232044999061],[-122.20325700000001,42.23177999906102]]},"id":"003c00000000000017c0","properties":{"fullname":"","linearid":"1104472587493","mtfcc":"S1400","rttyp":""}},{"type":"Feature","geometry":{"type":"LineString","coordinates":[[-122.194232,42.21899499906106],[-122.19453100000001,42.22183399906105],[-122.194638,42.222848999061036],[-122.194619,42.22396299906104],[-122.19415800000002,42.22492499906103],[-122.19397000000001,42.22568899906103],[-122.19378400000004,42.22644099906104],[-122.19405599999999,42.22736999906103],[-122.19572800000002,42.22965999906102],[-122.197412,42.231965999060996]]},"id":"003c00000000000017c5","properties":{"fullname":"","linearid":"110528899941","mtfcc":"S1400","rttyp":""}},{"type":"Feature","geometry":{"type":"MultiLineString","coordinates":[[[-122.17166700000004,42.219101999061046],[-122.171908,42.21900599906105],[-122.17196600000003,42.21899399906105],[-122.17275199999997,42.21893399906106],[-122.17300600000002,42.218902999061044],[-122.173255,42.218856999061046],[-122.17358100000003,42.21877799906106],[-122.17431800000001,42.21856699906107],[-122.17458300000001,42.21850299906106],[-122.17485899999998,42.21845299906106],[-122.174953,42.21844399906105],[-122.17504900000003,42.218444999061056],[-122.175242,42.21846399906104],[-122.17537200000001,42.218486999061064],[-122.17562700000002,42.21854599906107],[-122.176331,42.21869899906107],[-122.17639199999999,42.21871299906106],[-122.17668000000003,42.218782999061055],[-122.177046,42.21887799906106],[-122.17738899999999,42.21898299906106],[-122.17755000000001,42.21903799906105],[-122.17786399999999,42.21916099906104],[-122.17800100000004,42.21922399906104],[-122.178526,42.21947899906104],[-122.17878299999998,42.219597999061044],[-122.179043,42.219712999061045],[-122.17940800000004,42.219865999061064],[-122.17976300000001,42.21999499906104],[-122.17990599999999,42.22005999906105],[-122.180043,42.22013099906106],[-122.18017700000001,42.220205999061044],[-122.18052400000002,42.22041199906106],[-122.18145900000003,42.22098899906104],[-122.18212500000001,42.22138899906105],[-122.18231800000001,42.22151699906103],[-122.18260500000002,42.221735999061025],[-122.182757,42.221836999061054],[-122.182811,42.22186799906105],[-122.18313400000001,42.22201799906104],[-122.183216,42.22206599906104],[-122.183293,42.22211799906104],[-122.183438,42.22222999906104],[-122.18357400000002,42.222347999061036],[-122.183987,42.22272299906105],[-122.18419200000002,42.22292099906104],[-122.18434100000002,42.22307599906104],[-122.18448499999998,42.22323399906102],[-122.18462300000002,42.22339499906104],[-122.184889,42.22372099906104],[-122.18505500000005,42.22394799906103],[-122.18529700000003,42.22429099906105],[-122.18538300000002,42.22440299906104],[-122.18563799999998,42.22470799906104],[-122.18577299999998,42.22485699906105],[-122.185904,42.224982999061034],[-122.18632300000002,42.22534499906102],[-122.186452,42.22547199906103],[-122.18657799999998,42.225618999061034],[-122.18713700000004,42.22630599906103],[-122.187248,42.22643299906104],[-122.187366,42.226555999061034],[-122.187605,42.22677699906102],[-122.187729,42.22688499906104],[-122.18790300000003,42.227028999061034],[-122.18794199999999,42.227060999061024],[-122.18794781450238,42.22706550739256]],[[-122.18927547688325,42.227945597504124],[-122.18932,42.22797799906104],[-122.18942,42.22804399906101],[-122.19013800000002,42.228446999061035],[-122.19022800000002,42.22850599906103],[-122.19039,42.22863899906104],[-122.19046300000001,42.22871099906103],[-122.190531,42.22878599906102],[-122.190593,42.228862999061015],[-122.19070600000002,42.22904299906102],[-122.190962,42.22950999906101],[-122.191112,42.22974699906103],[-122.19116800000002,42.229825999061006],[-122.191232,42.22990299906102],[-122.191371,42.23004299906101],[-122.191427,42.23016799906101]]]},"id":"003c00000000000017c6","properties":{"fullname":"","linearid":"110528900304","mtfcc":"S1400","rttyp":""}},{"type":"Feature","geometry":{"type":"LineString","coordinates":[[-122.17264100000001,42.233037999061025],[-122.17267599999998,42.23292799906102],[-122.172776,42.23266199906101],[-122.17285000000005,42.232430999061],[-122.17292200000001,42.23223799906102],[-122.17295000000004,42.232140999061016],[-122.17296700000004,42.23203399906101],[-122.172987,42.231698999061],[-122.17298800000002,42.231459999061016],[-122.17296600000003,42.231231999061016],[-122.17292200000001,42.23101799906101],[-122.17288400000001,42.230899999061016],[-122.17283700000003,42.23078299906103],[-122.17278300000002,42.23066899906102],[-122.17271700000002,42.23054799906102],[-122.172515,42.23023199906103],[-122.17232600000003,42.22996199906102],[-122.172239,42.22983899906103],[-122.172197,42.22977399906102],[-122.17213600000001,42.22967999906102],[-122.17193100000001,42.22930399906102],[-122.17181799999997,42.22912299906103],[-122.17157900000004,42.22876599906104],[-122.17131800000006,42.22838799906102],[-122.171161,42.22814399906103],[-122.17101900000002,42.22789499906102],[-122.17090700000003,42.22765199906102],[-122.170892,42.227593999061014],[-122.17088800000003,42.22755199906102],[-122.170897,42.22746499906103],[-122.170924,42.22737999906102],[-122.17094500000003,42.22734099906103],[-122.17098600000001,42.22728499906102],[-122.171044,42.22722999906102],[-122.17114099999999,42.22716499906102],[-122.17124900000006,42.22711499906103],[-122.171317,42.22709399906104],[-122.17139,42.22707799906103],[-122.17154000000002,42.22706099906103],[-122.171621,42.22706099906103],[-122.17178600000003,42.22707799906103],[-122.17196200000001,42.22711099906104],[-122.172149,42.22716299906103],[-122.17233000000003,42.22722499906102],[-122.17248699999998,42.22728799906103],[-122.17279300000001,42.22742199906103],[-122.173016,42.22750399906103],[-122.17401200000002,42.227837999061016],[-122.1745,42.227987999061035],[-122.17465800000001,42.228044999061034],[-122.17495199999999,42.22817099906102],[-122.17506600000002,42.22821599906103],[-122.17563700000004,42.22842399906102],[-122.17617400000002,42.22860599906102],[-122.176491,42.22870399906103],[-122.17659999999998,42.22873299906102],[-122.177141,42.22890099906103],[-122.17738899999999,42.228973999061026],[-122.177644,42.22903799906102],[-122.17815800000002,42.22916099906101],[-122.17827800000002,42.22919599906102],[-122.17836200000002,42.22922099906103],[-122.178604,42.229273999061036],[-122.17867400000003,42.22928399906101],[-122.17874400000001,42.22928799906102],[-122.17886500000004,42.22928099906103],[-122.178925,42.22927099906101],[-122.17901000000003,42.22924499906103],[-122.17909400000002,42.229203999061035],[-122.179142,42.22917199906102],[-122.17917599999998,42.229141999061035],[-122.17920399999998,42.22910899906103],[-122.17924499999998,42.22903499906103],[-122.17926700000007,42.228956999061026],[-122.17927,42.22891799906103],[-122.17926500000006,42.22885999906102],[-122.17924899999998,42.228800999061015],[-122.1792,42.228686999061026],[-122.179136,42.22857499906101],[-122.17906000000004,42.22842099906102],[-122.17904899999999,42.22838199906103],[-122.179046,42.22834299906103],[-122.17905299999998,42.22829199906102],[-122.17906899999998,42.22824099906102],[-122.179091,42.22819299906102],[-122.179118,42.228152999061024],[-122.17915200000002,42.22811499906102],[-122.179235,42.22804699906102],[-122.17936500000002,42.22795999906103],[-122.17958199999998,42.22784799906103],[-122.17965,42.22781699906102],[-122.17993700000001,42.22770699906103],[-122.18000500000001,42.227676999061],[-122.18007000000006,42.22764299906104],[-122.18013100000002,42.22760299906102],[-122.18022400000001,42.22752799906102],[-122.18026500000003,42.22748699906103],[-122.18031100000002,42.22743099906102],[-122.180379,42.227365999061035]]},"id":"003c00000000000017c9","properties":{"fullname":"","linearid":"110528899938","mtfcc":"S1400","rttyp":""}},{"type":"Feature","geometry":{"type":"LineString","coordinates":[[-122.17419700000002,42.225716999061035],[-122.173824,42.22545299906103],[-122.17369600000005,42.225354999061054],[-122.173575,42.22525299906102],[-122.17343800000005,42.22512699906104],[-122.17337600000002,42.22505999906103],[-122.173326,42.224994999061025],[-122.17328200000003,42.22492699906104],[-122.173209,42.224797999061025],[-122.173152,42.22467399906105],[-122.173113,42.22461699906103],[-122.17305500000003,42.224551999061035],[-122.17302099999999,42.224522999061044],[-122.17298100000004,42.22449699906103],[-122.17296000000003,42.224488999061045],[-122.17288899999998,42.22446099906104],[-122.17284300000006,42.22445499906103],[-122.17279599999999,42.224455999061036],[-122.17244500000001,42.22450599906104],[-122.172211,42.22452499906104],[-122.17208200000002,42.224525999061036],[-122.171777,42.22451999906103],[-122.17162800000001,42.22451999906102],[-122.171536,42.224520999061035],[-122.17136099999998,42.22453299906104],[-122.17129,42.224545999061036],[-122.171221,42.22456399906105],[-122.171089,42.224610999061035],[-122.17083700000003,42.224724999061024],[-122.170347,42.22496999906103],[-122.17025300000002,42.22502299906104],[-122.170191,42.22506499906104],[-122.17012100000001,42.225111999061035],[-122.170083,42.22514399906104],[-122.17005200000001,42.225179999061034],[-122.170014,42.22526199906104],[-122.16998800000003,42.22534999906103],[-122.16993400000003,42.22549899906102],[-122.16986800000002,42.22564499906103],[-122.16976099999998,42.22583399906104],[-122.16945300000003,42.22630699906103],[-122.16898500000002,42.22699299906103],[-122.16887200000002,42.22714199906104],[-122.16880700000003,42.22721199906105],[-122.16875200000001,42.22725999906104],[-122.16863099999999,42.22734899906103],[-122.16856500000002,42.227387999061015],[-122.168489,42.22742299906101],[-122.16840700000002,42.227451999061024],[-122.16839155378898,42.22745608213181]]},"id":"003c00000000000017ca","properties":{"fullname":"","linearid":"110528899934","mtfcc":"S1400","rttyp":""}},{"type":"Feature","geometry":{"type":"LineString","coordinates":[[-122.17166700000004,42.219101999061046],[-122.17152800000002,42.21950699906106],[-122.17136499999997,42.22000599906105],[-122.17121999999999,42.22049499906104],[-122.17115100000001,42.220685999061054],[-122.17111100000002,42.22083399906105],[-122.17110000000001,42.220936999061045],[-122.17110999999997,42.220978999061046],[-122.17112800000001,42.22102199906104],[-122.17115299999999,42.22106199906105],[-122.17118600000002,42.22109799906105],[-122.17126499999999,42.22115199906104],[-122.171335,42.22118299906105],[-122.17141799999999,42.22120299906104],[-122.17153300000001,42.22121699906104],[-122.171624,42.22121599906104],[-122.17169,42.22121599906104],[-122.172386,42.22118399906105],[-122.172552,42.22118299906105],[-122.17274800000001,42.22118899906104],[-122.17284600000004,42.22119699906103],[-122.17299,42.22121799906105],[-122.173132,42.221251999061046],[-122.173224,42.22127899906105],[-122.17332100000002,42.22131399906104],[-122.17350600000006,42.221398999061044],[-122.173942,42.22161599906104],[-122.17406400000002,42.22168399906104],[-122.174311,42.22185399906106],[-122.17456,42.22203399906105],[-122.174684,42.222128999061034],[-122.17476,42.22219899906105],[-122.17496400000005,42.22240799906105],[-122.17528499999999,42.22276499906105],[-122.175629,42.22313299906104],[-122.17573299999998,42.223231999061035],[-122.17603300000002,42.22348899906104],[-122.17635400000002,42.22378599906103],[-122.17662000000003,42.22400999906103],[-122.17675600000001,42.22414799906103],[-122.17680600000003,42.22426399906104],[-122.176865,42.224467999061034],[-122.17690300000002,42.22467599906104],[-122.17692,42.22485999906103],[-122.17692399999999,42.22501899906104],[-122.17691800000001,42.225097999061035],[-122.17690400000001,42.22517599906104],[-122.17686199999999,42.225308999061035],[-122.176833,42.22537399906105],[-122.17679600000004,42.22543699906102],[-122.17675600000001,42.22549199906103],[-122.176677,42.22557599906102],[-122.17665900000003,42.22559599906103],[-122.17656100000002,42.22567799906102],[-122.17650700000002,42.22571499906103],[-122.176412,42.225765999061046],[-122.17616,42.22585899906103],[-122.176061,42.225884999061016],[-122.17574000000003,42.22589499906104],[-122.17535499999998,42.22584999906104],[-122.17490300000006,42.225816999061024],[-122.17461600000001,42.225784999061034],[-122.174332,42.22574399906103],[-122.17419700000002,42.225716999061035]]},"id":"003c00000000000017d0","properties":{"fullname":"","linearid":"1104472584599","mtfcc":"S1400","rttyp":""}},{"type":"Feature","geometry":{"type":"LineString","coordinates":[[-122.17419700000002,42.225716999061035],[-122.174252,42.225759999061026],[-122.17433000000001,42.22580199906104],[-122.17441099999999,42.22583899906103],[-122.174586,42.22589699906105],[-122.17468800000002,42.22594299906104],[-122.17487900000002,42.22605099906102],[-122.174977,42.22610199906103],[-122.17523900000002,42.226213999061024],[-122.17536400000002,42.22628999906103],[-122.17539399999998,42.226308999061025],[-122.17545000000001,42.226334999061024],[-122.175518,42.22635399906103],[-122.17559100000001,42.22636799906103],[-122.17585599999998,42.22640299906102],[-122.17607000000001,42.22642299906103],[-122.17615300000001,42.226434999061034],[-122.176248,42.22645699906103],[-122.17644100000001,42.22651399906102],[-122.17653699999998,42.22655099906104],[-122.17669300000001,42.226628999061035],[-122.176811,42.22667899906102],[-122.17694500000002,42.226721999061034],[-122.17702000000006,42.22673499906102],[-122.17709700000003,42.22674099906103],[-122.17725299999998,42.22674599906103],[-122.177773,42.22672399906103],[-122.17815900000001,42.226721999061034],[-122.178394,42.22672999906104],[-122.178883,42.22675499906103],[-122.17900899999998,42.226767999061025],[-122.17916500000001,42.22679399906103],[-122.17920200000003,42.22680399906103],[-122.17930000000001,42.22683099906102],[-122.179381,42.22686299906104],[-122.17982800000001,42.22707899906104],[-122.180379,42.227365999061035]]},"id":"003c00000000000017d1","properties":{"fullname":"","linearid":"1104472587492","mtfcc":"S1400","rttyp":""}},{"type":"Feature","geometry":{"type":"LineString","coordinates":[[-122.194232,42.21899499906106],[-122.19367599999998,42.219354999061046],[-122.19278186960148,42.21993667045474]]},"id":"003c00000000000017d4","properties":{"fullname":"","linearid":"110528899942","mtfcc":"S1400","rttyp":""}},{"type":"Feature","geometry":{"type":"LineString","coordinates":[[-122.19851500000001,42.219341999061044],[-122.19858000000002,42.21963399906103],[-122.19868799999999,42.220154999061045],[-122.19879200000001,42.22052699906105],[-122.198852,42.22079399906105],[-122.19888800000001,42.22092699906106],[-122.19893400000004,42.221053999061056],[-122.19904100000004,42.22130599906104],[-122.19913900000002,42.22150899906103],[-122.19929599999999,42.22181099906104],[-122.19935399999997,42.22194199906105],[-122.19945500000001,42.222169999061045],[-122.19950100000001,42.222299999061036],[-122.19953600000001,42.22241999906103],[-122.19956399999998,42.22254099906103],[-122.19960200000001,42.22278499906104],[-122.19961099999999,42.22292199906104],[-122.19963800000001,42.22415399906102],[-122.19965200000003,42.22451899906105],[-122.199676,42.22491699906103],[-122.199702,42.22509599906104],[-122.19973700000004,42.22527499906103],[-122.19978100000003,42.22545299906103],[-122.19983599999999,42.22563499906102],[-122.19989900000002,42.22581599906103],[-122.200174,42.226496999061034],[-122.20029600000001,42.22682499906103],[-122.20032900000001,42.22694199906105],[-122.20036300000002,42.22719299906101],[-122.20041500000002,42.22750999906103],[-122.20046600000005,42.22774899906103],[-122.20059400000001,42.22822699906101],[-122.20063700000003,42.22835199906104],[-122.20073500000001,42.22859799906103],[-122.20079300000002,42.22871899906103],[-122.20103799999998,42.22915499906101],[-122.20112100000001,42.22943499906102],[-122.20118000000002,42.22945399906101],[-122.20123200000002,42.22948099906101],[-122.20127699999999,42.229511999061],[-122.201315,42.22954699906101],[-122.20134599999999,42.229585999061015],[-122.20144200000003,42.22973599906102],[-122.20146,42.22976399906103],[-122.20158800000003,42.22995199906102],[-122.20190199999999,42.230378999061],[-122.202109,42.23067699906103],[-122.202242,42.23084599906101],[-122.202339,42.23094199906103],[-122.20316299999999,42.23168299906101],[-122.20325700000001,42.23177999906102]]},"id":"003c00000000000017d5","properties":{"fullname":"","linearid":"110528900307","mtfcc":"S1400","rttyp":""}},{"type":"Feature","geometry":{"type":"LineString","coordinates":[[-122.19851500000001,42.219341999061044],[-122.19894699999999,42.21952399906104],[-122.19947000000002,42.21987399906105],[-122.19962800000002,42.21997999906103],[-122.200837,42.221647999061034],[-122.20133200000001,42.22217299906104],[-122.20159900000002,42.22235399906104],[-122.20250800000002,42.22297099906106]]},"id":"003c00000000000017d6","properties":{"fullname":"","linearid":"110528900306","mtfcc":"S1400","rttyp":""}},{"type":"Feature","geometry":{"type":"LineString","coordinates":[[-122.19851500000001,42.219341999061044],[-122.19763400000004,42.219284999061045],[-122.19600800000002,42.21874699906106],[-122.19507600000003,42.21872999906106],[-122.194232,42.21899499906106]]},"id":"003c00000000000017d7","properties":{"fullname":"","linearid":"110528899943","mtfcc":"S1400","rttyp":""}},{"type":"Feature","geometry":{"type":"LineString","coordinates":[[-122.195089,42.21448099906106],[-122.19574700000001,42.215274999061066],[-122.195848,42.21540499906106],[-122.195919,42.21549599906107],[-122.19621000000001,42.21584899906106],[-122.196367,42.21605299906107],[-122.19662600000002,42.216420999061064],[-122.196832,42.21674699906106],[-122.196998,42.21704399906107],[-122.19712300000003,42.21725199906106],[-122.197261,42.217468999061055],[-122.197392,42.21765999906106],[-122.19751900000001,42.21783099906105],[-122.197652,42.21799899906106],[-122.197927,42.218323999061056],[-122.19810900000002,42.21851999906105],[-122.19819100000002,42.21861699906107],[-122.19825500000003,42.21870199906106],[-122.19831400000001,42.21878999906106],[-122.19836599999998,42.21887899906107],[-122.19840500000001,42.21896199906106],[-122.198436,42.21904699906107],[-122.198507,42.219306999061054],[-122.19851500000001,42.219341999061044]]},"id":"003c00000000000017d8","properties":{"fullname":"","linearid":"110528900296","mtfcc":"S1400","rttyp":""}},{"type":"Feature","geometry":{"type":"LineString","coordinates":[[-122.18529199999999,42.210660999061076],[-122.185074,42.21063999906107],[-122.18465600000002,42.210537999061074],[-122.18397999999999,42.21037499906108],[-122.18276099999999,42.21024699906109],[-122.18273800000001,42.21025099906107],[-122.18210500000004,42.21038999906108],[-122.18216599999997,42.21055099906107],[-122.18465300000004,42.21320599906106],[-122.18466500000004,42.21321599906107],[-122.18671200000001,42.214922999061066],[-122.18723400000002,42.215219999061055],[-122.18791000000002,42.215517999061056],[-122.19319700000003,42.21712099906106],[-122.194985,42.21778199906106],[-122.19502700000001,42.21779699906106],[-122.19716099999998,42.21858599906106],[-122.19820600000001,42.219203999061044],[-122.19851500000001,42.219341999061044]]},"id":"003c00000000000017d9","properties":{"fullname":"","linearid":"1104472937111","mtfcc":"S1400","rttyp":""}},{"type":"Feature","geometry":{"type":"LineString","coordinates":[[-122.18529199999999,42.210660999061076],[-122.18541299999998,42.2107759990611],[-122.18615699999998,42.21098999906108],[-122.186387,42.211056999061064],[-122.18742300000002,42.21097099906109],[-122.18888399999997,42.21072799906109],[-122.18894799999997,42.21072499906108],[-122.18937421926769,42.21070824113202]]},"id":"003c00000000000017dc","properties":{"fullname":"","linearid":"110528902540","mtfcc":"S1400","rttyp":""}},{"type":"Feature","geometry":{"type":"LineString","coordinates":[[-122.20767800000002,42.21547499906106],[-122.207804,42.21551899906107],[-122.20792200000001,42.21557999906106],[-122.208031,42.215646999061065],[-122.208164,42.21574199906106],[-122.20822500000001,42.215792999061044],[-122.20828,42.21584699906105],[-122.20832800000001,42.21590399906106],[-122.208368,42.21596199906105],[-122.20840300000005,42.21602299906107],[-122.20843,42.21608599906106],[-122.20845000000001,42.21614999906107],[-122.20846100000003,42.21621399906107],[-122.20846400000002,42.21634599906107],[-122.20845600000001,42.216434999061065],[-122.20843900000004,42.21652399906106],[-122.20837400000002,42.21677099906107],[-122.20815200000003,42.21748399906105],[-122.20806800000003,42.217811999061055],[-122.20801200000001,42.217981999061045],[-122.20779600000002,42.218541999061046],[-122.207611,42.21902299906104],[-122.20755400000003,42.21913899906106],[-122.20749500000002,42.219241999061055],[-122.207359,42.21944199906105],[-122.20728200000002,42.21952299906105],[-122.20720700000001,42.21957399906107],[-122.20709900000001,42.21963099906104],[-122.20701100000005,42.21969199906105],[-122.20692199999998,42.21978399906104],[-122.20673900000004,42.22002099906105],[-122.20661900000002,42.22020499906104],[-122.20656700000002,42.22029899906104],[-122.20649900000001,42.220442999061056],[-122.206446,42.22058799906104],[-122.20641799999999,42.220685999061054],[-122.20639699999998,42.22078399906106],[-122.20638799999998,42.22086499906106],[-122.206386,42.22094499906105],[-122.20639900000002,42.22110699906105],[-122.20646399999997,42.221548999061035],[-122.20647700000005,42.22171799906104],[-122.20647700000005,42.22182099906104],[-122.20646899999998,42.22192399906105],[-122.20645299999998,42.22202599906103],[-122.206427,42.222129999061046],[-122.206392,42.22223199906104],[-122.20629100000002,42.222455999061054],[-122.206299,42.22251699906106],[-122.20629700000002,42.22257499906104],[-122.20617999999999,42.22286299906103],[-122.206068,42.22310699906104],[-122.205962,42.22335299906104],[-122.20584,42.22366199906104],[-122.205617,42.22428399906104],[-122.20542700000001,42.224785999061034],[-122.205339,42.22503799906105],[-122.20518600000003,42.22555699906104],[-122.20494300000001,42.22629799906102],[-122.204704,42.227126999061035],[-122.20460600000003,42.22751299906103],[-122.204555,42.22773499906102],[-122.20442600000003,42.22824999906101],[-122.20438400000002,42.22840799906103],[-122.20407600000001,42.229599999061016],[-122.204013,42.22981499906102],[-122.20385000000002,42.230280999061016],[-122.20373599999996,42.23063899906101],[-122.20367299999998,42.23081699906102],[-122.20357800000001,42.23104799906102],[-122.203408,42.23142499906102],[-122.20331200000005,42.231661999061025],[-122.20325700000001,42.23177999906102]]},"id":"003c00000000000017ec","properties":{"fullname":"","linearid":"110528899964","mtfcc":"S1400","rttyp":""}},{"type":"Feature","geometry":{"type":"LineString","coordinates":[[-122.20325700000001,42.23177999906102],[-122.203545,42.231846999061005],[-122.20400699999998,42.231930999061014],[-122.204771,42.232044999061],[-122.20582000000005,42.232213999061],[-122.20617100000003,42.23227099906101],[-122.20669400000004,42.23234899906102],[-122.20731499999998,42.232420999061006],[-122.20743499999999,42.232428999061],[-122.207626,42.23242799906101],[-122.20783999999999,42.232410999061],[-122.208036,42.23238499906102],[-122.208455,42.23231899906101],[-122.20880600000004,42.23225499906101],[-122.21027600000001,42.23193699906101],[-122.21128,42.231737999061],[-122.21158700000002,42.23167299906102],[-122.21196399999998,42.231574999060996],[-122.21209200000001,42.23154799906101],[-122.212229,42.231526999060996],[-122.21247999999999,42.231498999061],[-122.21268699999999,42.231549999061],[-122.21277100000005,42.23157899906102],[-122.21285,42.23161299906101],[-122.21291199999999,42.23164699906101],[-122.21302700000001,42.23172599906101],[-122.213145,42.23182699906102],[-122.213261,42.231951999061],[-122.21330199999998,42.232006999061014],[-122.21332300000002,42.232041999060996],[-122.213373,42.23212099906101],[-122.21340600000002,42.232196999061],[-122.21343,42.23227399906101],[-122.213459,42.23243699906101],[-122.213463,42.23260799906101],[-122.21345700000003,42.232738999061006],[-122.213442,42.232868999061026],[-122.213418,42.23299899906099],[-122.21334799999998,42.233247999061],[-122.21331499999998,42.233415999061],[-122.21331099999999,42.233500999061015],[-122.21331400000001,42.23355699906101],[-122.21333500000001,42.23366999906101],[-122.21335299999998,42.233724999060996],[-122.213379,42.23377799906102],[-122.21341000000001,42.233825999061025],[-122.21348599999997,42.23391699906101],[-122.21362299999998,42.234042999060996],[-122.21381500000003,42.23424499906102],[-122.21394199999999,42.23435799906101]]},"id":"003c00000000000017f7","properties":{"fullname":"","linearid":"1104472937116","mtfcc":"S1400","rttyp":""}},{"type":"Feature","geometry":{"type":"LineString","coordinates":[[-122.21394199999999,42.23435799906101],[-122.214028,42.234839999061],[-122.214114,42.235319999061005],[-122.214123,42.23630299906099],[-122.21412700000002,42.236618999061],[-122.21426200000002,42.23672899906099]]},"id":"003c00000000000017fc","properties":{"fullname":"","linearid":"1104472937117","mtfcc":"S1400","rttyp":""}},{"type":"Feature","geometry":{"type":"LineString","coordinates":[[-122.21765900000001,42.235135999061],[-122.21753899999999,42.235178999061006],[-122.21701000000002,42.235253999061],[-122.21691100000005,42.23527399906099],[-122.216825,42.23529199906101],[-122.21671200000003,42.23532299906101],[-122.21628500000003,42.23545399906101],[-122.21618400000001,42.23548799906099],[-122.216087,42.235526999061],[-122.21599,42.23557699906098],[-122.21580599999999,42.23568699906099],[-122.21556999999997,42.235841999060995],[-122.21532499999999,42.236014999061],[-122.21496599999998,42.236279999061],[-122.21490500000002,42.23631999906099],[-122.21465100000003,42.236490999061],[-122.21445600000004,42.23661399906101],[-122.21426200000002,42.23672899906099]]},"id":"003c00000000000017fd","properties":{"fullname":"","linearid":"1104472937031","mtfcc":"S1400","rttyp":""}},{"type":"Feature","geometry":{"type":"LineString","coordinates":[[-122.21394199999999,42.23435799906101],[-122.21396400000003,42.234376999061006],[-122.214019,42.23441699906101],[-122.214078,42.234450999060996],[-122.21415899999997,42.234485999061],[-122.21433300000004,42.234539999061006],[-122.214427,42.234559999061005],[-122.21452400000001,42.23457399906101],[-122.21466100000002,42.234586999060994],[-122.214721,42.23459399906101],[-122.21492700000005,42.234608999060995],[-122.215135,42.234617999061],[-122.215583,42.234619999060996],[-122.21573100000002,42.23462799906101],[-122.215879,42.234645999060994],[-122.21602599999999,42.23466999906101],[-122.216286,42.23472699906099],[-122.21641299999997,42.234762999061005],[-122.216537,42.234803999061],[-122.21689300000001,42.234932999061],[-122.216919,42.23494299906101],[-122.21702499999999,42.234984999061005],[-122.21718700000002,42.23504399906101],[-122.21734100000002,42.23508399906101],[-122.21744100000001,42.235100999061004],[-122.217543,42.235110999061014],[-122.21765900000001,42.235135999061]]},"id":"003c0000000000001800","properties":{"fullname":"","linearid":"1104472734015","mtfcc":"S1400","rttyp":""}},{"type":"Feature","geometry":{"type":"LineString","coordinates":[[-122.21765900000001,42.235135999061],[-122.21792100000003,42.23508499906101],[-122.219395,42.234845999061],[-122.21961200000003,42.234801999061006],[-122.21989900000001,42.23473099906101],[-122.22003900000001,42.234687999061],[-122.22033000000002,42.234575999061],[-122.22054300000002,42.234507999061],[-122.22065199999999,42.23447899906101],[-122.22086500000002,42.23444499906101],[-122.22097,42.234436999061],[-122.221261,42.234433999061004],[-122.22136600000002,42.234604999061006],[-122.22149900000001,42.23484299906101],[-122.221704,42.235198999061005],[-122.22192300000003,42.235575999061],[-122.22242000000001,42.236493999061],[-122.22262900000003,42.23684999906099],[-122.22274400000005,42.23702499906099],[-122.222861,42.237186999061],[-122.222987,42.23734699906099],[-122.22315200000003,42.23753599906098],[-122.223241,42.237627999061004],[-122.22333700000004,42.23771499906101],[-122.22344500000001,42.23779999906099],[-122.22355900000001,42.237880999061005],[-122.22380400000003,42.23804399906099],[-122.223935,42.238123999060996],[-122.22407,42.23819999906099],[-122.22420400000001,42.23826499906099],[-122.224342,42.23832499906099],[-122.22462700000001,42.238432999061],[-122.22496100000001,42.23854599906098],[-122.22547400000005,42.238696999061],[-122.22816700000001,42.23944799906099],[-122.228784,42.23962799906099],[-122.22934,42.23980199906097],[-122.229622,42.239884999061],[-122.229962,42.239969999060975],[-122.23058100000002,42.24006899906099],[-122.23081199999999,42.24009799906099],[-122.23101399999999,42.240117999060985],[-122.23198599999999,42.24019799906099],[-122.23255000000003,42.24025199906099],[-122.23332300000001,42.24034199906098],[-122.233594,42.240365999061],[-122.234003,42.24040399906099],[-122.23409700000002,42.24041499906099],[-122.23419000000001,42.24043099906098],[-122.234279,42.24045299906099],[-122.23436700000002,42.24047999906098],[-122.23445099999999,42.24051399906097],[-122.23537100000001,42.240512999060975],[-122.23814600000003,42.24050099906099]]},"id":"003c0000000000001801","properties":{"fullname":"","linearid":"1104472937118","mtfcc":"S1400","rttyp":""}},{"type":"Feature","geometry":{"type":"LineString","coordinates":[[-122.242599,42.22205899906105],[-122.242632,42.22217099906105],[-122.24267,42.222229999061035],[-122.24271400000002,42.22228599906104],[-122.24277100000002,42.22234699906104],[-122.242836,42.22240399906104],[-122.24294799999998,42.22248399906105],[-122.24317800000003,42.222602999061024],[-122.24351200000002,42.22278599906104],[-122.24368299999999,42.22287399906104],[-122.244015,42.223028999061036],[-122.24433799999998,42.22319099906104],[-122.244439,42.22324799906103],[-122.24454900000002,42.22332499906103],[-122.244595,42.22336799906105],[-122.24462699999998,42.22340899906102],[-122.24465400000001,42.223453999061036],[-122.244685,42.223524999061034],[-122.24470400000003,42.22360499906104],[-122.24472300000001,42.22383499906104],[-122.24472000000002,42.22395699906103],[-122.24470199999999,42.22420599906105],[-122.244688,42.22426799906105],[-122.24466100000001,42.22432599906103],[-122.24458700000002,42.22443799906103],[-122.244524,42.22451099906102],[-122.24414599999999,42.22488099906103],[-122.24403800000002,42.22499899906103],[-122.243931,42.22515299906103],[-122.24387000000002,42.225225999061024],[-122.24379900000001,42.22528999906104],[-122.24362400000001,42.22542199906104],[-122.24355500000001,42.22546599906102],[-122.24352100000003,42.225488999061035],[-122.24342499999999,42.22556099906103],[-122.24334799999998,42.22562699906104],[-122.243209,42.22576699906103],[-122.24315000000001,42.225841999061025],[-122.243101,42.22591599906103],[-122.24305900000002,42.22599299906103],[-122.24300600000001,42.22610999906103],[-122.242973,42.226230999061016],[-122.242959,42.22631399906102],[-122.242923,42.22663399906103],[-122.24290600000002,42.22685099906104],[-122.24290900000001,42.22694099906103],[-122.24289400000002,42.22702499906102],[-122.242829,42.22750499906103],[-122.242805,42.22761799906102],[-122.242773,42.227722999061015],[-122.24269700000004,42.22793099906102],[-122.24254799999997,42.228308999061035],[-122.24242100000001,42.22860299906101],[-122.24234200000002,42.22877099906102],[-122.24217700000001,42.229046999061026],[-122.24179100000003,42.22964599906103],[-122.241717,42.22977899906102],[-122.24167400000003,42.22989999906103],[-122.24165600000006,42.22997699906102],[-122.241602,42.23031199906101],[-122.241562,42.23051499906101],[-122.24153500000001,42.230614999061025],[-122.24149900000003,42.230712999061026],[-122.24144800000006,42.23081599906101],[-122.24130700000003,42.231056999061],[-122.24121899999999,42.23119399906102],[-122.24085800000002,42.23171399906101],[-122.240728,42.231929999061],[-122.240677,42.23200499906101],[-122.24057100000002,42.232128999061004],[-122.240507,42.232184999061026],[-122.240461,42.232214999061014],[-122.24034,42.23228199906101],[-122.24029900000002,42.232332999061015],[-122.24027200000003,42.23240999906101],[-122.24025899999998,42.23248999906102],[-122.240257,42.232545999061],[-122.24026400000001,42.23260099906101],[-122.24030299999998,42.232766999061006],[-122.240308,42.23282299906102],[-122.240302,42.232932999061006],[-122.24028700000002,42.233041999061],[-122.240262,42.23315399906101],[-122.24020700000001,42.23332699906101],[-122.240148,42.23347199906101],[-122.24013500000002,42.23352199906101],[-122.24013200000005,42.23359099906101],[-122.24013900000001,42.23362399906102],[-122.240158,42.233661999061006],[-122.24021400000001,42.233733999061],[-122.24024900000002,42.23376699906102],[-122.24033300000005,42.233822999061005],[-122.24051700000001,42.233922999061],[-122.24067800000002,42.234020999061],[-122.24073200000002,42.234058999061],[-122.24078700000001,42.234108999061],[-122.240835,42.234162999061006],[-122.24091100000004,42.23427599906101],[-122.24093300000003,42.23432299906101],[-122.24096000000002,42.23442099906101],[-122.24096800000004,42.234470999061],[-122.240972,42.23457299906099],[-122.24096700000001,42.23467399906101],[-122.24094600000001,42.234819999061],[-122.240908,42.234936999061006],[-122.240875,42.23500499906102],[-122.24083600000003,42.235070999061],[-122.24074800000001,42.23519999906101],[-122.24065,42.23532299906102],[-122.24059400000004,42.235380999061],[-122.24053000000004,42.235434999061006],[-122.24039500000003,42.235537999060995],[-122.24030600000002,42.235626999061004],[-122.24028799999999,42.23570599906101],[-122.24024599999998,42.235731999061],[-122.24018300000002,42.23578399906099],[-122.24012800000003,42.235839999061],[-122.24007900000001,42.235902999061],[-122.23996700000002,42.23610699906099],[-122.23987300000002,42.23626299906099],[-122.239818,42.236337999061014],[-122.23975899999999,42.236405999061006],[-122.23969299999999,42.23647199906098],[-122.23962200000001,42.23653199906099],[-122.23957199999997,42.23656599906099],[-122.23945999999998,42.23662099906099],[-122.23908700000001,42.236749999061004],[-122.23881100000001,42.236878999061],[-122.23869000000003,42.236945999061],[-122.23860600000003,42.237054999060994],[-122.238596,42.237130999060994],[-122.23861000000001,42.237204999061],[-122.238626,42.237241999061],[-122.23864899999998,42.237274999061],[-122.23868200000001,42.237300999061],[-122.23872300000005,42.23732199906101],[-122.23881300000005,42.237356999061],[-122.238948,42.23739199906099],[-122.23908900000002,42.237413999061005],[-122.239226,42.237428999060995],[-122.23936599999999,42.237435999061],[-122.23939300000005,42.237434999060994],[-122.239575,42.237434999060994],[-122.23964000000004,42.237425999060996],[-122.23975100000004,42.237428999060995],[-122.239966,42.23744999906101],[-122.24007100000003,42.23746799906099],[-122.24022500000001,42.23750199906098],[-122.24038799999998,42.237548999061005],[-122.24055600000004,42.237608999060996],[-122.240662,42.237656999061],[-122.240757,42.237713999060986],[-122.24083799999998,42.237779999061],[-122.24088499999999,42.237831999060994],[-122.24092800000001,42.23788799906099],[-122.24098100000002,42.237976999061],[-122.241017,42.23806699906099],[-122.24103199999999,42.23812899906101],[-122.241043,42.23825399906099],[-122.24103800000002,42.238322999061],[-122.24102499999998,42.23839199906099],[-122.24100300000005,42.23845699906099],[-122.24097700000006,42.238504999061],[-122.24090500000003,42.23859299906099],[-122.24066600000002,42.238833999060994],[-122.240548,42.23894599906099],[-122.24030299999998,42.239164999060975],[-122.23990800000003,42.239498999060984],[-122.23955000000004,42.23982899906099],[-122.23940900000001,42.23998199906098],[-122.239296,42.240111999061],[-122.23926600000003,42.240163999061],[-122.23925700000002,42.240216999061],[-122.23926800000001,42.24029199906098],[-122.23928300000001,42.24032999906099],[-122.239286,42.24034299906098],[-122.23931499999999,42.240488999060986]]},"id":"003c0000000000001810","properties":{"fullname":"","linearid":"1104472937119","mtfcc":"S1400","rttyp":""}},{"type":"Feature","geometry":{"type":"LineString","coordinates":[[-122.23931499999999,42.240488999060986],[-122.239394,42.240480999061],[-122.239554,42.24046699906099],[-122.23963100000002,42.24045699906099],[-122.23971100000003,42.240447999061],[-122.23980800000001,42.240436999061],[-122.239932,42.24041399906099],[-122.24054700000003,42.24026099906098],[-122.24061200000001,42.24024599906098],[-122.24072900000003,42.240221999061],[-122.24084800000003,42.240204999060985],[-122.24108,42.24018199906097],[-122.241157,42.24018299906099],[-122.24122900000003,42.240190999060985],[-122.241371,42.240219999061004],[-122.24143800000004,42.24023999906099],[-122.24150199999997,42.240266999060985],[-122.24156300000003,42.240297999060985],[-122.24180100000002,42.24043899906099],[-122.24191600000002,42.24051499906099],[-122.24213800000001,42.24067399906098],[-122.24256700000001,42.240999999060975],[-122.242803,42.241170999061],[-122.24281399999998,42.24117799906097],[-122.24292900000003,42.241248999060986],[-122.24325600000003,42.241424999060975],[-122.243352,42.24148699906098],[-122.24353500000004,42.24163799906098]]},"id":"003c0000000000001811","properties":{"fullname":"","linearid":"1104472937122","mtfcc":"S1400","rttyp":""}},{"type":"Feature","geometry":{"type":"LineString","coordinates":[[-122.23814600000003,42.24050099906099],[-122.23837900000001,42.24049899906097],[-122.238585,42.240498999060975],[-122.239028,42.240492999061004],[-122.23908100000001,42.240491999060986],[-122.23931499999999,42.240488999060986]]},"id":"003c0000000000001812","properties":{"fullname":"","linearid":"1104472937120","mtfcc":"S1400","rttyp":""}},{"type":"Feature","geometry":{"type":"LineString","coordinates":[[-122.24353500000004,42.24163799906098],[-122.24237899999997,42.241370999061004],[-122.24212800000005,42.24139599906097],[-122.24114999999999,42.241497999060975],[-122.238497,42.241998999060975],[-122.23786700000002,42.24197899906098],[-122.237027,42.24195299906099],[-122.23644600000003,42.24181699906097],[-122.23629500000001,42.24177799906098],[-122.236202,42.241384999061],[-122.23617999999999,42.24128899906098],[-122.23682900000001,42.240888999060985],[-122.23761000000002,42.240657999060986],[-122.23814600000003,42.24050099906099]]},"id":"003c0000000000001814","properties":{"fullname":"","linearid":"1104472937121","mtfcc":"S1400","rttyp":""}},{"type":"Feature","geometry":{"type":"LineString","coordinates":[[-122.24353500000004,42.24163799906098],[-122.243473,42.24165899906098],[-122.24329000000002,42.24172399906098],[-122.24322900000003,42.24174599906097]]},"id":"003c0000000000001815","properties":{"fullname":"","linearid":"110528900347","mtfcc":"S1400","rttyp":""}},{"type":"Feature","geometry":{"type":"LineString","coordinates":[[-122.24353500000004,42.24163799906098],[-122.243655,42.24177199906097],[-122.24393100000003,42.24206599906098],[-122.24438900000001,42.24262299906098],[-122.24442499999999,42.24266599906098],[-122.244503,42.242771999060984],[-122.244555,42.24286099906097],[-122.24484200000003,42.24339499906097],[-122.244869,42.24343099906098],[-122.244904,42.24346099906098],[-122.244992,42.24350599906098],[-122.24508900000002,42.24353299906098],[-122.245129,42.243536999060986],[-122.24517000000002,42.243535999060974],[-122.24525200000001,42.24352199906099],[-122.24537,42.24348399906097],[-122.24543600000005,42.24345799906098],[-122.245517,42.24340999906099],[-122.24587699999998,42.24316099906099],[-122.246021,42.24307299906098],[-122.24609900000003,42.24303599906097],[-122.246258,42.24297099906098],[-122.24637000000003,42.242935999061],[-122.246427,42.242923999060984],[-122.24648599999998,42.24291799906098],[-122.24656400000003,42.242916999060974],[-122.24672300000002,42.242930999060974],[-122.24680500000002,42.242946999060976],[-122.246885,42.24296799906097],[-122.247115,42.24305299906098],[-122.247174,42.243078999060984],[-122.24745899999998,42.243224999060985],[-122.24758000000003,42.24327199906099],[-122.24783200000003,42.24335399906097],[-122.24806300000003,42.243420999060966],[-122.24837600000002,42.243503999060984],[-122.24862300000001,42.24357799906097],[-122.24884000000002,42.24365199906097]]},"id":"003c0000000000001816","properties":{"fullname":"","linearid":"110528900350","mtfcc":"S1400","rttyp":""}},{"type":"Feature","geometry":{"type":"LineString","coordinates":[[-122.27184,42.231727999061015],[-122.27147599999999,42.231852999061026],[-122.27137,42.23189799906102],[-122.27127000000002,42.231947999061],[-122.27097300000003,42.232142999061026],[-122.27092900000001,42.23216799906101],[-122.27085500000003,42.232196999060996],[-122.27076899999999,42.232214999061014],[-122.27065000000003,42.23222099906102],[-122.270612,42.232218999061025],[-122.270587,42.232216999061],[-122.27052500000005,42.232205999061016],[-122.27047600000003,42.232191999061016],[-122.27038600000003,42.23214999906101],[-122.27029799999998,42.232079999061014],[-122.27024700000001,42.23198199906102],[-122.27009599999998,42.23162199906102],[-122.270012,42.231366999061],[-122.26993000000003,42.23114899906102],[-122.26984700000001,42.230967999061015],[-122.26979300000005,42.23088299906102],[-122.269677,42.230733999061016],[-122.26963200000003,42.23068699906102],[-122.26958300000001,42.23064399906102],[-122.269527,42.230603999061],[-122.269447,42.23056099906102],[-122.269414,42.23054399906102],[-122.26914100000002,42.230411999061026],[-122.268954,42.23035499906102],[-122.26883800000002,42.23033299906102],[-122.268636,42.23032399906103],[-122.268462,42.23032499906103],[-122.268288,42.230331999061015],[-122.26740900000001,42.23038399906102],[-122.26694800000003,42.23038499906101],[-122.26647500000001,42.230372999061025],[-122.266318,42.230372999061025],[-122.26604899999998,42.230386999061025],[-122.26582700000002,42.23040999906101],[-122.26571900000002,42.23042999906101],[-122.265543,42.230475999061014],[-122.26545799999998,42.230505999061016],[-122.26538000000001,42.23054099906102],[-122.265306,42.23058299906102],[-122.265238,42.23063099906102],[-122.265114,42.23073699906102],[-122.265042,42.23080999906101],[-122.26491500000004,42.23096599906102],[-122.26484699999999,42.231040999061015],[-122.264757,42.231123999061026],[-122.264567,42.231281999061025],[-122.26448100000003,42.231364999061014],[-122.264396,42.23146999906102],[-122.26419399999997,42.23175999906101],[-122.26410100000001,42.231907999061015],[-122.264,42.23205099906101],[-122.26394100000002,42.23211699906101],[-122.26386699999998,42.232184999061026],[-122.26370100000003,42.23231099906101],[-122.26336100000002,42.232541999061],[-122.263191,42.23264899906101],[-122.26301399999998,42.23275099906102],[-122.26283300000001,42.232846999061],[-122.262469,42.23301899906101],[-122.26234699999999,42.23308799906102],[-122.26211599999999,42.23323799906102],[-122.261634,42.233581999061],[-122.26138300000002,42.233774999061005],[-122.26126299999999,42.233893999060996],[-122.261247,42.23394699906101],[-122.261228,42.234037999061],[-122.26119799999998,42.23411199906101],[-122.261124,42.234256999061],[-122.26105299999999,42.234431999061],[-122.26095900000003,42.23461299906101],[-122.260881,42.234727999061],[-122.260835,42.234781999061006],[-122.260791,42.234822999060995],[-122.26074700000001,42.234864999060996],[-122.26069200000002,42.23490899906101],[-122.260636,42.234933999061006],[-122.260597,42.23494299906101],[-122.260514,42.234950999061],[-122.26038700000001,42.234951999060996],[-122.260264,42.23494699906101],[-122.260081,42.234929999060995],[-122.26002000000001,42.234929999060995],[-122.25982499999999,42.234943999061],[-122.25972900000001,42.23495799906101],[-122.25963600000001,42.23497899906101],[-122.25956099999999,42.235001999061005],[-122.25948800000002,42.23502999906101],[-122.25934900000003,42.23509499906101],[-122.25928299999997,42.235130999061006],[-122.25920299999999,42.23518099906101],[-122.25891000000001,42.235408999061],[-122.25868600000003,42.235562999061],[-122.258457,42.235712999061],[-122.258223,42.235889999060994],[-122.25775199999997,42.236172999061004],[-122.25769099999998,42.23621199906099],[-122.25763300000001,42.236248999061004],[-122.257578,42.23626299906099],[-122.25749199999998,42.236277999061],[-122.25735399999998,42.236286999060994],[-122.25727900000004,42.236284999061],[-122.25721300000001,42.236264999061],[-122.25717300000002,42.236242999061],[-122.257098,42.236190999060994],[-122.257065,42.23615799906101],[-122.25703699999997,42.236121999061],[-122.256989,42.236045999061005],[-122.25689100000002,42.23587299906101],[-122.25672500000003,42.235486999060996],[-122.25669399999998,42.23539299906102],[-122.25666900000002,42.23529099906099],[-122.25663600000001,42.235085999061],[-122.25662499999999,42.23495999906102],[-122.25660900000003,42.23457599906101],[-122.25659800000001,42.23451199906101],[-122.25656699999999,42.234431999061],[-122.25654300000002,42.23439499906099],[-122.25651399999998,42.234361999060994],[-122.25648,42.23433199906101],[-122.256441,42.234305999061],[-122.256389,42.234282999061],[-122.25633200000003,42.23426699906101],[-122.256221,42.23424899906101],[-122.25608,42.234242999060996],[-122.25599400000002,42.23424799906101],[-122.25560100000001,42.234294999061014],[-122.25533100000001,42.23433299906099],[-122.255305,42.23433799906102],[-122.25513400000003,42.234372999061],[-122.25495000000001,42.234424999061005],[-122.25471800000001,42.234510999060994],[-122.25449700000003,42.234608999060995],[-122.254383,42.234668999061],[-122.254275,42.234733999061],[-122.25385700000004,42.235014999061],[-122.25360000000006,42.23517299906101],[-122.253479,42.235256999061],[-122.25338700000002,42.235333999061005],[-122.25330100000001,42.23541499906101],[-122.252972,42.235748999060995],[-122.25291100000001,42.235798999061004],[-122.25284099999999,42.235843999061004],[-122.252765,42.235883999060995],[-122.25252800000003,42.235995999061004],[-122.252356,42.23609699906101],[-122.25183600000001,42.236430999061],[-122.25165199999999,42.236555999061004],[-122.25144199999998,42.236710999060996],[-122.251241,42.23687199906099],[-122.25103399999999,42.236990999060986],[-122.25072,42.237172999060995],[-122.25061600000002,42.23722599906099],[-122.250508,42.237271999060994],[-122.25032600000002,42.237334999061005],[-122.25023300000001,42.237359999061],[-122.25008599999998,42.237383999060995],[-122.250011,42.237389999061],[-122.24978399999999,42.23739199906099],[-122.24948200000004,42.23737499906101],[-122.249337,42.237361999060994],[-122.24919200000004,42.237342999061],[-122.24826500000002,42.23719599906099],[-122.24774600000002,42.237129999061004],[-122.24756600000002,42.237117999061],[-122.247477,42.237119999060994],[-122.24737800000001,42.23712899906099],[-122.247279,42.23714299906099],[-122.24713500000003,42.237172999060995],[-122.247032,42.237202999061005],[-122.246976,42.237224999061],[-122.24686999999997,42.237275999061005],[-122.24681999999997,42.237304999060996],[-122.24668000000003,42.237401999061014],[-122.246553,42.23751099906098],[-122.24647600000002,42.23758599906099],[-122.24632699999998,42.23776099906099],[-122.24616400000002,42.23792099906099],[-122.245982,42.238068999060985],[-122.24588400000002,42.23813799906098],[-122.24578200000005,42.238201999061],[-122.24567,42.238263999061],[-122.245211,42.23850099906098],[-122.24515800000002,42.23852999906099],[-122.24498900000003,42.23862599906098],[-122.24464800000001,42.238833999060994],[-122.244466,42.23895599906099],[-122.24423900000002,42.23912699906099],[-122.24416600000002,42.23919599906099],[-122.24412000000004,42.239250999061],[-122.24407999999998,42.23930899906099],[-122.244046,42.239368999061],[-122.24399000000003,42.239493999061],[-122.24394199999999,42.239619999060984],[-122.24390700000001,42.23972899906098],[-122.24388099999999,42.23984099906098],[-122.24384100000003,42.24006599906098],[-122.243809,42.24030299906098],[-122.24379900000001,42.24042099906099],[-122.24379800000004,42.24053999906099],[-122.24385200000002,42.24105099906099],[-122.24385100000002,42.24116099906099],[-122.24383400000002,42.24126199906098],[-122.24380599999999,42.241358999060985],[-122.243764,42.241434999060985],[-122.24369399999998,42.24151999906099],[-122.24353500000004,42.24163799906098]]},"id":"003c0000000000001817","properties":{"fullname":"","linearid":"110528900351","mtfcc":"S1400","rttyp":""}},{"type":"Feature","geometry":{"type":"LineString","coordinates":[[-122.22829300000002,42.25371099906096],[-122.228154,42.25364199906094],[-122.22808599999999,42.25358599906094],[-122.22802799999997,42.25352699906095],[-122.22797800000002,42.253463999060955],[-122.227938,42.25339699906094],[-122.22788399999999,42.25325499906094],[-122.22787900000002,42.253222999060945],[-122.22787299999999,42.253179999060954],[-122.22787200000002,42.25296799906095],[-122.227892,42.252793999060955],[-122.227934,42.252561999060944],[-122.227964,42.25235199906095],[-122.22805200000003,42.25146999906096],[-122.228073,42.25132199906095],[-122.22809199999999,42.25123599906096],[-122.228107,42.25117499906095],[-122.22827200000002,42.250592999060956]]},"id":"003c000000000000181e","properties":{"fullname":"","linearid":"110528903877","mtfcc":"S1400","rttyp":""}},{"type":"Feature","geometry":{"type":"LineString","coordinates":[[-122.27184,42.231727999061015],[-122.271968,42.23173099906101],[-122.27211100000001,42.231745999061026],[-122.27215400000001,42.23175599906101],[-122.27236599999999,42.23178099906101],[-122.272535,42.231793999061026],[-122.27270400000003,42.231800999061],[-122.272869,42.23179699906102],[-122.273281,42.231768999061],[-122.27351600000001,42.231768999061],[-122.27356600000003,42.23177299906099],[-122.273728,42.231802999060996],[-122.27395000000003,42.23186599906101],[-122.274105,42.23189899906101],[-122.27416800000002,42.231900999061025],[-122.274271,42.231898999061016],[-122.27455499999999,42.231895999061],[-122.27464500000005,42.23189199906101],[-122.274915,42.23186399906101],[-122.27500499999996,42.23186099906102],[-122.275185,42.231870999061],[-122.27523000000005,42.231877999061005],[-122.27533800000002,42.23190399906102],[-122.27543200000001,42.23193899906101],[-122.27551000000004,42.23197999906102],[-122.27559600000002,42.23204699906102],[-122.27570300000006,42.23215999906101],[-122.27574499999997,42.23221399906101],[-122.27580999999999,42.23232999906101],[-122.27592800000001,42.23262299906101],[-122.275964,42.232735999061006],[-122.27599399999998,42.23285099906101],[-122.27603900000001,42.233080999061],[-122.27609100000004,42.233512999061],[-122.276118,42.23363899906101],[-122.276154,42.233751999061006],[-122.276248,42.23397699906101],[-122.27630400000002,42.234088999061],[-122.27636700000004,42.234198999061],[-122.27644300000001,42.234310999061],[-122.276608,42.234531999061],[-122.27678900000002,42.234823999061014],[-122.27692000000002,42.235008999061],[-122.276979,42.235072999061],[-122.277076,42.23514299906101],[-122.277117,42.235161999061006],[-122.27716100000002,42.235174999061],[-122.277208,42.23518399906099],[-122.27725699999999,42.23518699906101],[-122.27730300000002,42.23518499906101],[-122.27734400000001,42.23517699906101],[-122.27738600000002,42.235163999061],[-122.27746199999999,42.235123999060995],[-122.277535,42.23506599906101],[-122.277571,42.23502699906101],[-122.277605,42.234980999061],[-122.277631,42.23493299906101],[-122.27774600000002,42.23465299906102],[-122.277767,42.23461099906102],[-122.27780299999999,42.23455499906102],[-122.277847,42.234501999061],[-122.27799599999996,42.23435099906099],[-122.27808600000002,42.234268999061],[-122.27857300000001,42.23387999906099],[-122.27885499999998,42.233643999061],[-122.27909300000003,42.23344699906101],[-122.27916100000002,42.233395999060996],[-122.279234,42.23335099906102],[-122.279316,42.233306999061014],[-122.279403,42.23326699906101],[-122.27949300000003,42.233230999061014],[-122.27958699999999,42.23320299906102],[-122.279691,42.23318099906101],[-122.28007900000001,42.233117999061015],[-122.28036200000001,42.23307699906101],[-122.28063399999999,42.23303199906102],[-122.28072499999999,42.233023999061025],[-122.2809,42.233025999061006],[-122.281159,42.233050999061014]]},"id":"003c000000000000187f","properties":{"fullname":"","linearid":"110528900465","mtfcc":"S1400","rttyp":""}},{"type":"Feature","geometry":{"type":"LineString","coordinates":[[-122.27184,42.231727999061015],[-122.271975,42.231497999061006],[-122.27203599999999,42.23140699906101],[-122.272073,42.23136699906101],[-122.272115,42.23132999906101],[-122.27216900000003,42.23129299906103],[-122.27222900000001,42.23125999906101],[-122.272293,42.231230999061026],[-122.272359,42.23120699906102],[-122.27242500000003,42.23119099906101],[-122.27249400000002,42.23117999906102],[-122.273286,42.231106999061026],[-122.27392,42.23104099906101],[-122.27454799999997,42.230960999061026],[-122.274863,42.230926999061026],[-122.27495799999998,42.23091899906102],[-122.27568000000002,42.230865999061024],[-122.27580600000003,42.23086499906102],[-122.27599599999999,42.230876999061],[-122.27609000000001,42.23089099906101],[-122.276171,42.230908999061015],[-122.27632899999999,42.230957999061026],[-122.276512,42.23102999906101],[-122.276655,42.23108699906101],[-122.27679199999999,42.23116299906103],[-122.27703800000002,42.231285999061015],[-122.277091,42.231308999061014],[-122.277147,42.23132399906102],[-122.27718999999999,42.23132999906101],[-122.277284,42.231333999061015],[-122.27732899999998,42.23132899906102],[-122.27737,42.231316999061015],[-122.27739900000002,42.23129999906102],[-122.277445,42.23127399906102],[-122.27747499999997,42.231248999061016],[-122.27749400000005,42.231222999061025],[-122.277505,42.23119499906102],[-122.27751,42.23116599906103],[-122.27750700000001,42.23101399906103],[-122.27744299999999,42.23042299906103],[-122.27742100000003,42.23031699906101],[-122.277376,42.23015599906103],[-122.27731100000001,42.22998999906102],[-122.277238,42.22984299906102],[-122.27721800000002,42.229777999061014],[-122.277199,42.22964299906102],[-122.27719600000003,42.229575999061026],[-122.277201,42.22945499906102],[-122.27720900000001,42.22939399906101],[-122.277239,42.229273999061036],[-122.27726099999998,42.22921599906103],[-122.27733,42.22909199906103],[-122.27738,42.22902699906103],[-122.277436,42.228963999061015],[-122.277529,42.22887499906102],[-122.277638,42.228791999061016],[-122.27779900000006,42.228693999061015],[-122.27789199999998,42.22864799906102],[-122.27798899999999,42.22860599906102],[-122.27811899999999,42.22857199906101],[-122.27817700000001,42.22852299906101],[-122.27850100000003,42.22841399906103],[-122.27862100000004,42.22836699906102],[-122.278681,42.228338999061016],[-122.278946,42.22820199906103],[-122.27903799999999,42.22815999906103],[-122.27923799999999,42.22808699906103],[-122.279342,42.22805599906101],[-122.279502,42.22801899906102],[-122.279672,42.22799399906102],[-122.27990300000002,42.22797699906103],[-122.28001900000002,42.22797299906102],[-122.28022200000004,42.22797799906103],[-122.28032200000003,42.22797699906103],[-122.28046700000002,42.22796499906102],[-122.28050899999998,42.22795199906102],[-122.280541,42.22793499906102],[-122.28059500000002,42.22788699906102],[-122.28063299999998,42.22782999906102],[-122.28064399999998,42.22779699906103],[-122.280664,42.22764099906102],[-122.28066199999999,42.227385999061035],[-122.28067100000001,42.22720399906104],[-122.280709,42.226796999061015],[-122.28072000000003,42.22674199906103],[-122.280738,42.226687999061035],[-122.28076300000002,42.22663499906103],[-122.280826,42.226542999061024],[-122.28086300000001,42.22650099906103],[-122.280907,42.22646399906102],[-122.28100900000003,42.22639899906105],[-122.281056,42.22637399906102],[-122.28125299999999,42.22627399906102],[-122.28139299999997,42.226213999061024],[-122.28167400000002,42.22611699906104],[-122.28196,42.225989999061035],[-122.28213900000002,42.225923999061024],[-122.28223100000002,42.22589499906104],[-122.282375,42.22586499906103],[-122.282529,42.225850999061024],[-122.282741,42.225850999061024],[-122.282849,42.22585999906102],[-122.28302700000002,42.22588999906102],[-122.28309699999998,42.22590699906102],[-122.283198,42.22594199906103],[-122.28329500000001,42.22599299906103],[-122.283411,42.22607399906103],[-122.28347000000001,42.22612499906104],[-122.28357499999997,42.22623499906103],[-122.28366600000003,42.22637399906103],[-122.28370300000005,42.22641599906104],[-122.28378200000004,42.22648599906103],[-122.28381300000001,42.226504999061035],[-122.283848,42.22651799906102],[-122.28393800000002,42.22652799906103],[-122.283984,42.226524999061034],[-122.284065,42.22650299906103],[-122.284084,42.22649299906102],[-122.284098,42.22648599906103],[-122.28412100000001,42.22646499906103],[-122.284138,42.22643999906103],[-122.28418200000007,42.22633399906104],[-122.28419400000001,42.22628099906103],[-122.28420700000002,42.22613899906102],[-122.28417300000001,42.22554099906101],[-122.28417600000003,42.22519899906105],[-122.28419400000001,42.225055999061034],[-122.284208,42.224990999061035],[-122.28423000000001,42.22492699906104],[-122.28426400000005,42.22485799906104],[-122.284306,42.22479299906103],[-122.284348,42.22474399906103],[-122.284452,42.22465799906104],[-122.28464900000002,42.224510999061025],[-122.28491999999999,42.22432599906103],[-122.28504100000004,42.22421499906105],[-122.28512099999999,42.22412599906103],[-122.285152,42.22407799906102],[-122.28518000000003,42.22401999906104],[-122.28519900000005,42.22395999906104],[-122.28520800000001,42.22390599906103],[-122.285201,42.22379699906104],[-122.28518100000001,42.22368799906104],[-122.28515699999998,42.22347499906105],[-122.28512600000002,42.22327499906104],[-122.28512000000002,42.22320899906102],[-122.285128,42.223106999061045],[-122.28515099999998,42.22299999906104],[-122.285179,42.22293199906105],[-122.28526600000004,42.22278899906104],[-122.28533,42.22267399906105],[-122.28536300000002,42.222594999061045],[-122.28539400000004,42.22247799906105],[-122.28540000000001,42.22237099906105],[-122.28538499999999,42.22227499906106],[-122.28535000000001,42.22219299906103],[-122.285326,42.22216099906104],[-122.28529700000003,42.22213999906105],[-122.28526200000002,42.22212299906105],[-122.285225,42.222110999061044],[-122.28517799999999,42.22210499906103],[-122.28513000000001,42.22210499906103],[-122.28505200000001,42.222120999061055],[-122.28501500000002,42.22213399906104],[-122.28488800000002,42.22219699906104],[-122.28448699999998,42.22241199906104],[-122.284399,42.22245399906103],[-122.28430799999997,42.22249099906104],[-122.28421000000003,42.22252399906104],[-122.284107,42.22255199906106],[-122.28387000000001,42.22260199906104],[-122.283596,42.22264499906104],[-122.28313800000002,42.22272499906105],[-122.283002,42.22275999906105],[-122.28287100000006,42.22280599906104],[-122.28281,42.222834999061035],[-122.28275600000003,42.22286899906105],[-122.28271000000001,42.22290999906104],[-122.28263499999998,42.223002999061045],[-122.28260400000005,42.22305399906104],[-122.28255600000001,42.22316099906104],[-122.282523,42.22321199906103],[-122.282452,42.223293999061035],[-122.28242100000001,42.223315999061036],[-122.28241000000001,42.22332099906104],[-122.28235200000002,42.22334499906104],[-122.28231399999999,42.22335499906102],[-122.282234,42.22335999906103],[-122.28215700000003,42.22334799906104],[-122.282136,42.22333899906104],[-122.28209399999999,42.223309999061044],[-122.28202,42.223235999061025],[-122.28183300000002,42.222930999061035],[-122.28179300000002,42.22287599906104],[-122.28174600000001,42.22282499906105],[-122.281616,42.22272299906105],[-122.28116700000001,42.222445999061044],[-122.28087899999998,42.22225699906104],[-122.28066199999999,42.222092999061054],[-122.280583,42.22202799906104],[-122.28051099999999,42.221958999061044],[-122.280451,42.22189199906104],[-122.28010099999999,42.22140699906104],[-122.27994600000002,42.22116599906104],[-122.27988800000004,42.22105999906106],[-122.27984799999999,42.22096599906105],[-122.27981500000003,42.22087099906105],[-122.27979600000003,42.22078699906106],[-122.27973100000001,42.22041999906104],[-122.27970700000002,42.22032299906106],[-122.27967400000001,42.220227999061045],[-122.27962400000001,42.220131999061046],[-122.27938899999998,42.21977299906105],[-122.279277,42.21959299906104],[-122.27923600000001,42.21951699906106],[-122.27936100000002,42.21941799906105],[-122.27940600000002,42.21939499906104],[-122.27945199999999,42.21937699906105],[-122.27950000000001,42.21936499906105],[-122.2796,42.21935799906105],[-122.27967600000002,42.219366999061045],[-122.27975300000004,42.21938999906105],[-122.27982200000001,42.21941799906105],[-122.27987900000004,42.21943999906105],[-122.28002300000004,42.219510999061036],[-122.28009500000002,42.219552999061044],[-122.280174,42.21959999906103],[-122.28025299999999,42.21964099906104],[-122.2803,42.21966099906105],[-122.28034600000002,42.21968099906107],[-122.28039600000001,42.21969299906104],[-122.280444,42.21969799906106],[-122.28049399999999,42.21969599906105],[-122.280534,42.21968899906105],[-122.28058000000003,42.21968199906105],[-122.280603,42.219672999061046],[-122.28064599999999,42.21965499906104],[-122.280664,42.21963799906105],[-122.28067300000004,42.21961699906103],[-122.2807,42.219320999061054],[-122.28074500000002,42.21903599906106],[-122.28078000000001,42.21889499906106],[-122.28082700000002,42.21875699906105],[-122.28088400000001,42.21862099906105],[-122.28098600000001,42.218433999061055],[-122.28103899999999,42.21841399906105],[-122.281186,42.21832999906106],[-122.281363,42.21819399906105],[-122.281507,42.218105999061045],[-122.28163100000003,42.218059999061055],[-122.28173800000003,42.21806699906106],[-122.282093,42.21818799906106],[-122.28242100000001,42.21834499906105],[-122.28257,42.21841099906107],[-122.282888,42.21852099906107],[-122.28300900000002,42.21856699906107],[-122.283126,42.21861799906105],[-122.28319399999998,42.218651999061045],[-122.28332200000001,42.21872999906106],[-122.28337600000002,42.218774999061054],[-122.28342399999998,42.218824999061056],[-122.28351099999999,42.21892999906106],[-122.28360800000004,42.21902899906106],[-122.28380800000002,42.21921299906105],[-122.28391700000002,42.219306999061054],[-122.28397400000001,42.219350999061064],[-122.284038,42.219388999061046],[-122.28410600000001,42.21941899906105],[-122.28417900000001,42.219443999061056],[-122.28425700000001,42.21946299906104],[-122.28434000000001,42.219476999061044],[-122.284468,42.21949199906105]]},"id":"003c0000000000001887","properties":{"fullname":"","linearid":"1102314516933","mtfcc":"S1400","rttyp":""}},{"type":"Feature","geometry":{"type":"MultiLineString","coordinates":[[[-122.26592893673876,42.21565602638526],[-122.26604499999999,42.21574199906106],[-122.266144,42.21580799906107],[-122.26628000000002,42.21587899906107],[-122.26637899999999,42.215929999061075],[-122.26673900000003,42.21607899906107],[-122.26692800000002,42.21618299906107],[-122.26701600000001,42.21624099906106],[-122.26709100000001,42.21629799906106],[-122.267226,42.216421999061055],[-122.267459,42.21665399906105],[-122.26750600000001,42.21670799906105],[-122.26756500000002,42.21679999906106],[-122.26762200000002,42.216916999061056],[-122.26763699999997,42.21698799906107],[-122.26763499999998,42.21707299906106],[-122.26762899999999,42.21710899906107],[-122.26762300000001,42.21714699906106],[-122.267574,42.217290999061056],[-122.26754500000001,42.21734499906106],[-122.26753800000002,42.21739599906106],[-122.267554,42.21744499906106],[-122.26757399999998,42.21747199906106],[-122.26761700000002,42.21750999906105],[-122.26766600000003,42.217534999061044],[-122.26774500000002,42.217551999061044],[-122.26778399999999,42.21755299906106],[-122.26780800000002,42.21754899906105],[-122.267824,42.217545999061045],[-122.26790099999997,42.21751799906105],[-122.26793900000003,42.21749499906105],[-122.26796999999999,42.217466999061045],[-122.268258,42.217138999061056],[-122.268351,42.21701699906107],[-122.26843700000003,42.21688999906106],[-122.26864299999998,42.216536999061056],[-122.26886800000003,42.216003999061066],[-122.26900000000002,42.215674999061065],[-122.26912200000001,42.215457999061066],[-122.269194,42.21534999906107],[-122.26933400000004,42.21517799906107],[-122.26952600000001,42.21495599906108],[-122.269717,42.21480299906107],[-122.26983500000001,42.21471999906106],[-122.26995800000002,42.214640999061075],[-122.27015599999999,42.21453399906108],[-122.27026,42.21448599906108],[-122.270425,42.214423999061076],[-122.27060300000002,42.21437099906106],[-122.270725,42.21434299906107],[-122.27084099999999,42.21432499906107],[-122.27095340040437,42.21431356851431]],[[-122.27209213879895,42.21432492346159],[-122.272284,42.21434599906107],[-122.27271200000001,42.21440899906108],[-122.27287599999997,42.21443799906109],[-122.27312800000003,42.21449499906105],[-122.27327999999997,42.21453699906107],[-122.27342900000002,42.21458499906107],[-122.27357300000001,42.21463999906108],[-122.273688,42.21469199906106],[-122.27391200000002,42.214803999061076],[-122.2744,42.21503799906106],[-122.27447,42.215076999061075],[-122.274595,42.21516399906107],[-122.27465000000004,42.21521199906107],[-122.274723,42.215294999061065],[-122.27474399999998,42.215327999061046],[-122.27483100000002,42.215514999061064],[-122.274877,42.21566499906106],[-122.274895,42.21576599906108],[-122.274904,42.21586299906106],[-122.274904,42.21596099906107],[-122.274884,42.21616099906106],[-122.27484100000001,42.21636399906106],[-122.27477400000002,42.21660899906106],[-122.27472200000003,42.21674099906106],[-122.274697,42.21677199906106],[-122.27460699999997,42.21688699906105],[-122.27456700000005,42.21692099906106],[-122.274473,42.21697799906106],[-122.274427,42.21700699906107],[-122.27430300000002,42.21710899906107],[-122.27419100000002,42.21721399906105],[-122.27406200000001,42.217359999061046],[-122.27394600000001,42.21751399906106],[-122.273685,42.217898999061056],[-122.27359100000001,42.218050999061056],[-122.27350600000003,42.21820699906105],[-122.27333300000001,42.21860999906106],[-122.27327699999998,42.21872799906105],[-122.27321199999999,42.21883899906105],[-122.273139,42.21894699906106],[-122.273058,42.219052999061056],[-122.27300000000001,42.219146999061046]]]},"id":"003c0000000000001890","properties":{"fullname":"","linearid":"110528900369","mtfcc":"S1400","rttyp":""}},{"type":"Feature","geometry":{"type":"LineString","coordinates":[[-122.26593147207502,42.216260906783326],[-122.26593500000001,42.21627999906106],[-122.265937,42.216324999061065],[-122.2659322846186,42.21634005202605]]},"id":"003c0000000000001891","properties":{"fullname":"","linearid":"1104472333821","mtfcc":"S1400","rttyp":""}},{"type":"Feature","geometry":{"type":"LineString","coordinates":[[-122.242599,42.22205899906105],[-122.24265900000003,42.22199099906104],[-122.24274200000004,42.22192599906104],[-122.24279,42.22190199906105],[-122.242908,42.22187099906105],[-122.243133,42.221897999061056],[-122.243255,42.221909999061054],[-122.243371,42.221912999061054],[-122.243652,42.22191399906103],[-122.243802,42.22191799906104],[-122.24399000000003,42.22193499906104],[-122.24408199999999,42.22195299906103],[-122.24422499999997,42.22200199906105],[-122.24427500000002,42.22201299906104],[-122.24433600000002,42.22201699906104],[-122.24439800000002,42.22201599906105],[-122.24446799999998,42.222009999061044],[-122.24457100000001,42.221991999061046],[-122.24465000000002,42.22196699906103],[-122.244735,42.221921999061045],[-122.24481000000004,42.221864999061054],[-122.24500400000002,42.22169799906105],[-122.24528600000002,42.22141699906104],[-122.245352,42.22136399906105],[-122.24542199999999,42.22132099906105],[-122.24549799999998,42.22128399906105],[-122.24578000000001,42.22115999906105],[-122.24583900000003,42.221129999061056],[-122.24592899999999,42.22107099906105],[-122.24595600000002,42.22103099906105],[-122.24596500000003,42.221001999061045],[-122.24596700000004,42.22097199906106],[-122.24595400000001,42.22091299906105],[-122.24592399999999,42.22086699906106],[-122.24589300000002,42.22083799906106],[-122.24586999999998,42.22082699906103],[-122.24581999999997,42.22081499906106],[-122.24556100000001,42.220810999061044],[-122.24529000000001,42.22083999906104],[-122.24509700000006,42.220841999061044],[-122.244997,42.22083499906105],[-122.24495199999997,42.220822999061056],[-122.24490300000001,42.220800999061055],[-122.24485600000004,42.22077199906104],[-122.24478000000002,42.220703999061044],[-122.24475500000003,42.22066799906106],[-122.244737,42.22062999906103],[-122.24470199999999,42.220469999061045],[-122.244671,42.220331999061045],[-122.24464100000002,42.220064999061044],[-122.24461399999998,42.21993299906105],[-122.244529,42.21969699906104],[-122.24435499999997,42.219148999061055],[-122.24429300000001,42.21899999906107],[-122.24426700000001,42.21892499906105],[-122.24423900000002,42.21876999906105],[-122.24423099999998,42.21861699906106],[-122.24423600000001,42.21851599906106],[-122.24425800000002,42.21836399906106],[-122.24431300000003,42.21814199906106],[-122.244336,42.21808699906104],[-122.244368,42.218035999061065],[-122.24441599999999,42.21797799906105],[-122.24447299999999,42.21792399906106],[-122.24453699999998,42.217876999061055],[-122.244604,42.217840999061046],[-122.24475500000003,42.21778699906107],[-122.24497700000002,42.21769399906106],[-122.245045,42.21765699906106],[-122.24510800000003,42.217609999061054],[-122.24516399999999,42.21755699906105],[-122.24527499999998,42.21741799906105]]},"id":"003c00000000000018a4","properties":{"fullname":"","linearid":"110528899972","mtfcc":"S1400","rttyp":""}},{"type":"Feature","geometry":{"type":"LineString","coordinates":[[-122.241034,42.221435999061036],[-122.240953,42.22126599906104],[-122.24090299999999,42.22113899906106],[-122.240893,42.22099099906104],[-122.240882,42.220940999061035],[-122.24086400000003,42.22089299906103],[-122.24081399999999,42.220810999061044],[-122.24074800000001,42.22073999906104],[-122.24069599999999,42.22069799906106],[-122.24064500000001,42.220664999061036],[-122.24058800000002,42.220637999061054],[-122.24040500000002,42.22056799906106],[-122.24017700000002,42.22045999906105],[-122.24011400000002,42.22042999906106],[-122.24004300000003,42.22038699906104],[-122.23997400000003,42.22033599906105],[-122.239909,42.220279999061056],[-122.239793,42.22016199906105],[-122.239713,42.220064999061044],[-122.239545,42.21984399906104],[-122.239494,42.21978599906104],[-122.23942999999998,42.21972699906104],[-122.23935900000001,42.219671999061056],[-122.23920500000001,42.21956999906105],[-122.23902899999999,42.21946099906104],[-122.23892800000002,42.21940399906105],[-122.23883200000002,42.21934299906105],[-122.238732,42.21926799906104],[-122.23859400000002,42.21914799906104],[-122.23848900000003,42.21903199906106],[-122.238434,42.21895399906105],[-122.23800600000001,42.21827699906107],[-122.23796,42.21816599906104],[-122.23794000000002,42.218089999061036],[-122.23790000000002,42.21785999906107],[-122.23788300000002,42.21768399906106],[-122.237869,42.21759599906106],[-122.23783900000001,42.21749199906106],[-122.23779900000001,42.217389999061055],[-122.23775500000004,42.21731299906106],[-122.23770399999998,42.217243999061054],[-122.23764599999998,42.217164999061055],[-122.23760100000004,42.21708799906106],[-122.23756300000001,42.217008999061065],[-122.23752000000005,42.21688599906107],[-122.23751,42.21684499906105],[-122.237502,42.21676199906106],[-122.23750799999999,42.21659499906106],[-122.237528,42.21647499906106],[-122.23757299999997,42.21629499906107],[-122.23761400000001,42.216006999061065],[-122.23762,42.21589699906106]]},"id":"003c00000000000018a6","properties":{"fullname":"","linearid":"1104472587647","mtfcc":"S1400","rttyp":""}},{"type":"Feature","geometry":{"type":"LineString","coordinates":[[-122.23762,42.21589699906106],[-122.237671,42.21584899906106],[-122.23770599999999,42.21579499906105],[-122.23774600000003,42.215749999061046],[-122.23780700000003,42.215697999061064],[-122.23784400000001,42.21567999906106],[-122.23788100000002,42.215670999061054],[-122.23792300000004,42.215667999061075],[-122.23800900000002,42.21566999906107],[-122.23806400000001,42.215674999061065],[-122.23811799999997,42.21568599906106],[-122.23815300000003,42.215697999061064],[-122.23821500000003,42.21573199906107],[-122.23824100000002,42.215760999061075],[-122.23827300000002,42.21582799906106],[-122.23828300000004,42.21586399906106],[-122.23828500000002,42.21589999906105],[-122.23825800000002,42.21604899906106],[-122.238249,42.21612599906107],[-122.23825000000001,42.21616499906106],[-122.23825800000002,42.216189999061065],[-122.23827100000001,42.21621099906107],[-122.23829199999999,42.21622499906107],[-122.23832000000006,42.21623499906107],[-122.23838000000003,42.21624399906107],[-122.23844800000002,42.21623399906107],[-122.23847200000002,42.21622699906107],[-122.238551,42.21620599906107],[-122.238617,42.216179999061076],[-122.23874800000002,42.216099999061065],[-122.23885299999999,42.21604799906107],[-122.238962,42.21600199906106],[-122.23901100000002,42.21598399906105],[-122.239071,42.21596399906105],[-122.239185,42.215931999061056],[-122.23953100000001,42.21584799906106],[-122.24034200000001,42.21562699906105],[-122.24090500000003,42.21546499906106],[-122.241265,42.21535099906105],[-122.24145200000002,42.215282999061046],[-122.241635,42.21520999906105],[-122.241813,42.21513099906106],[-122.24220900000002,42.21492999906107],[-122.24236299999998,42.214861999061064],[-122.242599,42.21476599906107],[-122.24276199999998,42.21470899906105],[-122.24288799999998,42.214669999061066],[-122.243063,42.21463599906106],[-122.243164,42.21462899906106],[-122.24326000000002,42.214637999061075],[-122.243466,42.21468799906108],[-122.24354499999997,42.21471599906106],[-122.24369700000001,42.21478199906105],[-122.24391700000002,42.21489199906106],[-122.244202,42.21504799906107],[-122.24432800000002,42.21509399906107],[-122.24441399999998,42.21511599906106],[-122.24470100000002,42.21517099906106],[-122.24504100000004,42.21523799906106],[-122.24523500000004,42.21526699906105],[-122.24529600000001,42.21528499906107],[-122.245361,42.21531599906107],[-122.245502,42.21540099906105],[-122.24557500000002,42.215456999061075],[-122.245778,42.215634999061066],[-122.24585,42.21569199906106],[-122.24610300000006,42.21587299906106],[-122.24626100000003,42.21600499906106],[-122.24640400000001,42.21613899906107],[-122.24640699374066,42.21613938008483]]},"id":"003c00000000000018a7","properties":{"fullname":"","linearid":"1104472584782","mtfcc":"S1400","rttyp":""}},{"type":"Feature","geometry":{"type":"LineString","coordinates":[[-122.23762,42.21589699906106],[-122.23753200000002,42.215788999061076],[-122.23736400000001,42.21562299906107],[-122.237264,42.215543999061076],[-122.23720400000002,42.215505999061065],[-122.23701900000002,42.21538399906107],[-122.23694500000003,42.21533499906106],[-122.236821,42.215258999061064],[-122.23642500000001,42.215034999061075],[-122.23606700000002,42.21480999906107],[-122.23594400000002,42.21472599906108],[-122.235741,42.214571999061064],[-122.235651,42.21451699906107],[-122.23558799999999,42.21448599906108],[-122.235526,42.21446399906107],[-122.23532900000001,42.21441499906107],[-122.23513400000003,42.21434699906107],[-122.23503500000001,42.21431799906107],[-122.23494000000005,42.214300999061074],[-122.23492300000001,42.21429799906105],[-122.234844,42.214288999061075],[-122.23446099999998,42.21426099906108],[-122.23413100000003,42.21424799906107]]},"id":"003c00000000000018a8","properties":{"fullname":"","linearid":"110528899966","mtfcc":"S1400","rttyp":""}},{"type":"Feature","geometry":{"type":"LineString","coordinates":[[-122.31369499999998,42.21541299906106],[-122.31343099999998,42.21798299906105],[-122.31327300000001,42.21810099906106],[-122.31132900000001,42.220321999061056],[-122.310354,42.222821999061054]]},"id":"003c0000000000001900","properties":{"fullname":"","linearid":"110340519792","mtfcc":"S1400","rttyp":""}},{"type":"Feature","geometry":{"type":"LineString","coordinates":[[-122.30967500000001,42.21695699906107],[-122.30984199999999,42.219400999061044]]},"id":"003c0000000000001901","properties":{"fullname":"","linearid":"110340522683","mtfcc":"S1400","rttyp":""}},{"type":"Feature","geometry":{"type":"LineString","coordinates":[[-122.312769,42.22750499906103],[-122.31282200000001,42.228003999061016],[-122.31289400000001,42.22843499906102],[-122.312667,42.22941199906102],[-122.31186600000002,42.23010199906102],[-122.31090599999997,42.23022299906101],[-122.31057199999996,42.23015599906103]]},"id":"003c0000000000001902","properties":{"fullname":"","linearid":"110340522483","mtfcc":"S1400","rttyp":""}},{"type":"Feature","geometry":{"type":"LineString","coordinates":[[-122.31371100000001,42.23140299906102],[-122.31459900000002,42.23196699906102],[-122.31540700000001,42.232788999061015],[-122.315729,42.234232999061014],[-122.31635000000001,42.235588999060994]]},"id":"003c0000000000001903","properties":{"fullname":"","linearid":"110340522494","mtfcc":"S1400","rttyp":""}},{"type":"Feature","geometry":{"type":"LineString","coordinates":[[-122.34079900000003,42.22544499906104],[-122.34059199999997,42.22582599906103],[-122.340433,42.22604599906103],[-122.340151,42.22631999906103],[-122.33978900000002,42.22667199906103],[-122.33950699999998,42.22701599906103],[-122.33934800000004,42.227298999061034],[-122.339295,42.22745699906103],[-122.339295,42.22758999906102],[-122.33936600000001,42.227818999061014],[-122.33961300000001,42.228268999061015],[-122.339983,42.22875399906103],[-122.34022100000001,42.229061999061024],[-122.34025700000005,42.229194999061015],[-122.34026500000003,42.22933599906102],[-122.34010699999999,42.229626999061026],[-122.33978900000002,42.22995299906102],[-122.33946300000001,42.23043799906101],[-122.33937499999999,42.23059699906102],[-122.339097,42.23128499906101]]},"id":"003c0000000000001904","properties":{"fullname":"","linearid":"110340521912","mtfcc":"S1400","rttyp":""}},{"type":"Feature","geometry":{"type":"LineString","coordinates":[[-122.36607908684722,42.27253472093306],[-122.366827,42.27279699906088],[-122.3672205431363,42.27302939334195]]},"id":"003c0000000000001909","properties":{"fullname":"","linearid":"110340519713","mtfcc":"S1400","rttyp":""}},{"type":"Feature","geometry":{"type":"LineString","coordinates":[[-122.27169399999998,42.25804999906092],[-122.27178100000002,42.25808099906091],[-122.272022,42.25811399906093],[-122.27223500000001,42.258148999060936],[-122.27240499999999,42.258187999060915],[-122.27284099999999,42.25830899906093],[-122.273044,42.258357999060934],[-122.27324900000002,42.25839599906093],[-122.27340699999999,42.25840999906093],[-122.27357200000006,42.25841099906093],[-122.27368199999998,42.25840399906093],[-122.27386399999999,42.25838399906091],[-122.27407699999999,42.25834399906093],[-122.27416600000001,42.258319999060916],[-122.274424,42.25823299906093],[-122.274515,42.25821399906092],[-122.27464300000001,42.258200999060925],[-122.27470100000002,42.25820499906092],[-122.27482299999998,42.25822499906093],[-122.27483499999998,42.25822799906093],[-122.275147,42.25831299906093],[-122.275662,42.25844499906092],[-122.27585,42.25849999906092],[-122.275941,42.25853199906092],[-122.27604500000004,42.25857999906093],[-122.27623100000001,42.258676999060924],[-122.27639299999998,42.25877399906093],[-122.27649700000002,42.25886899906092],[-122.27659899999999,42.25898399906093],[-122.27664800000001,42.259049999060935],[-122.27668600000005,42.25911699906094],[-122.27671699999999,42.259184999060935],[-122.27674200000003,42.259254999060936],[-122.276755,42.25932299906093],[-122.27676200000002,42.259391999060924],[-122.27677700000001,42.25946099906093],[-122.27679799999999,42.259516999060935],[-122.276826,42.259571999060924],[-122.27686399999997,42.25962099906093],[-122.27691,42.25966699906093],[-122.276995,42.25973799906093],[-122.277103,42.25981499906094],[-122.277166,42.259875999060924],[-122.277335,42.26008199906092],[-122.27738899999999,42.260156999060925],[-122.27742299999998,42.26022099906092],[-122.277465,42.26035499906092],[-122.27751200000002,42.26056099906092],[-122.27756300000003,42.26073399906091],[-122.27765299999999,42.261102999060924],[-122.27766600000001,42.26125599906092],[-122.277657,42.26141999906093],[-122.277612,42.261689999060934],[-122.27758,42.26182399906092],[-122.277469,42.262202999060904],[-122.27745399999999,42.262282999060915],[-122.27739199999999,42.26273899906092],[-122.27738100000003,42.26295399906092],[-122.27738400000001,42.263018999060904],[-122.27742,42.26328899906093],[-122.27743500000004,42.26336599906091],[-122.27745599999999,42.2634419990609],[-122.27748600000001,42.26351599906092],[-122.27757600000001,42.26367399906091],[-122.27761499999998,42.26376899906092],[-122.27762100000001,42.26381599906091],[-122.277616,42.26385499906092],[-122.27758399999999,42.263931999060915],[-122.27750000000002,42.264059999060926],[-122.277415,42.26416399906092],[-122.27737900000002,42.2642209990609],[-122.27735000000001,42.26427899906091],[-122.27733799999999,42.264335999060926],[-122.27733400000002,42.264454999060895],[-122.27732000000002,42.26455499906091],[-122.27728700000002,42.26464599906091],[-122.27725999999998,42.2646869990609],[-122.27722,42.2647249990609],[-122.27712300000003,42.26479299906091],[-122.27688700000003,42.264987999060914],[-122.276667,42.26515299906091],[-122.276551,42.2652309990609],[-122.27638700000001,42.26532099906092],[-122.27631400000001,42.26537899906091],[-122.27625,42.26545399906091],[-122.27623100000001,42.2654939990609],[-122.27619799999998,42.26561999906091],[-122.27618500000001,42.26565099906091],[-122.276154,42.26572999906091],[-122.27613300000003,42.26576399906091],[-122.27608200000003,42.26581499906092],[-122.275998,42.2658659990609],[-122.27594900000001,42.26588299906092],[-122.275805,42.2659219990609],[-122.27572799999999,42.26595099906092],[-122.27568300000003,42.2659809990609],[-122.27564500000001,42.26601799906091],[-122.27563400000001,42.266056999060915]]},"id":"003c0000000000001916","properties":{"fullname":"","linearid":"1102314647917","mtfcc":"S1400","rttyp":""}},{"type":"Feature","geometry":{"type":"LineString","coordinates":[[-122.27697300000004,42.26670999906091],[-122.276803,42.266719999060896],[-122.27667199999998,42.2667169990609],[-122.27661000000003,42.266706999060894],[-122.27655200000001,42.2666929990609],[-122.27649700000005,42.2666729990609],[-122.27642000000002,42.266636999060914],[-122.27635200000003,42.26658999906091],[-122.276328,42.266562999060895],[-122.27631,42.266522999060896],[-122.27629000000002,42.266389999060905],[-122.276289,42.2662599990609],[-122.276274,42.266105999060905],[-122.27626600000002,42.2660729990609],[-122.276249,42.2660429990609],[-122.276205,42.26599899906092],[-122.276175,42.26598299906091],[-122.276148,42.26597499906091],[-122.27608699999998,42.265970999060904],[-122.27603600000003,42.2659809990609],[-122.27585,42.266034999060906],[-122.27578299999999,42.266047999060895],[-122.27568500000004,42.266056999060915],[-122.27563400000001,42.266056999060915]]},"id":"003c0000000000001919","properties":{"fullname":"","linearid":"1102288741139","mtfcc":"S1400","rttyp":""}},{"type":"Feature","geometry":{"type":"LineString","coordinates":[[-122.37103700000003,42.2693609990609],[-122.371391,42.26903499906091],[-122.37205700000001,42.26809399906091],[-122.37409599999998,42.2663999990609],[-122.37484000000002,42.26596899906092],[-122.37580900000002,42.265656999060916],[-122.376751,42.2654119990609],[-122.37734499999998,42.26497899906091],[-122.37820999999997,42.26353399906091],[-122.37859499999999,42.263185999060916],[-122.37943100000001,42.26278699906093],[-122.38008900000001,42.262731999060925],[-122.38080200000003,42.26281699906092],[-122.38181,42.26310399906092],[-122.382312,42.26335199906091],[-122.383084,42.26436499906091],[-122.38344599999998,42.26511499906093],[-122.38367700000003,42.265364999060914],[-122.38444,42.26699599906091],[-122.38448100000001,42.26708199906091],[-122.385545,42.2690229990609],[-122.385726716474,42.26962758696576]]},"id":"003c0000000000001925","properties":{"fullname":"","linearid":"110340519097","mtfcc":"S1400","rttyp":""}},{"type":"Feature","geometry":{"type":"LineString","coordinates":[[-122.58570900000001,42.277908999060884],[-122.58432200000003,42.277771999060874],[-122.583724,42.27796399906089],[-122.58270200000001,42.27896999906088],[-122.58219100000002,42.27934499906087],[-122.58155900000001,42.279653999060876],[-122.580204,42.280064999060876],[-122.575949,42.28095699906086],[-122.573703,42.28102499906085],[-122.57294199999998,42.28104799906086],[-122.571163,42.28110099906087],[-122.569965,42.28125599906087],[-122.56886299999996,42.281250999060866],[-122.56776200000002,42.28113099906087],[-122.56691200000002,42.281258999060874],[-122.56656500000001,42.281377999060865],[-122.56589400000001,42.28196399906087],[-122.564194,42.28205999906086],[-122.563408,42.28223399906086],[-122.562551,42.282589999060875],[-122.56070800000006,42.28395199906086]]},"id":"003c0000000000001f71","properties":{"fullname":"","linearid":"110340519404","mtfcc":"S1400","rttyp":""}},{"type":"Feature","geometry":{"type":"LineString","coordinates":[[-122.56876,42.28810899906084],[-122.56861200000002,42.28816099906084],[-122.567625,42.28812899906084],[-122.56532699999998,42.288232999060845],[-122.56461600000002,42.288517999060836],[-122.564438,42.288543999060835],[-122.56348099999998,42.28840699906083],[-122.56315300000003,42.28844699906083],[-122.56286300000001,42.28873199906084]]},"id":"003c0000000000001f73","properties":{"fullname":"","linearid":"110340519584","mtfcc":"S1400","rttyp":""}},{"type":"Feature","geometry":{"type":"LineString","coordinates":[[-122.582397,42.28252399906085],[-122.58207900000001,42.28293899906086],[-122.58221400000001,42.28364499906085],[-122.58309599999998,42.285067999060836],[-122.58295,42.285389999060854],[-122.58235700000002,42.28559099906085],[-122.58037600000002,42.285527999060854],[-122.57999399999999,42.285663999060844],[-122.57968400000003,42.28613699906085],[-122.579861,42.28640599906085],[-122.58123100000002,42.28707299906084],[-122.581482,42.28741199906084],[-122.58149200000001,42.28758099906084],[-122.5813273457042,42.287873502622425]]},"id":"003c0000000000001f7e","properties":{"fullname":"","linearid":"110340519406","mtfcc":"S1400","rttyp":""}},{"type":"Feature","geometry":{"type":"LineString","coordinates":[[-122.64225399999998,42.27676199906086],[-122.64137899999999,42.27765799906087],[-122.64238200000001,42.279257999060874],[-122.64246400000003,42.279296999060854],[-122.642567,42.27962599906087],[-122.64296099999999,42.27990199906085],[-122.64373500000002,42.28012499906086],[-122.64441669894138,42.28031553075112]]},"id":"003c0000000000001f81","properties":{"fullname":"","linearid":"110340519774","mtfcc":"S1400","rttyp":""}},{"type":"Feature","geometry":{"type":"LineString","coordinates":[[-122.543736,42.058181999061574],[-122.54359500000005,42.05764699906157],[-122.54329599999997,42.05764099906157],[-122.542358,42.057685999061576],[-122.54132500000001,42.05754499906157],[-122.54029300000002,42.05646999906157],[-122.53865399999998,42.05603399906158],[-122.53755100000002,42.05561699906159],[-122.53648800000002,42.05512699906158],[-122.53588900000001,42.054473999061585],[-122.53585100000002,42.05343999906158],[-122.535904,42.05282599906159],[-122.53637200000001,42.0522599990616],[-122.53596200000003,42.051886999061594],[-122.53554800000002,42.05166899906158],[-122.53571499999998,42.05127499906158],[-122.53602600000002,42.0506019990616],[-122.53556300000002,42.0500569990616],[-122.53540900000004,42.04963899906161],[-122.535982,42.0493809990616],[-122.53590200000002,42.04899599906162],[-122.536335,42.0487309990616],[-122.537352,42.0452879990616],[-122.53777400000001,42.04516299906162],[-122.53807600000003,42.04505399906162],[-122.53758,42.04463999906162],[-122.53749,42.04426199906161],[-122.53703300000001,42.04410799906163],[-122.53694300000001,42.04364799906161],[-122.537541,42.043162999061614],[-122.53787500000003,42.043116999061624],[-122.53847800000005,42.04308499906162],[-122.538401,42.04256899906163],[-122.53761800000001,42.04198699906162],[-122.537346,42.04156699906164],[-122.53771399999998,42.04138499906163],[-122.53818800000002,42.04132999906163],[-122.53898900000002,42.04093199906163],[-122.53943,42.04091099906164],[-122.53975100000002,42.04112899906163],[-122.54422099999998,42.042260999061625],[-122.544792,42.04215699906164],[-122.54551600000002,42.04177599906163],[-122.54627200000003,42.04162099906163],[-122.548446,42.041616999061624]]},"id":"003c000000000000079b","properties":{"fullname":"","linearid":"110340523324","mtfcc":"S1500","rttyp":""}},{"type":"Feature","geometry":{"type":"LineString","coordinates":[[-122.498104,42.222839999061044],[-122.498299,42.222945999061054],[-122.49853800000004,42.223616999061036],[-122.498846,42.22390099906104],[-122.49944100000002,42.22441799906105],[-122.49960200000002,42.22490099906105],[-122.49910700000002,42.225443999061035],[-122.49904500000001,42.22572899906104],[-122.49929799999998,42.22620999906102],[-122.49928900000003,42.22660799906104],[-122.49900199999999,42.227403999061025],[-122.499134,42.22772199906103],[-122.499596,42.22810799906103],[-122.49981100000001,42.22818399906103],[-122.50020699999999,42.228098999061025],[-122.50042299999998,42.22794599906102],[-122.50052200000002,42.227324999061025],[-122.50083000000004,42.22690299906103]]},"id":"003c0000000000000a86","properties":{"fullname":"","linearid":"110340523361","mtfcc":"S1500","rttyp":""}},{"type":"Feature","geometry":{"type":"LineString","coordinates":[[-122.61407200000002,42.01566399906172],[-122.61379500000002,42.016558999061715],[-122.61354300000002,42.017315999061715],[-122.61341700000001,42.017567999061704],[-122.61326700000002,42.017783999061706],[-122.613098,42.01795199906171],[-122.61291200000002,42.01809599906169],[-122.61266000000005,42.0182459990617],[-122.61233600000003,42.0183719990617],[-122.61203599999999,42.01844999906171],[-122.61182000000001,42.018473999061705],[-122.61150800000001,42.018486999061714],[-122.610495,42.01851799906171],[-122.61001900000001,42.01853999906171],[-122.609695,42.01857599906171],[-122.60936500000001,42.0186419990617],[-122.60893499999999,42.0187999990617],[-122.609407,42.01851599906171],[-122.61040300000002,42.01796399906169],[-122.61116000000001,42.0175139990617],[-122.611826,42.017045999061715],[-122.612963,42.016229999061714]]},"id":"003c00000000000007d2","properties":{"fullname":"","linearid":"110340523427","mtfcc":"S1630","rttyp":""}},{"type":"Feature","geometry":{"type":"LineString","coordinates":[[-122.473694,42.09467799906145],[-122.47395699999998,42.09473299906145],[-122.47420000000001,42.094659999061456],[-122.474334,42.09468199906146],[-122.47417400000003,42.09505599906146],[-122.474192,42.09527499906146],[-122.47432000000005,42.09564799906145],[-122.47447099999998,42.09581199906145],[-122.474715,42.095914999061456],[-122.475267,42.09577499906145],[-122.47568600000001,42.09548099906146],[-122.47589900000001,42.095408999061455],[-122.476318,42.095367999061445],[-122.476652,42.095464999061456],[-122.47731600000002,42.09540199906146]]},"id":"003c00000000000007a7","properties":{"fullname":"","linearid":"110340524257","mtfcc":"S1710","rttyp":""}},{"type":"Feature","geometry":{"type":"MultiLineString","coordinates":[[[-122.40519111187763,42.25037534951437],[-122.40461799999999,42.24991999906095],[-122.40447100000002,42.249807999060955],[-122.403502,42.24906699906096],[-122.40351300000005,42.24806999906096],[-122.403278,42.24723299906097],[-122.40212300000002,42.246473999060974],[-122.400794,42.24549999906098],[-122.40058450117192,42.2439627055881]],[[-122.38556299277178,42.23508218457746],[-122.384956,42.23467899906102],[-122.384758,42.23368599906101],[-122.38456799999997,42.23303299906102],[-122.38451600000002,42.232098999061016],[-122.384719,42.231482999061],[-122.38491900000001,42.23055399906103],[-122.38502299999999,42.22993499906102],[-122.38509231742307,42.22937671312339]]]},"id":"003c0000000000000aa0","properties":{"fullname":"","linearid":"110340524223","mtfcc":"S1710","rttyp":""}},{"type":"Feature","geometry":{"type":"LineString","coordinates":[[-122.606498,42.2721949990609],[-122.60629300000004,42.27183899906088],[-122.60627700000002,42.271370999060885],[-122.60616700000004,42.27097699906089],[-122.60620299999998,42.270616999060906],[-122.60669800000001,42.270931999060885],[-122.60777300000004,42.27119899906089],[-122.608651,42.2713629990609],[-122.609779,42.27177399906089],[-122.610179,42.2721259990609],[-122.611089,42.271820999060886],[-122.61215100000004,42.27169299906089],[-122.61335499999998,42.27149099906089],[-122.61423099999999,42.271581999060885],[-122.61486500000004,42.2717139990609],[-122.61551000000001,42.27216999906089],[-122.61560100000004,42.271987999060904],[-122.615244,42.27145499906089],[-122.61395699999998,42.27065199906089],[-122.612875,42.27020399906089],[-122.61223699999996,42.2699639990609],[-122.61183799999999,42.269611999060906],[-122.611968,42.26917699906088],[-122.61278200000001,42.268873999060894],[-122.61306000000002,42.2685089990609],[-122.61399900000002,42.2676279990609]]},"id":"003c0000000000001f7c","properties":{"fullname":"","linearid":"110340524487","mtfcc":"S1710","rttyp":""}},{"type":"Feature","geometry":{"type":"LineString","coordinates":[[-122.61399900000002,42.2676279990609],[-122.614664,42.26865899906089],[-122.61504199999999,42.268964999060906],[-122.616602,42.2694149990609],[-122.61730500000002,42.26959599906088],[-122.618232,42.269534999060895],[-122.619045,42.2696229990609],[-122.62063,42.26918799906088],[-122.621793,42.269209999060905],[-122.62313100000004,42.269250999060894],[-122.62440900000001,42.26929799906088],[-122.62528600000005,42.2690629990609],[-122.62579300000002,42.26900499906089],[-122.626189,42.268695999060895],[-122.62653200000001,42.268559999060905],[-122.62718800000003,42.268201999060906],[-122.62699600000003,42.2676879990609],[-122.62726800000004,42.26714399906091],[-122.627482,42.26660099906091],[-122.62729099999999,42.2661299990609],[-122.62692500000003,42.2655979990609],[-122.62682,42.26508199906091],[-122.62653299999998,42.264332999060926],[-122.626255,42.263841999060915],[-122.626558,42.263361999060926],[-122.62715899999999,42.26227199906092],[-122.62806000000002,42.26143599906092],[-122.628644,42.26069099906093],[-122.629644,42.26021999906092],[-122.62946300000004,42.260028999060914],[-122.62914599999999,42.26007799906094],[-122.62874000000001,42.26010699906093],[-122.62847100000002,42.25987499906093],[-122.62786300000003,42.259929999060915],[-122.62699799999999,42.26093799906093],[-122.62608800000001,42.261515999060926],[-122.62550500000002,42.2622819990609],[-122.62511499999998,42.26278499906092],[-122.62465200000003,42.263677999060924],[-122.62413299999999,42.264614999060896],[-122.62389700000003,42.26535299906091],[-122.62374600000001,42.2660459990609],[-122.623111,42.26616599906091],[-122.622385,42.266135999060914],[-122.622036,42.266142999060904],[-122.62183700000001,42.2662539990609],[-122.62109000000004,42.26648399906091],[-122.61970400000001,42.2667039990609],[-122.61924100000003,42.26675599906091],[-122.61868399999997,42.26745699906091],[-122.61805200000003,42.2676409990609],[-122.617213,42.26774299906091],[-122.616227,42.26778299906091],[-122.61531400000005,42.26741199906091],[-122.61450000000002,42.26736299906092],[-122.61399900000002,42.2676279990609]]},"id":"003c0000000000001f80","properties":{"fullname":"","linearid":"110340524486","mtfcc":"S1710","rttyp":""}},{"type":"Feature","geometry":{"type":"LineString","coordinates":[[-122.19269500000003,42.21395899906107],[-122.19256515680625,42.21388656954504]]},"id":"003c00000000000017e0","properties":{"fullname":"","linearid":"1105045505424","mtfcc":"S1740","rttyp":""}},{"type":"Feature","geometry":{"type":"LineString","coordinates":[[-122.20769301708835,42.24499928320346],[-122.20765399999999,42.24500299906097]]},"id":"003c0000000000001831","properties":{"fullname":"","linearid":"1105045448822","mtfcc":"S1740","rttyp":""}},{"type":"Feature","geometry":{"type":"LineString","coordinates":[[-122.576144,42.300676999060805],[-122.57977599999998,42.300890999060805]]},"id":"003c0000000000001f77","properties":{"fullname":"","linearid":"110340524830","mtfcc":"S1740","rttyp":""}},{"type":"Feature","geometry":{"type":"LineString","coordinates":[[-122.15030245078368,42.18486153534167],[-122.15050200000003,42.185007999061156],[-122.15079,42.185199999061155],[-122.15094100000002,42.18529099906115],[-122.15117199999999,42.18540999906115],[-122.15141600000001,42.18551399906116],[-122.15166799999999,42.18560899906115],[-122.15188700000002,42.18568199906116],[-122.15210999999998,42.18574899906116],[-122.152256,42.185787999061155],[-122.15255300000003,42.18585899906116],[-122.15270300000002,42.185888999061156],[-122.152855,42.18591199906117],[-122.15298400000003,42.18592499906115],[-122.15337599999998,42.185940999061145],[-122.15357199999998,42.185964999061156],[-122.153771,42.18600399906116],[-122.153876,42.186033999061145],[-122.153978,42.186068999061156],[-122.15417300000003,42.18615299906116],[-122.15427500000001,42.18620599906116],[-122.15437400000003,42.18626399906117],[-122.15446600000001,42.186325999061154],[-122.154543,42.186389999061156],[-122.154612,42.18645999906116],[-122.154741,42.18660599906116],[-122.15480900000004,42.18667599906116],[-122.154959,42.18678399906115],[-122.155086,42.186924999061155],[-122.15532000000003,42.187126999061135],[-122.15546900000001,42.18726599906116],[-122.155744,42.187568999061156],[-122.15589499999999,42.187723999061156],[-122.156054,42.187875999061156],[-122.156335,42.18811599906117],[-122.156482,42.18823299906114],[-122.15716900000001,42.18874599906115],[-122.15754199999998,42.18907099906113],[-122.158016,42.189449999061154],[-122.15809599999999,42.189525999061146],[-122.15817100000001,42.18960599906114],[-122.15823900000004,42.18968899906115],[-122.15834000000004,42.18984199906115],[-122.15847300000003,42.190013999061144],[-122.15854700000001,42.19009599906114],[-122.15864200000001,42.19018499906114],[-122.15925100000003,42.190709999061134],[-122.159383,42.19082799906115],[-122.15946199999999,42.190906999061134],[-122.15957300000005,42.19102799906113],[-122.15962200000001,42.191090999061146],[-122.159663,42.19116099906114],[-122.15968000000004,42.19120399906114],[-122.159696,42.19129499906112],[-122.15968699999999,42.19138599906115],[-122.15967799999999,42.191435999061135]]},"id":"003c0000000000000e62","properties":{"fullname":"Blm","linearid":"1102381528691","mtfcc":"S1400","rttyp":"M"}},{"type":"Feature","geometry":{"type":"LineString","coordinates":[[-122.156071,42.193558999061146],[-122.15590799999998,42.19330199906113],[-122.15574699999999,42.19308599906114],[-122.15565800000002,42.19297899906115],[-122.15557900000003,42.19286899906114],[-122.15551000000002,42.19275599906115],[-122.15545700000001,42.19264499906112],[-122.15526500000001,42.19217199906114],[-122.15524100000002,42.192124999061136],[-122.15517900000003,42.192034999061136],[-122.15514,42.19199399906114],[-122.154979,42.19187399906114],[-122.154831,42.19174599906114],[-122.15476399999999,42.191677999061135],[-122.15470399999995,42.191606999061136],[-122.154633,42.19148799906114],[-122.15460200000001,42.191453999061146],[-122.15455699999998,42.19142399906114],[-122.15450400000003,42.19139799906113],[-122.15444600000001,42.19137699906114],[-122.15438800000001,42.191363999061146],[-122.15433199999998,42.19135899906113],[-122.15421500000001,42.191366999061124],[-122.154105,42.19138299906114],[-122.15400400000004,42.191412999061136],[-122.15395600000001,42.19143199906113],[-122.153865,42.191477999061135],[-122.15356899999998,42.19166299906113],[-122.15337700000003,42.191794999061145],[-122.153236,42.19190099906115],[-122.152963,42.192117999061146],[-122.15281800000004,42.19221999906113],[-122.15262799999999,42.19234099906113],[-122.15252900000002,42.192396999061124],[-122.15242699999999,42.192448999061135],[-122.15223,42.19252699906114],[-122.15212600000004,42.19255999906115],[-122.15191500000003,42.19261699906114],[-122.151685,42.19266799906113],[-122.15155999999999,42.19269099906115],[-122.15143400000001,42.19270799906114],[-122.151288,42.19271899906113],[-122.151231,42.192727999061134]]},"id":"003c0000000000000e6d","properties":{"fullname":"Blm","linearid":"1102302324870","mtfcc":"S1400","rttyp":"M"}},{"type":"Feature","geometry":{"type":"LineString","coordinates":[[-122.16838400000003,42.191291999061136],[-122.16795400000004,42.191167999061136],[-122.16731100000001,42.19099699906114],[-122.166747,42.190828999061154],[-122.165995,42.19058799906115],[-122.16548,42.190415999061145],[-122.16520500000003,42.19031699906115],[-122.164926,42.19022699906114],[-122.16478200000002,42.19018999906115],[-122.16455400000002,42.190149999061155],[-122.164442,42.19012599906113],[-122.16434500000001,42.19009599906114],[-122.16416,42.19001999906114],[-122.16389000000005,42.189894999061146],[-122.16343400000002,42.189694999061146],[-122.16317100000003,42.189580999061135],[-122.16301600000006,42.189535999061135]]},"id":"003c0000000000000e73","properties":{"fullname":"Blm","linearid":"1102302324819","mtfcc":"S1400","rttyp":"M"}},{"type":"Feature","geometry":{"type":"LineString","coordinates":[[-122.16984500000001,42.18668799906116],[-122.169771,42.18678899906116],[-122.169723,42.186885999061175],[-122.16946600000001,42.18719199906114],[-122.169425,42.18725599906114],[-122.16936,42.18738899906115],[-122.16933700000001,42.18745799906116],[-122.16932100000002,42.187526999061156],[-122.16931099999998,42.18761099906116],[-122.16930799999997,42.187694999061144],[-122.169317,42.18782999906116],[-122.16932800000002,42.18789699906114],[-122.169363,42.18802899906117],[-122.16938500000005,42.188093999061145],[-122.169441,42.18822299906116],[-122.169507,42.18834899906115],[-122.16956899999998,42.18845099906115],[-122.169586,42.188503999061155],[-122.16959800000002,42.18864499906115],[-122.16959500000003,42.18873499906117],[-122.16956799999998,42.18884799906115],[-122.16954499999999,42.18890299906115],[-122.169483,42.18902499906116]]},"id":"003c0000000000000e77","properties":{"fullname":"Blm","linearid":"1102281668907","mtfcc":"S1400","rttyp":"M"}},{"type":"Feature","geometry":{"type":"LineString","coordinates":[[-122.177403,42.19643799906114],[-122.17716800000004,42.19642499906113],[-122.17655100000006,42.196433999061135],[-122.17571699999999,42.19641699906112],[-122.17534400000005,42.19641799906114],[-122.17504900000003,42.19642499906113],[-122.174721,42.19642499906113],[-122.174592,42.19641799906114],[-122.17448600000002,42.19640199906112],[-122.17417600000003,42.19632799906113],[-122.17392400000003,42.19628799906113],[-122.17379600000002,42.19627599906113],[-122.17367199999997,42.19627399906113],[-122.173549,42.19627799906111],[-122.17342700000002,42.19628999906113],[-122.17330700000001,42.196307999061126],[-122.17306899999998,42.19635399906112],[-122.172864,42.196399999061114],[-122.17274899999998,42.19641999906112],[-122.17251700000001,42.19644699906112],[-122.17222599999998,42.19646199906113]]},"id":"003c0000000000000e86","properties":{"fullname":"Blm","linearid":"1102300942183","mtfcc":"S1400","rttyp":"M"}},{"type":"Feature","geometry":{"type":"LineString","coordinates":[[-122.17722,42.19942699906112],[-122.17746000000001,42.1993379990611],[-122.17756800000001,42.199304999061106],[-122.17767800000001,42.19927799906111],[-122.17778799999999,42.19925699906111],[-122.1779,42.19924099906112],[-122.17800199999999,42.19923199906111],[-122.17821000000004,42.19922799906111],[-122.17841600000003,42.1992389990611],[-122.17862400000001,42.19926199906111],[-122.17872699999998,42.19927799906111],[-122.17882800000002,42.19929899906112],[-122.178981,42.19934399906112],[-122.17924799999999,42.19945699906111],[-122.17948700000001,42.19954599906111],[-122.17972900000001,42.199629999061116],[-122.18040000000003,42.1998519990611],[-122.18056400000002,42.19989699906111],[-122.18106800000001,42.20000199906111],[-122.18159600000001,42.20011899906112],[-122.18177299999999,42.20015499906113],[-122.18195200000001,42.20018599906113],[-122.182132,42.20021099906112],[-122.18239300000006,42.20023099906111],[-122.18252200000003,42.20024499906111],[-122.182636,42.200264999061105],[-122.18286000000002,42.20031799906111],[-122.183078,42.200383999061096],[-122.183262,42.2004489990611],[-122.18363700000002,42.20060899906112],[-122.184167,42.20081299906111],[-122.18443599999999,42.20092199906111],[-122.18461800000003,42.20098999906111],[-122.184807,42.201045999061094],[-122.18497400000001,42.20108099906111],[-122.18511599999998,42.201102999061106],[-122.185186,42.20110699906111],[-122.185268,42.20109999906111],[-122.18561199999999,42.20103599906111],[-122.18596799999999,42.20095399906111],[-122.18627300000003,42.200873999061116],[-122.18672500000001,42.20074399906112],[-122.18687800000001,42.20070399906111],[-122.18703200000003,42.200668999061115],[-122.18719000000002,42.20063999906111],[-122.187383,42.2006099990611],[-122.18752900000001,42.20059799906111],[-122.18767699999998,42.20059899906109],[-122.18787600000003,42.200616999061126],[-122.18797200000003,42.200629999061114]]},"id":"003c0000000000000e88","properties":{"fullname":"Blm","linearid":"1102301090962","mtfcc":"S1400","rttyp":"M"}},{"type":"Feature","geometry":{"type":"LineString","coordinates":[[-122.18321900000001,42.20457799906109],[-122.18262000000001,42.20440099906111],[-122.18181700000002,42.2041529990611],[-122.18115999999999,42.203942999061105],[-122.18107100000002,42.20390599906111],[-122.18099200000002,42.20386399906109],[-122.180917,42.20381699906111],[-122.180776,42.2037159990611],[-122.18069900000002,42.20364999906109],[-122.18062699999999,42.203579999061105],[-122.18050300000002,42.203472999061105],[-122.18034700000001,42.2033589990611],[-122.17986699999999,42.20302699906109],[-122.17973400000005,42.2029229990611],[-122.17959600000002,42.2027959990611],[-122.17953000000001,42.202749999061105],[-122.179199,42.20242499906111],[-122.17906899999998,42.20236499906111]]},"id":"003c0000000000000e8a","properties":{"fullname":"Blm","linearid":"1102302326656","mtfcc":"S1400","rttyp":"M"}},{"type":"Feature","geometry":{"type":"LineString","coordinates":[[-122.18250900000001,42.20819999906109],[-122.18247300000002,42.208218999061074],[-122.182432,42.20825299906108],[-122.182282,42.208298999061086],[-122.182213,42.20829499906109],[-122.182147,42.208284999061085],[-122.182083,42.20826999906109],[-122.182024,42.20824799906108],[-122.18190899999998,42.20819599906109],[-122.18183500000004,42.20817399906108],[-122.18168100000001,42.2081449990611],[-122.18144700000003,42.20813299906107],[-122.181316,42.2081169990611],[-122.18092900000002,42.20804599906109],[-122.18060800000002,42.207992999061084],[-122.18044599999999,42.20797199906109],[-122.180288,42.20795999906108],[-122.17997000000001,42.20795099906109],[-122.179663,42.2079539990611],[-122.179516,42.20795899906109],[-122.17926900000002,42.20797499906108],[-122.17902300000002,42.2079989990611],[-122.17885600000001,42.20801999906109],[-122.178596,42.2080609990611],[-122.17848900000001,42.20807799906109],[-122.17828800000001,42.208114999061074],[-122.177701,42.208242999061085],[-122.177593,42.2082629990611],[-122.17738200000001,42.20828799906109],[-122.177275,42.20829299906107],[-122.17711699999998,42.208291999061096],[-122.177079,42.20828799906109]]},"id":"003c0000000000000e8c","properties":{"fullname":"Blm","linearid":"1102302392109","mtfcc":"S1400","rttyp":"M"}},{"type":"Feature","geometry":{"type":"LineString","coordinates":[[-122.16520100000004,42.20817199906108],[-122.16526000000002,42.20828799906109],[-122.165325,42.20838599906107],[-122.16542600000001,42.208658999061086],[-122.165459,42.2087189990611],[-122.165498,42.20876899906108],[-122.16554500000005,42.20881599906108],[-122.16558900000003,42.208846999061095],[-122.16573,42.20893499906109],[-122.165861,42.20903399906109],[-122.165925,42.20909499906108],[-122.16619699999998,42.2094229990611],[-122.16625699999999,42.20948399906107],[-122.16636999999999,42.209573999061085],[-122.16645600000001,42.20962599906109],[-122.16650299999999,42.20964599906108],[-122.16655300000002,42.20966199906109],[-122.16661800000004,42.209674999061086],[-122.166688,42.20968299906107],[-122.166757,42.20968499906108],[-122.16686099999998,42.20967799906107],[-122.16691100000001,42.209669999061084],[-122.16695700000001,42.209656999061075],[-122.16699600000004,42.209639999061096],[-122.16703299999998,42.20961799906108],[-122.16709500000002,42.209563999061096],[-122.16714300000001,42.20950399906108],[-122.16716400000001,42.20946199906108],[-122.16718499999998,42.20936899906107],[-122.16718399999999,42.20926899906108],[-122.16717299999998,42.20921499906109],[-122.16714600000002,42.209128999061065],[-122.16704099999998,42.208933999061074],[-122.16692400000004,42.208770999061095],[-122.16689,42.20870299906108],[-122.16687100000006,42.20863699906109],[-122.16683400000004,42.208371999061086],[-122.16682,42.20815799906108],[-122.16682000000003,42.2079059990611],[-122.16681200000005,42.20773799906108],[-122.16677699999998,42.207472999061096],[-122.16672799999999,42.20727199906109],[-122.166502,42.20664999906109],[-122.16646399999999,42.2065099990611],[-122.16644300000004,42.206388999061105],[-122.166388,42.20599599906108],[-122.16636,42.205843999061095],[-122.166323,42.20569399906111],[-122.16624599999997,42.20546199906109],[-122.166118,42.2051049990611],[-122.16605700000001,42.204888999061104],[-122.166021,42.20478199906112],[-122.16595800000003,42.204646999061104],[-122.165816,42.204380999061094],[-122.16563400000003,42.20392099906111],[-122.16542799999999,42.203347999061094],[-122.16536799999999,42.20322099906108],[-122.165171,42.20283699906111],[-122.16514900000001,42.20276899906111],[-122.165141,42.2027159990611],[-122.16514000000001,42.2026619990611],[-122.16516999999999,42.202583999061105]]},"id":"003c0000000000000e8e","properties":{"fullname":"Blm","linearid":"1102300836069","mtfcc":"S1400","rttyp":"M"}},{"type":"Feature","geometry":{"type":"LineString","coordinates":[[-122.16676499999998,42.20030699906113],[-122.16660800000001,42.20041899906112],[-122.166312,42.20065999906111],[-122.16593200000003,42.2010009990611],[-122.16559400000001,42.20128699906111],[-122.16543899999999,42.20140999906111],[-122.16521800000002,42.20155599906111],[-122.16516700000001,42.20158099906111],[-122.165081,42.20160799906111],[-122.164978,42.20162299906111],[-122.164868,42.20162999906112],[-122.16474500000004,42.2016259990611],[-122.16458399999999,42.20160399906111],[-122.16445400000003,42.201571999061116],[-122.164394,42.2015699990611]]},"id":"003c0000000000000e91","properties":{"fullname":"Blm","linearid":"1102300725562","mtfcc":"S1400","rttyp":"M"}},{"type":"Feature","geometry":{"type":"LineString","coordinates":[[-122.152167,42.19696499906111],[-122.15205,42.19637999906112],[-122.151988,42.19612999906112],[-122.15197200000001,42.19597199906113],[-122.151979,42.19593699906113],[-122.15201000000005,42.19588399906112],[-122.152033,42.19586199906113],[-122.152066,42.195844999061116],[-122.15216700000003,42.19581799906113],[-122.15231800000004,42.19579499906112]]},"id":"003c0000000000000ea4","properties":{"fullname":"Blm","linearid":"1102300945545","mtfcc":"S1400","rttyp":"M"}},{"type":"Feature","geometry":{"type":"LineString","coordinates":[[-122.28147500000003,42.26110799906092],[-122.28138299999998,42.261257999060916],[-122.281061,42.261716999060916],[-122.28103199999998,42.26177199906093],[-122.28101200000006,42.26182899906092],[-122.28100500000001,42.26188199906091],[-122.28101,42.26199099906093],[-122.281022,42.262076999060916],[-122.28104299999998,42.26216299906092],[-122.281101,42.26230399906092],[-122.28117,42.26241499906091],[-122.28121200000001,42.26246699906092],[-122.28134600000006,42.262576999060926],[-122.28157399999999,42.26273699906092],[-122.28164800000003,42.26279399906091],[-122.281768,42.26290899906092],[-122.281822,42.26296999906093],[-122.28186900000001,42.263033999060916],[-122.28194700000002,42.263174999060915],[-122.281991,42.26326799906091],[-122.28202700000003,42.26336299906092],[-122.28204699999998,42.2634419990609],[-122.28208100000003,42.26372299906091],[-122.28210099999998,42.2640889990609],[-122.28217199999999,42.264924999060916],[-122.282284,42.26606399906091],[-122.282315,42.266302999060905],[-122.28232300000003,42.26642199906091],[-122.282321,42.2665919990609],[-122.282312,42.26667699906091],[-122.282296,42.2667599990609],[-122.28224800000001,42.26692399906091],[-122.28220200000001,42.267050999060906],[-122.282149,42.26717599906089],[-122.282072,42.267337999060906],[-122.28202700000003,42.26741699906091],[-122.28197199999998,42.26749799906091],[-122.28179700000001,42.2677079990609],[-122.28175431499383,42.26773864472521]]},"id":"003c00000000000016b8","properties":{"fullname":"Blm","linearid":"1102300104363","mtfcc":"S1400","rttyp":"M"}},{"type":"Feature","geometry":{"type":"LineString","coordinates":[[-122.25066,42.2672749990609],[-122.25112299999999,42.26726599906089],[-122.25288000000002,42.2672359990609],[-122.25366900000006,42.267209999060896],[-122.253932,42.267210999060914],[-122.25454900000003,42.2672469990609],[-122.254821,42.2672549990609],[-122.25536400000001,42.2672639990609],[-122.255635,42.26727599906091],[-122.256582,42.26735299906089],[-122.257433,42.2673859990609],[-122.25765300000003,42.2673849990609],[-122.25787299999999,42.26737699906091],[-122.25831100000005,42.2673539990609],[-122.258685,42.2673429990609],[-122.25914799999997,42.267337999060906],[-122.260013,42.26734699906091],[-122.2601,42.267344999060896],[-122.260187,42.26733699906091],[-122.26034499999999,42.267305999060895],[-122.26045899999998,42.26727299906091],[-122.26056600000003,42.26722799906091],[-122.2607,42.267157999060906],[-122.260997,42.2669859990609],[-122.26128399999999,42.26680399906091],[-122.26218800000002,42.26619799906091],[-122.26241300000001,42.266062999060914],[-122.262651,42.26593599906092],[-122.26297900000003,42.265778999060906],[-122.26306499999998,42.26573999906091],[-122.263331,42.26562999906092],[-122.26350599999999,42.26555299906091],[-122.26367800000001,42.26546699906092],[-122.263847,42.26537699906091],[-122.264175,42.265186999060894],[-122.26451,42.2649779990609],[-122.26472900000003,42.264860999060915],[-122.26479399999998,42.2648179990609],[-122.26484899999998,42.2647679990609],[-122.264896,42.264713999060916],[-122.26502400000003,42.26454199906091],[-122.26514500000002,42.26439499906091],[-122.26519999999998,42.26431999906091],[-122.26525399999998,42.2642219990609],[-122.26534900000003,42.2640219990609],[-122.265444,42.26385899906092],[-122.26549300000002,42.26382199906091]]},"id":"003c00000000000016bd","properties":{"fullname":"Blm","linearid":"1102288917150","mtfcc":"S1400","rttyp":"M"}},{"type":"Feature","geometry":{"type":"LineString","coordinates":[[-122.26856300000001,42.266354999060916],[-122.268525,42.26619899906091],[-122.268488,42.26611799906091],[-122.26838400000003,42.26593099906091],[-122.26831299999999,42.265825999060915],[-122.26823999999999,42.26573599906091],[-122.26796900000001,42.26543999906092],[-122.26780700000003,42.265215999060906],[-122.267711,42.265117999060905],[-122.26760700000003,42.265022999060896],[-122.26750900000003,42.264924999060916],[-122.26743400000001,42.26484099906091],[-122.267404,42.264795999060915],[-122.26737099999998,42.26470799906092],[-122.267363,42.26466299906091],[-122.267363,42.26461099906091],[-122.26737099999998,42.26455799906091],[-122.26738899999998,42.26450699906091],[-122.26741100000002,42.26447099906092],[-122.26753400000003,42.264346999060905],[-122.267669,42.264235999060915],[-122.26767200000003,42.26411399906092],[-122.26766799999999,42.26406999906091],[-122.26767600000005,42.264028999060926],[-122.26769399999999,42.26399499906093],[-122.267768,42.26391299906091],[-122.26786200000002,42.263824999060915],[-122.26796500000005,42.263741999060926],[-122.268026,42.26368299906093],[-122.268074,42.2636129990609],[-122.26814800000004,42.26347899906092],[-122.26828500000002,42.26316999906091],[-122.26838000000004,42.262925999060926],[-122.26841400000002,42.262800999060914],[-122.26843700000003,42.26267899906091],[-122.26844700000002,42.26255299906091],[-122.26847700000003,42.262431999060915],[-122.26850299999998,42.26237399906093],[-122.26853700000002,42.262317999060926],[-122.26856799999999,42.2622769990609],[-122.26865600000001,42.26218999906091],[-122.268714,42.26214699906092],[-122.26881,42.262088999060914],[-122.26892200000002,42.26204099906092],[-122.26914500000001,42.26195499906093],[-122.269558,42.26181899906092],[-122.26961000000001,42.261796999060934],[-122.26965500000001,42.261769999060924],[-122.26972400000001,42.26171499906093]]},"id":"003c00000000000016bf","properties":{"fullname":"Blm","linearid":"1102300113383","mtfcc":"S1400","rttyp":"M"}},{"type":"Feature","geometry":{"type":"LineString","coordinates":[[-122.27382500000002,42.26120099906091],[-122.27372100000001,42.26131899906093],[-122.27337500000002,42.261605999060926],[-122.27329399999999,42.26168599906091],[-122.27326599999999,42.261727999060916],[-122.273223,42.26181799906092],[-122.27317900000003,42.261955999060916],[-122.27314100000001,42.26200999906091],[-122.27300600000001,42.26215399906092],[-122.27278400000002,42.26235799906092],[-122.272702,42.262443999060906],[-122.27263800000003,42.26251999906092],[-122.27258,42.26259899906093],[-122.272527,42.2626899990609],[-122.27240799999998,42.26294999906092],[-122.27219800000002,42.263481999060915],[-122.27216400000003,42.26362099906092],[-122.272149,42.26379599906091],[-122.27211000000003,42.263959999060916],[-122.27205600000002,42.26409499906091],[-122.271996,42.264193999060915],[-122.271969,42.26422799906091],[-122.27180900000003,42.264395999060916],[-122.27168099999999,42.26451299906092],[-122.271589,42.2645869990609],[-122.27145400000002,42.26468999906091]]},"id":"003c00000000000016c3","properties":{"fullname":"Blm","linearid":"1102300107491","mtfcc":"S1400","rttyp":"M"}},{"type":"Feature","geometry":{"type":"LineString","coordinates":[[-122.26727200000003,42.26025199906093],[-122.267221,42.26074099906092],[-122.267195,42.26093599906093],[-122.26711899999997,42.26133299906092],[-122.26699199999999,42.26212699906091],[-122.266936,42.262421999060926],[-122.266874,42.26266899906092],[-122.266775,42.26296799906092],[-122.26665700000001,42.26329699906092],[-122.26659700000003,42.2634899990609],[-122.26657600000003,42.263586999060934],[-122.26656000000001,42.263714999060916],[-122.266563,42.263778999060904],[-122.26657999999999,42.263846999060924],[-122.26660700000002,42.26391599906092],[-122.26663500000004,42.2639619990609]]},"id":"003c00000000000016c6","properties":{"fullname":"Blm","linearid":"1102286111087","mtfcc":"S1400","rttyp":"M"}},{"type":"Feature","geometry":{"type":"LineString","coordinates":[[-122.16859368558912,42.23960795915767],[-122.16861100000001,42.23961399906099]]},"id":"003c00000000000017a6","properties":{"fullname":"Blm","linearid":"1102304555458","mtfcc":"S1400","rttyp":"M"}},{"type":"Feature","geometry":{"type":"LineString","coordinates":[[-122.17152200000005,42.23739199906099],[-122.17155200000002,42.237457999060986],[-122.171747,42.23784099906099],[-122.171902,42.23818199906099],[-122.17207199999999,42.23850399906099],[-122.172172,42.238708999061004],[-122.17224500000003,42.238842999061],[-122.172497,42.239234999061004],[-122.17261399999998,42.239441999060986],[-122.17271800000002,42.23966099906099],[-122.17279599999999,42.239803999060975],[-122.17291900000005,42.23998699906097],[-122.173047,42.240138999060974],[-122.17310900000001,42.24020099906098],[-122.17317900000006,42.24025799906098],[-122.17324800000003,42.24029999906099],[-122.17387699999998,42.240616999061],[-122.174349,42.24086599906098],[-122.17471800000001,42.24104499906097],[-122.17478899999999,42.24107999906097],[-122.175266,42.241320999060974],[-122.17535900000003,42.24135799906097],[-122.17558000000001,42.24141599906098],[-122.17563300000002,42.241441999060974],[-122.175777,42.24154099906099]]},"id":"003c00000000000017a9","properties":{"fullname":"Blm","linearid":"1102304365175","mtfcc":"S1400","rttyp":"M"}},{"type":"Feature","geometry":{"type":"LineString","coordinates":[[-122.17546019734135,42.24258929334887],[-122.175476,42.24255199906098],[-122.175507,42.24249499906099],[-122.175545,42.24243999906097],[-122.175734,42.24224399906096],[-122.17575499999997,42.24221399906097],[-122.17576700000001,42.24218199906097],[-122.17577300000004,42.24214799906099],[-122.17577,42.24208499906098],[-122.175777,42.24154099906099]]},"id":"003c00000000000017b3","properties":{"fullname":"Blm","linearid":"1102314649938","mtfcc":"S1400","rttyp":"M"}},{"type":"Feature","geometry":{"type":"LineString","coordinates":[[-122.17775600000002,42.23924099906097],[-122.17754500000002,42.239328999060994],[-122.17738799999998,42.23939999906099],[-122.177237,42.239476999061],[-122.17711100000001,42.23954899906098],[-122.176872,42.23970499906099],[-122.17665999999998,42.239867999061005],[-122.176562,42.23995399906098],[-122.17647099999999,42.240044999060984],[-122.17639000000001,42.240138999060974],[-122.176317,42.24023699906099],[-122.176187,42.24043999906098],[-122.17612400000003,42.240553999060985],[-122.17606899999998,42.24067099906099],[-122.17597300000001,42.24090799906098],[-122.175892,42.241130999061],[-122.175796,42.241445999061],[-122.175777,42.24154099906099]]},"id":"003c00000000000017b5","properties":{"fullname":"Blm","linearid":"1102282226381","mtfcc":"S1400","rttyp":"M"}},{"type":"Feature","geometry":{"type":"LineString","coordinates":[[-122.178557,42.24155399906098],[-122.17842200000003,42.24154099906099],[-122.17810200000001,42.24152999906098],[-122.17784600000002,42.241534999060995],[-122.17736200000003,42.24157699906096],[-122.17698799999998,42.24161599906098],[-122.17665699999999,42.241634999060985],[-122.176512,42.24163599906097],[-122.17629300000003,42.241624999060974],[-122.17606500000002,42.24159899906099],[-122.17591500000003,42.24157199906098],[-122.175777,42.24154099906099]]},"id":"003c00000000000017b7","properties":{"fullname":"Blm","linearid":"1102314649939","mtfcc":"S1400","rttyp":"M"}},{"type":"Feature","geometry":{"type":"LineString","coordinates":[[-122.17761300000004,42.234671999061],[-122.177802,42.234690999061],[-122.17808400000001,42.234736999061],[-122.178373,42.23476399906099],[-122.178562,42.23479399906101],[-122.178745,42.234845999061],[-122.178832,42.23488099906101],[-122.178898,42.234912999061],[-122.17899200000002,42.234967999061],[-122.17920099999998,42.23509399906099],[-122.17928,42.23518099906101],[-122.17943400000001,42.23537699906099],[-122.179508,42.235485999061],[-122.17964,42.235733999061],[-122.17971599999998,42.235843999061004],[-122.179802,42.235949999061006],[-122.17985899999996,42.236030999060986],[-122.179991,42.23621199906099],[-122.18013400000001,42.236445999061],[-122.18022500000004,42.23661899906101],[-122.18038000000001,42.23697199906101],[-122.180507,42.237292999061],[-122.18062000000002,42.23756199906099],[-122.180681,42.23769499906099],[-122.180802,42.23791599906099],[-122.18095100000001,42.23814699906098],[-122.18129999999998,42.23863599906098],[-122.181432,42.238807999060995],[-122.18168800000002,42.239117999060994],[-122.18176999999999,42.239237999061],[-122.181991,42.23960499906098],[-122.18238899999999,42.24019599906099],[-122.182544,42.24044899906098],[-122.18260900000004,42.24058499906099],[-122.18266500000001,42.24072399906099],[-122.182714,42.240863999060984],[-122.182834,42.24130599906098],[-122.18287300000001,42.24143099906098],[-122.182918,42.24155499906097],[-122.18297,42.24167699906098],[-122.183028,42.24179699906098],[-122.183092,42.24191599906098],[-122.183156,42.24202099906099],[-122.183221,42.24212199906097],[-122.18346527936167,42.242579017967785]]},"id":"003c00000000000017bb","properties":{"fullname":"Blm","linearid":"1102314546365","mtfcc":"S1400","rttyp":"M"}},{"type":"Feature","geometry":{"type":"LineString","coordinates":[[-122.19816099999998,42.235882999061005],[-122.198307,42.23598899906099],[-122.19865300000002,42.236311999061],[-122.19879400000005,42.236435999061],[-122.19894099999999,42.23655599906101],[-122.199073,42.236653999061005],[-122.19988000000002,42.237217999060995],[-122.200501,42.23761999906099],[-122.20061899999999,42.23769199906099],[-122.20074300000005,42.23775699906098],[-122.20086400000004,42.237811999060995],[-122.20119600000001,42.23793599906099],[-122.201441,42.238013999060996],[-122.201607,42.238059999060994],[-122.20177000000001,42.238098999060995],[-122.20193700000003,42.238133999061],[-122.20227299999999,42.238189999060985],[-122.20254300000003,42.23822699906099],[-122.20309700000004,42.238282999061006],[-122.2036,42.238325999061004],[-122.203852,42.23833899906099],[-122.20414700000002,42.23834399906099],[-122.20474499999999,42.23834299906099],[-122.20504700000001,42.23833899906099],[-122.20535000000001,42.238328999061],[-122.205911,42.238292999060995],[-122.206635,42.238238999061004],[-122.20707800000002,42.23820099906099],[-122.20785599999998,42.238108999061005],[-122.208595,42.23801199906099],[-122.20883699999999,42.237975999061]]},"id":"003c00000000000017bf","properties":{"fullname":"Blm","linearid":"1102314864428","mtfcc":"S1400","rttyp":"M"}},{"type":"Feature","geometry":{"type":"LineString","coordinates":[[-122.18739000000002,42.23447799906101],[-122.187096,42.234446999061],[-122.18647499999999,42.23444099906099],[-122.18627400000001,42.234434999061],[-122.186074,42.234423999061],[-122.18589299999998,42.234407999061006],[-122.185713,42.234385999061004],[-122.18537300000001,42.23432199906101],[-122.185183,42.234281999061004],[-122.18480600000001,42.23419099906101],[-122.18461999999998,42.23413999906101],[-122.18433600000003,42.23404899906101],[-122.18403500000004,42.23394099906101],[-122.18389599999996,42.233894999061],[-122.18347600000001,42.23376699906102],[-122.18328999999999,42.233717999061014],[-122.182754,42.233585999061006],[-122.182441,42.233501999061005],[-122.18237800000003,42.233487999061026]]},"id":"003c00000000000017c2","properties":{"fullname":"Blm","linearid":"1102282314920","mtfcc":"S1400","rttyp":"M"}},{"type":"Feature","geometry":{"type":"LineString","coordinates":[[-122.193182,42.23128499906101],[-122.19312200000002,42.23125899906103],[-122.19297,42.23118099906101],[-122.19281300000002,42.231106999061026],[-122.192371,42.230922999061015],[-122.192289,42.23088399906102],[-122.19214500000004,42.23078999906102],[-122.19183800000002,42.23055999906101],[-122.191645,42.23045399906102],[-122.191569,42.23039499906103],[-122.19150100000002,42.23032999906102],[-122.191427,42.23016799906101]]},"id":"003c00000000000017c4","properties":{"fullname":"Blm","linearid":"1102282462598","mtfcc":"S1400","rttyp":"M"}},{"type":"Feature","geometry":{"type":"LineString","coordinates":[[-122.17675600000001,42.22414799906103],[-122.17689200000001,42.22415799906105],[-122.176941,42.22415699906103],[-122.17698799999998,42.22414799906103],[-122.17705200000003,42.22412199906105],[-122.17712600000002,42.224060999061024],[-122.17716700000003,42.22402199906104],[-122.177326,42.223908999061024],[-122.17746499999998,42.22382099906104],[-122.177638,42.22371999906104],[-122.17772899999999,42.22367499906105],[-122.177823,42.22363499906104],[-122.17792699999998,42.223598999061046],[-122.17803400000003,42.223567999061046],[-122.17814400000002,42.22354499906105],[-122.17828200000001,42.22352399906103],[-122.17835300000002,42.22351799906104],[-122.17842300000004,42.223516999061026],[-122.17849300000003,42.22352199906105],[-122.178577,42.22353699906105],[-122.178782,42.22359299906104],[-122.17890200000002,42.22363199906105],[-122.179019,42.223676999061034],[-122.17913100000001,42.22372599906103],[-122.179239,42.223781999061025],[-122.17975400000003,42.22407599906103],[-122.18081700000003,42.22464799906104],[-122.18105200000002,42.22478999906103],[-122.18119600000003,42.224886999061034],[-122.18133500000002,42.224987999061035],[-122.181537,42.22514399906104],[-122.18182100000003,42.22538099906103],[-122.18192000000005,42.22547799906103],[-122.18203900000003,42.22561499906103],[-122.182093,42.22568699906103],[-122.182186,42.22583499906102],[-122.182223,42.225910999061036],[-122.18225700000002,42.22600499906103],[-122.182358,42.22635099906103],[-122.18241300000004,42.22650399906102],[-122.18248200000001,42.226654999061026],[-122.18255999999998,42.22680299906103],[-122.18266500000001,42.226965999061015],[-122.18271100000001,42.227048999061026],[-122.182753,42.22714899906103],[-122.18278600000001,42.22725199906104],[-122.182814,42.227385999061035],[-122.18284799999999,42.22747399906103],[-122.18308100000003,42.22793099906102],[-122.18313100000002,42.228054999061015],[-122.18317700000006,42.228205999061025],[-122.183184,42.22827699906102],[-122.183172,42.22842099906102],[-122.18310500000003,42.22861999906101],[-122.18308300000004,42.228668999061014]]},"id":"003c00000000000017c8","properties":{"fullname":"Blm","linearid":"1102314689295","mtfcc":"S1400","rttyp":"M"}},{"type":"Feature","geometry":{"type":"LineString","coordinates":[[-122.17607000000001,42.22642299906103],[-122.175995,42.22638099906105],[-122.175951,42.22634699906103],[-122.1759,42.22629199906104],[-122.175869,42.226236999061044],[-122.175848,42.226164999061034],[-122.17585199999999,42.226085999061034],[-122.175863,42.226047999061024],[-122.175923,42.22596099906103],[-122.176061,42.225884999061016]]},"id":"003c00000000000017d3","properties":{"fullname":"Blm","linearid":"1102284012399","mtfcc":"S1400","rttyp":"M"}},{"type":"Feature","geometry":{"type":"LineString","coordinates":[[-122.187777,42.220122999061054],[-122.18738200000001,42.21991899906106],[-122.187243,42.219840999061056],[-122.18711200000001,42.21976099906104],[-122.18611200000001,42.21910899906106],[-122.18594999999998,42.21900699906106],[-122.18568299999998,42.21885399906106],[-122.185544,42.218782999061055],[-122.18531400000003,42.21868099906105],[-122.18504600000001,42.218583999061046],[-122.184897,42.218541999061046],[-122.18459500000002,42.218465999061046],[-122.18431200000003,42.218372999061046],[-122.18417700000003,42.21831899906107],[-122.18407900000001,42.21826999906105],[-122.18398500000004,42.21821699906105],[-122.18361399999999,42.21798999906106],[-122.18343099999998,42.217869999061044],[-122.18325300000005,42.21774499906106],[-122.18300000000004,42.217548999061044],[-122.182752,42.217342999061046],[-122.18234300000002,42.216981999061076],[-122.182048,42.216711999061076],[-122.181991,42.21664999906107],[-122.18194400000003,42.216574999061066],[-122.18190599999998,42.21649499906106],[-122.18186300000005,42.21641799906105],[-122.18176399999999,42.21627999906106],[-122.181706,42.21621499906106],[-122.18163799999999,42.21615099906106],[-122.18156300000003,42.21609099906107],[-122.181401,42.21598199906106],[-122.18130300000001,42.21592699906107],[-122.18119999999999,42.21587799906106],[-122.181093,42.21583299906107],[-122.18079100000003,42.21571599906108],[-122.180364,42.21557099906106],[-122.18026900000001,42.21554299906106],[-122.179979,42.21546999906107],[-122.17939200000002,42.21534099906105],[-122.179199,42.21529199906106],[-122.17867799999999,42.21513399906107],[-122.17835900000003,42.21502999906105],[-122.17804399999999,42.214920999061064],[-122.17773200000002,42.214806999061075],[-122.177464,42.21470199906107],[-122.1772,42.214592999061075],[-122.176971,42.21449199906107],[-122.17674500000001,42.21438699906106],[-122.17652399999997,42.21427699906107],[-122.17630700000001,42.21416199906106],[-122.176055,42.21402099906106],[-122.17593299999999,42.21394699906107],[-122.17572599999998,42.213803999061064],[-122.17555500000005,42.21366499906108],[-122.175476,42.21359199906106],[-122.17540300000003,42.213515999061066],[-122.17533299999998,42.213427999061075],[-122.175212,42.21324199906108],[-122.175145,42.21315299906108],[-122.17498800000001,42.21298099906106],[-122.17490400000001,42.21289799906108],[-122.174722,42.21273999906107],[-122.17456200000001,42.21262499906108],[-122.17436500000002,42.212508999061065],[-122.17423599999996,42.21242799906108],[-122.17411500000004,42.21233999906107],[-122.173999,42.212246999061065],[-122.173518,42.211842999061076],[-122.17258400000003,42.21102899906107],[-122.172473,42.21094899906107]]},"id":"003c00000000000017db","properties":{"fullname":"Blm","linearid":"1102302120372","mtfcc":"S1400","rttyp":"M"}},{"type":"Feature","geometry":{"type":"LineString","coordinates":[[-122.18948081107753,42.21322812046062],[-122.18911200000001,42.21332399906107],[-122.18882300000001,42.21341099906108],[-122.18862900000003,42.21346199906106],[-122.18853,42.21347799906107],[-122.188351,42.213493999061065],[-122.18826000000003,42.21349799906107],[-122.18816899999999,42.21349599906107],[-122.18808000000003,42.21348899906107],[-122.18798800000002,42.21347299906106],[-122.187804,42.21343099906105],[-122.18741700000002,42.21336499906108],[-122.18732400000002,42.21334299906107],[-122.187162,42.21328599906107],[-122.18709000000003,42.21325499906108],[-122.186955,42.21318299906107],[-122.18689599999998,42.21314199906106],[-122.186844,42.21309899906105],[-122.18675199999998,42.21300299906108],[-122.186714,42.21295099906107],[-122.18666600000003,42.21286799906108],[-122.18663500000004,42.21277299906107],[-122.186591,42.212673999061074],[-122.186513,42.21256799906107],[-122.18639400000002,42.21243099906107],[-122.18633899999999,42.21236099906108],[-122.185903,42.21171399906109],[-122.185673,42.21133399906108],[-122.18533400000001,42.21072299906109],[-122.18529199999999,42.210660999061076]]},"id":"003c00000000000017de","properties":{"fullname":"Blm","linearid":"1102302121790","mtfcc":"S1400","rttyp":"M"}},{"type":"Feature","geometry":{"type":"LineString","coordinates":[[-122.19269500000003,42.21395899906107],[-122.192804,42.21400199906107],[-122.192935,42.21406999906107],[-122.19300500000001,42.21409599906106],[-122.193268,42.21414299906106],[-122.19337300000001,42.21417099906107],[-122.19364999999999,42.21426599906106],[-122.19378699999997,42.21432899906107],[-122.19387100000004,42.21440299906105],[-122.19396900000002,42.21453399906109],[-122.19433700000006,42.214928999061065],[-122.19454600000002,42.21512199906107],[-122.194661,42.21519599906106],[-122.19473700000006,42.21522199906105],[-122.195455,42.21540599906107],[-122.19570199999998,42.215456999061075],[-122.19582800000002,42.21547399906106],[-122.195919,42.21549599906107]]},"id":"003c00000000000017e2","properties":{"fullname":"Blm","linearid":"1102302170164","mtfcc":"S1400","rttyp":"M"}},{"type":"Feature","geometry":{"type":"LineString","coordinates":[[-122.199375,42.21640299906106],[-122.19942499999999,42.21648699906107],[-122.199498,42.216629999061055],[-122.19954200000001,42.21671499906107],[-122.19966000000001,42.21692099906106],[-122.200011,42.217484999061064],[-122.20010399999998,42.21761999906105],[-122.20021100000002,42.21774799906107],[-122.20032100000006,42.217848999061054],[-122.20047799999999,42.21796499906105],[-122.200577,42.218025999061055],[-122.20078500000001,42.218136999061045],[-122.20095599999999,42.21821699906105],[-122.20113300000001,42.218289999061064],[-122.201669,42.21849499906105],[-122.201763,42.21853599906106],[-122.20203600000004,42.21866999906106],[-122.20230600000004,42.21882199906106],[-122.20243200000003,42.21890599906105],[-122.202633,42.219070999061046],[-122.20286899999998,42.21929199906105],[-122.203134,42.21957099906106],[-122.20325700000001,42.21970799906105]]},"id":"003c00000000000017e7","properties":{"fullname":"Blm","linearid":"1102304382498","mtfcc":"S1400","rttyp":"M"}},{"type":"Feature","geometry":{"type":"LineString","coordinates":[[-122.20370400000002,42.21671999906106],[-122.203725,42.21685599906105],[-122.20376500000003,42.21732999906104],[-122.20377200000001,42.21753599906106],[-122.20376800000003,42.217842999061055],[-122.20377400000002,42.217995999061046],[-122.20381700000002,42.21851899906106],[-122.20381700000002,42.21864199906107],[-122.20379700000001,42.21882699906105],[-122.20377600000003,42.21891799906106],[-122.20374500000001,42.21900299906107],[-122.20366399999999,42.21916899906105],[-122.20360500000001,42.219270999061045],[-122.20346599999999,42.21946999906106],[-122.20325700000001,42.21970799906105]]},"id":"003c00000000000017e8","properties":{"fullname":"Blm","linearid":"1102314691541","mtfcc":"S1400","rttyp":"M"}},{"type":"Feature","geometry":{"type":"LineString","coordinates":[[-122.20325700000001,42.21970799906105],[-122.203459,42.21993299906105],[-122.20354199999997,42.22001499906104],[-122.20361899999999,42.22009999906105],[-122.20368800000001,42.22018699906105],[-122.20381,42.220365999061045],[-122.203886,42.220502999061054],[-122.20402499999999,42.220780999061056],[-122.204297,42.221242999061054],[-122.20442300000003,42.221490999061054],[-122.204491,42.221581999061044],[-122.204533,42.221622999061054],[-122.20465200000001,42.221710999061045],[-122.20471800000001,42.22175099906104],[-122.20482800000002,42.221804999061035],[-122.204959,42.221850999061054],[-122.20510300000004,42.22189599906105],[-122.20537900000001,42.22196499906105],[-122.20548399999998,42.22200099906104],[-122.20553799999998,42.22202599906103],[-122.205692,42.222109999061054],[-122.206136,42.22237099906105],[-122.20629100000002,42.222455999061054]]},"id":"003c00000000000017ea","properties":{"fullname":"Blm","linearid":"1102314691540","mtfcc":"S1400","rttyp":"M"}},{"type":"Feature","geometry":{"type":"LineString","coordinates":[[-122.20728200000002,42.21952299906105],[-122.207494,42.21955799906105],[-122.20762400000002,42.21956499906105],[-122.20775500000003,42.21956599906107],[-122.20786700000002,42.21955899906104],[-122.20815200000006,42.21952599906104],[-122.20833700000004,42.219497999061055],[-122.20853499999998,42.21947799906104],[-122.208762,42.219469999061054],[-122.20891299999998,42.21947099906105],[-122.20928,42.219494999061055],[-122.20944999999999,42.219493999061044],[-122.20962100000004,42.21948299906105],[-122.20970399999999,42.21947099906105],[-122.20978500000002,42.21945299906106],[-122.20986100000002,42.21942899906104],[-122.21008400000001,42.21934299906105],[-122.21051200000002,42.21915399906105],[-122.21079899999998,42.21904699906107],[-122.21091599999998,42.219008999061046],[-122.21103599999998,42.21897699906105],[-122.21115300000004,42.21895599906106],[-122.211271,42.21894199906106],[-122.21147000000002,42.21892499906105],[-122.211973,42.218916999061044],[-122.21228300000003,42.21891799906106],[-122.21249,42.21891199906105],[-122.212806,42.21888299906105],[-122.21332000000001,42.218824999061056],[-122.21350900000002,42.21881299906105],[-122.21383600000003,42.218802999061054],[-122.21455999999999,42.21880599906106],[-122.21479400000001,42.21881599906105],[-122.215193,42.21885599906106],[-122.21559900000001,42.21888499906106],[-122.21647699999997,42.21893399906106],[-122.217014,42.21895699906106],[-122.21724100000002,42.21897499906107],[-122.217468,42.21899999906107],[-122.21768299999995,42.219032999061056],[-122.217792,42.21904499906107],[-122.21788800000003,42.21904699906107],[-122.21798500000003,42.21904399906104],[-122.21808199999998,42.21904699906107],[-122.21828599999999,42.219079999061044],[-122.21847699999996,42.219132999061046],[-122.21888099999998,42.219230999061054],[-122.21905,42.21927799906106],[-122.21924000000003,42.21934099906105],[-122.219362,42.21938799906104],[-122.21949399999998,42.219445999061044],[-122.21962200000002,42.219508999061055],[-122.21973299999999,42.21957199906104]]},"id":"003c00000000000017ed","properties":{"fullname":"Blm","linearid":"1102314831495","mtfcc":"S1400","rttyp":"M"}},{"type":"Feature","geometry":{"type":"LineString","coordinates":[[-122.21618600000001,42.222171999061054],[-122.21630800000001,42.222057999061036],[-122.21639400000002,42.221991999061046],[-122.21647300000001,42.221922999061036],[-122.21654500000001,42.22184999906105],[-122.216654,42.22170699906104],[-122.21683500000003,42.22144899906104],[-122.216883,42.22138999906103],[-122.216937,42.22133499906105],[-122.21699800000002,42.22128399906104],[-122.21713300000002,42.22118999906103],[-122.217212,42.22115099906105],[-122.21738400000002,42.221084999061055],[-122.217464,42.221045999061054],[-122.217591,42.22096599906105],[-122.217648,42.22092199906106],[-122.21769800000004,42.220872999061044],[-122.21773400000002,42.22082199906105],[-122.217798,42.22071599906106],[-122.21783600000002,42.22067299906104],[-122.21792400000001,42.220593999061045],[-122.217972,42.220557999061036],[-122.21807899999999,42.22049199906106],[-122.21819400000001,42.22043599906105],[-122.21829800000002,42.22039499906106],[-122.21843300000002,42.22035299906105],[-122.21851400000001,42.22031599906105],[-122.21858900000002,42.22027399906106],[-122.21880599999999,42.22013799906105],[-122.219323,42.21983899906105],[-122.21967100000003,42.21962099906106],[-122.21973299999999,42.21957199906104]]},"id":"003c00000000000017f0","properties":{"fullname":"Blm","linearid":"1102314831494","mtfcc":"S1400","rttyp":"M"}},{"type":"Feature","geometry":{"type":"LineString","coordinates":[[-122.20629700000002,42.22257499906104],[-122.20650100000002,42.22262199906105],[-122.20662000000003,42.222642999061044],[-122.206735,42.22266999906105],[-122.206846,42.222702999061035],[-122.20698,42.222750999061034],[-122.20711,42.222807999061054],[-122.20717100000002,42.22284099906104],[-122.20722700000003,42.222876999061036],[-122.20727900000001,42.22291799906104],[-122.20734299999998,42.22297799906104],[-122.207397,42.22304299906105],[-122.20742900000002,42.223096999061035],[-122.207451,42.22315399906106],[-122.207508,42.22338799906103],[-122.20754200000003,42.22368299906104],[-122.20756300000001,42.22379899906103],[-122.20758800000002,42.223892999061036],[-122.20765,42.22407899906104],[-122.20769600000003,42.22417299906105],[-122.207809,42.22435499906104],[-122.20792400000002,42.22450099906104],[-122.20805800000001,42.22463899906104],[-122.20813199999999,42.224703999061035],[-122.208211,42.22476499906104],[-122.20835200000003,42.22486099906104],[-122.20842800000003,42.22490299906103],[-122.208512,42.22493999906103],[-122.20860200000003,42.22497099906103],[-122.20886100000003,42.225043999061036],[-122.209085,42.22509599906104],[-122.20923700000002,42.22512499906104],[-122.20961100000002,42.22518299906104],[-122.20972200000003,42.22519199906102],[-122.20983,42.225192999061036],[-122.21011100000004,42.22517499906104],[-122.21036899999999,42.22514299906104],[-122.210745,42.22507899906104],[-122.21082499999999,42.22506099906103]]},"id":"003c00000000000017f2","properties":{"fullname":"Blm","linearid":"1102301835563","mtfcc":"S1400","rttyp":"M"}},{"type":"Feature","geometry":{"type":"LineString","coordinates":[[-122.20112100000001,42.22943499906102],[-122.20068899999998,42.229336999061026],[-122.20052300000002,42.229306999061016],[-122.20027000000003,42.22924799906102],[-122.20000200000001,42.22916799906103],[-122.19982399999998,42.22912499906102],[-122.199284,42.22901199906103],[-122.19910799999997,42.228963999061015],[-122.19901100000001,42.228932999061016],[-122.19853600000005,42.22875599906102],[-122.19823400000003,42.22863799906103],[-122.19776800000001,42.22843199906101],[-122.19753900000002,42.22832399906103],[-122.19727800000001,42.22819499906101],[-122.19714500000002,42.228133999061015],[-122.19698700000001,42.22806999906103],[-122.196826,42.22801099906104],[-122.19647700000002,42.227896999061024],[-122.19609800000002,42.227793999061035],[-122.19591300000003,42.22773599906103],[-122.19568500000001,42.227657999061016],[-122.195616,42.227624999061035],[-122.195558,42.22758899906103],[-122.19545299999999,42.227505999061016],[-122.195385,42.22743399906103],[-122.195364,42.22740499906102],[-122.195331,42.22734499906102],[-122.195242,42.22715799906103],[-122.194877,42.226614999061034],[-122.19480000000003,42.22649199906104],[-122.19473,42.226366999061035],[-122.19466299999999,42.22618099906102],[-122.19464199999999,42.226136999061026],[-122.19461100000002,42.22609499906103],[-122.19457499999999,42.22605599906101],[-122.19453300000002,42.22601899906104],[-122.194485,42.225985999061024],[-122.19444300000002,42.22596399906102],[-122.19439800000002,42.22594599906105],[-122.19434600000001,42.22593699906103],[-122.19407300000003,42.22576099906104],[-122.19397000000001,42.22568899906103],[-122.19391700000003,42.22565199906103],[-122.19375300000004,42.22555499906102],[-122.19366699999998,42.225510999061036],[-122.193487,42.225432999061034],[-122.19339399999997,42.22539799906103],[-122.19320600000002,42.22533799906104],[-122.19301400000005,42.225292999061026],[-122.192902,42.22527899906102],[-122.1928166404726,42.22527551507649]]},"id":"003c00000000000017f4","properties":{"fullname":"Blm","linearid":"1102281675766","mtfcc":"S1400","rttyp":"M"}},{"type":"Feature","geometry":{"type":"LineString","coordinates":[[-122.21247999999999,42.231498999061],[-122.212283,42.23124499906102],[-122.212253,42.23121699906102],[-122.21215699999999,42.23110799906102],[-122.21206700000003,42.230995999061015],[-122.211973,42.23086099906102],[-122.21180500000001,42.230583999061025],[-122.21165300000003,42.230300999061015],[-122.21159600000003,42.23020599906101],[-122.211588,42.230173999061016],[-122.211592,42.23013499906101],[-122.21162399999999,42.23005799906102],[-122.21165000000002,42.23002199906101],[-122.211683,42.22998899906102],[-122.21186100000004,42.22983599906101],[-122.21192100000002,42.22977299906103],[-122.21202000000001,42.229635999061],[-122.21210600000002,42.22949399906101],[-122.21217599999999,42.229388999061015],[-122.21229199999999,42.229230999061016],[-122.212358,42.229150999061034],[-122.212397,42.22911599906102],[-122.21244200000002,42.229084999061016],[-122.212511,42.229050999061016],[-122.212664,42.228996999061],[-122.21277600000002,42.22896399906102],[-122.21312300000001,42.22888199906102],[-122.21331499999998,42.228827999061025],[-122.21340600000002,42.22879499906102],[-122.21349,42.228751999061025],[-122.21381199999999,42.22856299906103],[-122.21389500000004,42.22851999906103],[-122.21398200000003,42.22848199906101],[-122.21407400000001,42.22845399906102],[-122.214265,42.228406999061015],[-122.21547000000001,42.228091999061014],[-122.21602200000002,42.22794099906103],[-122.21622399999998,42.227874999061015],[-122.216408,42.22779599906103],[-122.21685400000001,42.22756899906102],[-122.21716499999997,42.22739999906103],[-122.21752300000001,42.22717799906103],[-122.217662,42.227105999061024],[-122.218066,42.226928999061016],[-122.21830000000003,42.226874999061025],[-122.21849600000004,42.22686199906103],[-122.21869100000002,42.226857999061046],[-122.218886,42.226860999061024],[-122.218981,42.226867999061035],[-122.219267,42.22690099906104],[-122.219362,42.226901999061035],[-122.21954699999999,42.22687899906102],[-122.21995400000006,42.226812999061025],[-122.220065,42.22680199906102],[-122.22014700000003,42.22680199906102],[-122.22031100000001,42.226812999061025],[-122.220392,42.22680999906105],[-122.220432,42.22680399906103],[-122.220993,42.226667999061014],[-122.22115900000001,42.22663499906103]]},"id":"003c00000000000017f6","properties":{"fullname":"Blm","linearid":"1102284002688","mtfcc":"S1400","rttyp":"M"}},{"type":"Feature","geometry":{"type":"LineString","coordinates":[[-122.208263,42.234393999061005],[-122.20827099999998,42.234566999061],[-122.20836000000001,42.23534699906101],[-122.208396,42.23561099906099],[-122.20842100000002,42.23574299906099],[-122.208455,42.235872999061],[-122.2085,42.23600499906099],[-122.208599,42.236267999061],[-122.20862400000004,42.23635499906101],[-122.20872800000001,42.236787999061],[-122.20876400000003,42.23695799906101],[-122.20879000000001,42.23712899906099],[-122.20880600000004,42.23739499906099],[-122.20880400000003,42.237527999060994],[-122.20881900000002,42.237669999061],[-122.20883699999999,42.237975999061]]},"id":"003c00000000000017f9","properties":{"fullname":"Blm","linearid":"1102284191614","mtfcc":"S1400","rttyp":"M"}},{"type":"Feature","geometry":{"type":"LineString","coordinates":[[-122.20883699999999,42.237975999061],[-122.20942700000003,42.237934999061],[-122.20967100000003,42.23791299906099],[-122.20975200000002,42.237913999060986],[-122.20988900000003,42.237930999061],[-122.20995700000002,42.237944999061],[-122.21002000000001,42.23796499906099],[-122.210075,42.23798899906099],[-122.210127,42.23801699906099],[-122.21017599999999,42.238048999060986],[-122.21024699999997,42.23810699906098],[-122.21038999999999,42.238285999060984],[-122.21049099999999,42.23842499906098],[-122.210566,42.23851499906098],[-122.21066399999998,42.238616999060994],[-122.21070099999999,42.23864799906099],[-122.210743,42.238673999061],[-122.210822,42.238708999061],[-122.21090999999997,42.238730999061],[-122.21099999999998,42.238730999061],[-122.21104800000003,42.238719999061],[-122.21116300000003,42.238671999061],[-122.21127800000002,42.238611999061],[-122.21132900000002,42.23859499906099],[-122.21145000000001,42.23857699906099]]},"id":"003c00000000000017fb","properties":{"fullname":"Blm","linearid":"1102314864427","mtfcc":"S1400","rttyp":"M"}},{"type":"Feature","geometry":{"type":"LineString","coordinates":[[-122.21702499999999,42.234984999061005],[-122.21709200000004,42.23480799906101],[-122.21714900000003,42.23459899906101],[-122.217207,42.23450399906101],[-122.21727799999998,42.23434099906101],[-122.21737300000002,42.234189999061],[-122.21744900000002,42.234096999061],[-122.217534,42.23400899906102],[-122.21763,42.233925999061],[-122.21773599999999,42.233848999060996],[-122.217999,42.233702999060995],[-122.21808199999998,42.233644999061006],[-122.21819799999997,42.23355199906101],[-122.218324,42.23341999906102],[-122.21839799999998,42.23331399906102],[-122.21842499999998,42.233258999061015],[-122.218442,42.233210999061],[-122.21846599999996,42.23311199906101],[-122.21846900000001,42.233010999061015],[-122.218461,42.23296199906102],[-122.21841899999998,42.23285699906102],[-122.21835400000003,42.23275599906102],[-122.21830900000003,42.23270299906102],[-122.21825799999999,42.23265299906103],[-122.21813899999998,42.232553999061025],[-122.218069,42.23250799906101],[-122.21791900000002,42.232421999061],[-122.21740899999999,42.23216499906101],[-122.21726300000002,42.23208199906101],[-122.21717100000002,42.232023999061006],[-122.217,42.23189699906101],[-122.21692400000003,42.231832999061],[-122.21687500000002,42.231781999061006],[-122.21684600000003,42.231726999061],[-122.216826,42.23165099906101],[-122.216828,42.23161299906101],[-122.21683800000002,42.231571999061],[-122.216882,42.231493999061016],[-122.21691200000001,42.23146299906101],[-122.216988,42.231409999061],[-122.21714299999998,42.23132899906103],[-122.21742700000001,42.23120399906101],[-122.21769800000001,42.23107699906102],[-122.21782699999999,42.23100699906101],[-122.21806699999999,42.23084199906101],[-122.21818999999999,42.23076199906101],[-122.21830400000002,42.23069899906102],[-122.21842300000003,42.230640999061],[-122.21852899999999,42.230598999061016],[-122.21886299999998,42.23049399906102],[-122.21931999999998,42.23033399906101],[-122.21958300000001,42.23025999906102],[-122.219755,42.23021899906101],[-122.22022000000001,42.23012999906101],[-122.22048800000003,42.230120999061015],[-122.22064200000003,42.230131999061015],[-122.220797,42.23013599906102],[-122.22095000000002,42.230131999061015],[-122.221188,42.23010999906103],[-122.22141800000001,42.23007399906101],[-122.22152999999997,42.23005199906102],[-122.221638,42.23002399906102],[-122.22169100000002,42.23000599906103],[-122.22184300000002,42.229940999061014],[-122.22200900000001,42.22988199906102],[-122.22220400000005,42.229832999061],[-122.222701,42.229722999061],[-122.22299500000004,42.229651999061026],[-122.22328800000001,42.229569999061034],[-122.223582,42.229473999061014],[-122.22381300000002,42.22938499906102]]},"id":"003c00000000000017fe","properties":{"fullname":"Blm","linearid":"1102314691731","mtfcc":"S1400","rttyp":"M"}},{"type":"Feature","geometry":{"type":"LineString","coordinates":[[-122.221261,42.234433999061004],[-122.22120500000001,42.23425899906102],[-122.221125,42.234102999061],[-122.22103899999999,42.233832999061],[-122.22090200000001,42.233132999061006],[-122.22089900000005,42.233078999061014],[-122.22091599999999,42.23296799906101],[-122.220931,42.23290999906101],[-122.22096100000005,42.232855999061016],[-122.22098499999998,42.23283399906099],[-122.22102800000002,42.23280599906101],[-122.22107599999998,42.232782999060994],[-122.221125,42.232768999061],[-122.22144699999998,42.23270799906101],[-122.22167900000001,42.23265599906101],[-122.22190900000003,42.23259699906101],[-122.222135,42.23253099906103],[-122.222284,42.23249999906103]]},"id":"003c0000000000001803","properties":{"fullname":"Blm","linearid":"1102284188020","mtfcc":"S1400","rttyp":"M"}},{"type":"Feature","geometry":{"type":"LineString","coordinates":[[-122.227895,42.22768599906101],[-122.22798199999998,42.227731999061035],[-122.22812000000003,42.22781899906101],[-122.22826400000001,42.22789999906102],[-122.22841299999999,42.22797299906102],[-122.22856800000001,42.228040999061015],[-122.22881200000002,42.22813699906102],[-122.22924700000003,42.22829399906102],[-122.22932899999999,42.22832799906102],[-122.22940800000003,42.22836599906104],[-122.22947700000002,42.22840899906101],[-122.22985200000001,42.22866199906102],[-122.230099,42.228819999061024],[-122.23031100000001,42.22893999906104],[-122.230411,42.22900599906102],[-122.230532,42.22910199906102],[-122.230585,42.229154999061016],[-122.23071700000001,42.22932799906103],[-122.230781,42.22939999906101],[-122.23094199999998,42.22954299906101],[-122.23098600000002,42.22958799906101],[-122.23102300000004,42.22963499906102],[-122.231088,42.22978399906101],[-122.23114600000004,42.22986699906102],[-122.23119200000001,42.229908999061],[-122.23130400000002,42.229981999060996],[-122.23140500000001,42.230041999061015],[-122.23154000000001,42.23011499906102],[-122.23163400000003,42.23015899906101],[-122.23181700000002,42.230221999061015],[-122.23187,42.23024899906103],[-122.231919,42.230289999061014],[-122.231962,42.23033599906102],[-122.232078,42.23048899906102],[-122.232108,42.230542999061015],[-122.23212900000003,42.230598999061016],[-122.232138,42.23064699906101],[-122.23213800000003,42.23074799906101],[-122.23211800000001,42.23084599906101],[-122.23209200000001,42.23090399906102],[-122.231982,42.23107499906102],[-122.231924,42.23120299906102],[-122.23187499999999,42.231334999061026],[-122.23181400000003,42.231549999061],[-122.231738,42.23168599906101],[-122.23172200000002,42.23173299906101],[-122.23171200000003,42.23181099906102],[-122.23171700000003,42.23184999906102],[-122.23173899999999,42.23189299906101],[-122.23179099999999,42.23196699906102],[-122.231831,42.23203399906101],[-122.23186799999999,42.23213699906102],[-122.23189900000003,42.23227399906101],[-122.23190400000003,42.232347999061005],[-122.23188800000001,42.23243499906101],[-122.23179199999998,42.23272599906099],[-122.23172600000001,42.23295499906101],[-122.23170500000003,42.23300699906102],[-122.231676,42.23305999906101],[-122.23163900000003,42.233109999061014],[-122.23159700000001,42.23315699906101],[-122.23154900000003,42.23319999906101],[-122.231498,42.233230999061014],[-122.23135700000003,42.233297999061],[-122.23128199999996,42.233365999061014],[-122.231267,42.23339399906101],[-122.231264,42.233418999061],[-122.23126799999999,42.23344599906101],[-122.23127900000003,42.233468999060996],[-122.23130300000001,42.233488999061],[-122.23136900000003,42.23352099906101],[-122.231483,42.233595999061],[-122.23159100000004,42.233675999061006],[-122.23169299999998,42.233758999060996],[-122.231922,42.233975999061],[-122.23246800000001,42.234528999061006]]},"id":"003c0000000000001805","properties":{"fullname":"Blm","linearid":"1102281676049","mtfcc":"S1400","rttyp":"M"}},{"type":"Feature","geometry":{"type":"LineString","coordinates":[[-122.23246800000001,42.234528999061006],[-122.232604,42.23437999906101],[-122.23282700000001,42.234207999061006],[-122.232957,42.234089999061],[-122.23302599999998,42.23403499906101],[-122.23318100000002,42.23394799906101],[-122.23339599999997,42.23384399906101],[-122.233459,42.233801999060994],[-122.23351699999999,42.233755999060996],[-122.23363100000003,42.233681999061],[-122.23379799999998,42.23359499906102],[-122.23403400000002,42.233488999061],[-122.23410600000001,42.23344699906101],[-122.23417899999998,42.23338999906099],[-122.234399,42.23319899906101],[-122.23446599999998,42.233128999061],[-122.23452400000001,42.23305399906101],[-122.23457200000004,42.23297599906102],[-122.23460100000003,42.232903999061016],[-122.23469,42.23260399906101],[-122.234721,42.232529999061015],[-122.23475800000001,42.23246299906101],[-122.23480299999999,42.232396999061],[-122.234902,42.232269999061],[-122.23503900000003,42.232130999061006],[-122.235102,42.23205799906101],[-122.235147,42.23198799906102],[-122.23525999999998,42.231768999061]]},"id":"003c0000000000001807","properties":{"fullname":"Blm","linearid":"1102282533486","mtfcc":"S1400","rttyp":"M"}},{"type":"Feature","geometry":{"type":"LineString","coordinates":[[-122.229962,42.239969999060975],[-122.23001900000003,42.23983199906098],[-122.23008800000002,42.23971999906098],[-122.230134,42.23966799906098],[-122.230187,42.23961899906098],[-122.23036000000003,42.23948099906099],[-122.23062099999997,42.23925799906099],[-122.23074399999997,42.23914299906098],[-122.23091500000001,42.23895999906099],[-122.231063,42.238767999061],[-122.231139,42.238656999061],[-122.23120599999999,42.23854299906097],[-122.23123200000002,42.23848399906098],[-122.23124800000001,42.23842299906099],[-122.231253,42.23838199906101],[-122.231255,42.23825699906099],[-122.23127699999996,42.238122999061],[-122.23128099999998,42.238034999060986],[-122.23127199999999,42.23799399906101],[-122.23122800000006,42.237917999061],[-122.23116200000004,42.23784599906099],[-122.23108599999998,42.23778099906098],[-122.23101299999999,42.23773499906099],[-122.230853,42.237652999061],[-122.230423,42.23742099906099],[-122.23032200000003,42.23735799906102],[-122.23022699999999,42.237288999061],[-122.23007299999999,42.23716699906098],[-122.23002899999999,42.23712299906099],[-122.22999300000001,42.237075999061],[-122.229964,42.23702499906099],[-122.229941,42.23696999906098],[-122.22992500000001,42.236913999061],[-122.22991800000001,42.236861999061],[-122.22992500000001,42.236801999060994],[-122.229964,42.23671399906099],[-122.23003,42.236631999061004],[-122.23011300000002,42.23656199906099],[-122.23020700000001,42.236507999061],[-122.23026000000002,42.236487999061005],[-122.23031800000001,42.23647299906099],[-122.23044600000001,42.236453999061006],[-122.23064400000001,42.236437999060996],[-122.23077900000003,42.236434999061004],[-122.230844,42.23642899906101],[-122.23094100000002,42.23640699906098],[-122.23103400000005,42.23637399906101],[-122.23111600000001,42.236329999061006],[-122.23115000000004,42.236303999060986],[-122.231178,42.23627499906099],[-122.23119100000001,42.23625499906099],[-122.23119900000002,42.23623099906099],[-122.231207,42.236151999061],[-122.23122000000002,42.23610199906099],[-122.23123400000003,42.236079999061005],[-122.231255,42.236061999061],[-122.231294,42.236042999061006],[-122.23138600000001,42.236011999061],[-122.23149699999999,42.235993999060994],[-122.23152500000003,42.235982999060994],[-122.23154199999999,42.235966999061006],[-122.23155200000001,42.235946999061],[-122.23156200000003,42.235830999060994],[-122.23154300000003,42.235748999060995],[-122.23150600000001,42.235645999061006],[-122.23150100000004,42.23559499906101],[-122.23150300000005,42.23556699906101],[-122.231523,42.235481999060994],[-122.231544,42.23542499906098],[-122.2316,42.235316999061006],[-122.231645,42.235251999061],[-122.23169800000002,42.23518999906101],[-122.231993,42.234873999060994],[-122.232126,42.234749999061],[-122.232201,42.234693999060994],[-122.23230800000005,42.23462499906101],[-122.23242300000004,42.234560999060996],[-122.23246800000001,42.234528999061006]]},"id":"003c0000000000001809","properties":{"fullname":"Blm","linearid":"1102282313795","mtfcc":"S1400","rttyp":"M"}},{"type":"Feature","geometry":{"type":"LineString","coordinates":[[-122.20737799999999,42.24198399906098],[-122.207907,42.241877999060975],[-122.209926,42.241490999060986],[-122.21052800000001,42.241381999060984],[-122.21160300000001,42.241156999061],[-122.21255499999998,42.24097299906099],[-122.21313700000002,42.240868999060986],[-122.21347900000002,42.240812999060985],[-122.21365200000002,42.24079299906098],[-122.21385000000004,42.24077799906098],[-122.21424800000001,42.24076499906099],[-122.21487300000004,42.240757999060975],[-122.215603,42.24072499906099],[-122.21615400000002,42.24071299906098],[-122.21664600000003,42.24072199906099],[-122.21788300000003,42.240779999061],[-122.21819900000001,42.240791999060974],[-122.21887300000003,42.240799999061],[-122.219672,42.240807999061],[-122.21990200000005,42.24081799906098],[-122.22010700000003,42.240832999061],[-122.22031199999999,42.240852999060984],[-122.22051599999999,42.240878999060975],[-122.22067800000002,42.24090799906099],[-122.22099900000003,42.240976999061],[-122.221161,42.24100399906098],[-122.22136100000002,42.241023999060985],[-122.22176400000001,42.241049999061],[-122.222174,42.24107999906097],[-122.22234900000001,42.24108299906099],[-122.22252499999996,42.241080999061005],[-122.22294800000003,42.24105999906098],[-122.22323100000001,42.24105799906098],[-122.223371,42.24106499906099],[-122.223525,42.241080999061005],[-122.223677,42.241103999060975],[-122.22381900000002,42.241131999061],[-122.22464899999997,42.24132399906099],[-122.224927,42.24137999906098],[-122.225161,42.24141899906099],[-122.225397,42.24145199906099],[-122.225598,42.241469999060975],[-122.22621300000002,42.24150699906099],[-122.22663299999998,42.24152399906098],[-122.22686200000001,42.24151999906099],[-122.22777700000002,42.24148199906097],[-122.22789799999997,42.24148499906098],[-122.22800000000001,42.24149299906098],[-122.22820300000002,42.24152399906098],[-122.22841100000004,42.24157899906099],[-122.22902599999999,42.24176499906098],[-122.22936100000003,42.24187699906099],[-122.229587,42.241946999060985],[-122.22996500000002,42.242045999060984],[-122.23044600000001,42.24214299906098],[-122.23054299999998,42.24215799906098],[-122.23064100000002,42.242167999060975],[-122.23079400000002,42.24217199906098],[-122.23095999999998,42.24216199906098],[-122.231069,42.24214899906099],[-122.231178,42.24212999906099],[-122.23128600000003,42.242105999060975],[-122.231391,42.24209499906098]]},"id":"003c000000000000180b","properties":{"fullname":"Blm","linearid":"1102314730163","mtfcc":"S1400","rttyp":"M"}},{"type":"Feature","geometry":{"type":"LineString","coordinates":[[-122.23396800000002,42.237821999061],[-122.234315,42.237765999061],[-122.23442600000003,42.23774099906098],[-122.234542,42.23770999906099],[-122.23465599999999,42.237672999061004],[-122.234877,42.23758799906098],[-122.23504799999999,42.237512999060975],[-122.23545200000001,42.23731599906099],[-122.23566699999999,42.23720599906101],[-122.23588500000002,42.23708499906101],[-122.23609700000002,42.236958999060995],[-122.236305,42.23682899906101],[-122.236378,42.23677899906099],[-122.23665900000003,42.236568999061],[-122.23673399999998,42.23652199906101],[-122.23686800000002,42.23645699906101],[-122.236923,42.236434999061004],[-122.23715400000002,42.236358999061004],[-122.23733900000002,42.236308999060995],[-122.23754700000002,42.23626199906101],[-122.23768800000002,42.236236999061],[-122.23782900000002,42.236217999061004],[-122.238089,42.23619599906099],[-122.23826499999998,42.23619299906101],[-122.238352,42.23619799906099],[-122.238512,42.236218999060995],[-122.23858599999998,42.236232999060995],[-122.238656,42.236252999060994],[-122.238716,42.236276999061005],[-122.23877200000001,42.23630599906099],[-122.23882600000002,42.236339999060995],[-122.23887500000004,42.23637899906099],[-122.23893500000001,42.23645199906099],[-122.23895400000002,42.23656599906099],[-122.23893500000001,42.236605999061],[-122.23889199999999,42.236672999061014],[-122.238816,42.236756999061],[-122.23872200000004,42.236843999060994],[-122.238681,42.236904999061004],[-122.23869000000003,42.236945999061]]},"id":"003c000000000000180d","properties":{"fullname":"Blm","linearid":"1102284193236","mtfcc":"S1400","rttyp":"M"}},{"type":"Feature","geometry":{"type":"LineString","coordinates":[[-122.23635700000005,42.23888999906099],[-122.23647800000002,42.238814999060985],[-122.23689500000005,42.23864099906099],[-122.237681,42.238298999060994],[-122.23788500000002,42.23822299906099],[-122.23820600000006,42.238122999061],[-122.238521,42.23800999906099],[-122.23882400000001,42.23787599906098],[-122.23932000000003,42.23761999906099],[-122.23949200000001,42.23752499906098],[-122.239575,42.237434999060994]]},"id":"003c000000000000180f","properties":{"fullname":"Blm","linearid":"1102284190746","mtfcc":"S1400","rttyp":"M"}},{"type":"Feature","geometry":{"type":"LineString","coordinates":[[-122.231391,42.24209499906098],[-122.23162599999999,42.24201999906098],[-122.23184300000001,42.241967999060975],[-122.23221900000003,42.241863999060975],[-122.23237900000005,42.24181599906098],[-122.23253299999999,42.24176099906097],[-122.232669,42.241703999060974],[-122.23280100000004,42.24163999906097],[-122.233055,42.241502999060984],[-122.23319399999998,42.24141999906098],[-122.23346000000002,42.24124299906098],[-122.23407100000001,42.24082499906099],[-122.234222,42.24071199906098],[-122.23445099999999,42.24051399906097]]},"id":"003c0000000000001813","properties":{"fullname":"Blm","linearid":"1102314730161","mtfcc":"S1400","rttyp":"M"}},{"type":"Feature","geometry":{"type":"LineString","coordinates":[[-122.23137300000003,42.24479099906097],[-122.23138700000001,42.24461899906099],[-122.23140599999999,42.24452399906097],[-122.23141800000003,42.24442799906096],[-122.231423,42.244332999060966],[-122.23141299999999,42.244157999060974],[-122.23139699999999,42.244071999061],[-122.23136,42.24394699906097],[-122.23133300000003,42.24388699906098],[-122.231298,42.243829999060964],[-122.231253,42.24377599906097],[-122.23110500000003,42.24364399906097],[-122.23097800000001,42.24355699906099],[-122.230799,42.243446999060986],[-122.230714,42.24338899906099],[-122.23063700000003,42.243324999060974],[-122.23056700000006,42.243259999060975],[-122.230539,42.24322599906096],[-122.23052100000002,42.24318799906098],[-122.23050500000006,42.24310599906099],[-122.23050800000006,42.24301499906098],[-122.23051800000002,42.24296399906098],[-122.23053599999999,42.24291499906098],[-122.23056000000001,42.24286799906099],[-122.230601,42.24281499906099],[-122.230877,42.242555999061],[-122.23101299999999,42.242419999060985],[-122.23105200000002,42.24238699906099],[-122.231363,42.24217599906099],[-122.231391,42.24209499906098]]},"id":"003c0000000000001819","properties":{"fullname":"Blm","linearid":"1102314730162","mtfcc":"S1400","rttyp":"M"}},{"type":"Feature","geometry":{"type":"LineString","coordinates":[[-122.22827200000002,42.250592999060956],[-122.22843100000001,42.25037999906095],[-122.228493,42.25027999906095],[-122.22858600000004,42.250092999060946],[-122.22863000000001,42.24991899906096],[-122.228637,42.249851999060944],[-122.22863599999998,42.249785999060954],[-122.22861999999999,42.24967999906096],[-122.22859900000002,42.24960899906096],[-122.22858300000003,42.24957599906095],[-122.22854000000001,42.249513999060966],[-122.22851200000002,42.24948599906095],[-122.22841400000001,42.24941499906096],[-122.22837499999999,42.249396999060956],[-122.228307,42.24937999906096],[-122.22821799999998,42.249375999060945],[-122.228159,42.24938299906096],[-122.228108,42.249396999060956],[-122.22805800000003,42.24941699906097],[-122.22796099999998,42.24946899906096],[-122.227914,42.249502999060944],[-122.22787299999999,42.24954099906097],[-122.22780100000001,42.24962299906095],[-122.22773600000004,42.24971799906097],[-122.22768500000001,42.24983099906097],[-122.22766700000004,42.24989199906096],[-122.22765200000006,42.24994499906095],[-122.22762000000002,42.25013999906096],[-122.22764000000004,42.250245999060965],[-122.22766300000002,42.25029699906096],[-122.22769300000004,42.25034099906095],[-122.227773,42.25042199906096],[-122.22782799999999,42.250457999060956],[-122.227889,42.25048899906094],[-122.22800000000001,42.250532999060944],[-122.228147,42.250572999060964],[-122.22827200000002,42.250592999060956]]},"id":"003c000000000000181d","properties":{"fullname":"Blm","linearid":"1102289059840","mtfcc":"S1400","rttyp":"M"}},{"type":"Feature","geometry":{"type":"LineString","coordinates":[[-122.205366,42.24226999906097],[-122.205519,42.242392999060975],[-122.20562800000005,42.24247399906099],[-122.205905,42.242672999060986],[-122.20637800000002,42.243109999060984],[-122.206466,42.24318499906097],[-122.206561,42.24325499906097],[-122.20666800000004,42.24331499906098],[-122.20689100000003,42.24342699906098],[-122.20719500000001,42.24363299906098],[-122.20737900000002,42.243743999060975],[-122.20744499999998,42.243775999060965],[-122.207515,42.24380299906097],[-122.20765200000001,42.243839999060974],[-122.20768864084197,42.24384124818879]]},"id":"003c000000000000182c","properties":{"fullname":"Blm","linearid":"1102300676817","mtfcc":"S1400","rttyp":"M"}},{"type":"Feature","geometry":{"type":"LineString","coordinates":[[-122.19507800000001,42.24579599906096],[-122.19511300000002,42.24569899906097],[-122.19514900000001,42.24562899906098],[-122.195192,42.24556299906097],[-122.19524300000003,42.24550199906098],[-122.195298,42.24545199906098],[-122.19549100000005,42.24531799906096],[-122.19573300000003,42.24514199906098],[-122.195871,42.24506599906099],[-122.19603200000002,42.245003999060984],[-122.19666000000001,42.24479799906098],[-122.19700400000002,42.244722999060976],[-122.19710099999998,42.244697999060975],[-122.19738600000002,42.244611999060965],[-122.197578,42.24455899906097],[-122.19804800000004,42.24446599906098],[-122.19814900000002,42.244442999060965],[-122.19845000000001,42.244363999060965],[-122.198654,42.244321999060965],[-122.198832,42.244304999060965],[-122.19898300000001,42.24429799906099],[-122.19905800000002,42.24429999906097],[-122.19913100000004,42.24430699906097],[-122.19917000000001,42.244314999060975],[-122.19936199999998,42.24437899906097],[-122.19944100000001,42.244399999060974],[-122.19954200000001,42.24441599906098],[-122.19964600000006,42.24442399906097],[-122.20016999999999,42.24444999906098],[-122.20032500000002,42.24444399906097],[-122.20040100000001,42.24443299906099],[-122.200443,42.24442299906097],[-122.20073000000002,42.244321999060965],[-122.200942,42.24425899906097],[-122.20115800000004,42.24420199906098],[-122.20137700000001,42.24415599906097],[-122.20148799999996,42.244138999060965],[-122.201675,42.24412099906096],[-122.20190300000003,42.244116999060964],[-122.20220899999998,42.24413099906098],[-122.20235700000002,42.24414399906098],[-122.20265000000003,42.24418499906098],[-122.20279599999999,42.24420999906098],[-122.20301,42.244252999060976],[-122.203558,42.244384999060976],[-122.20393400000002,42.24448099906098],[-122.20416600000001,42.244529999060966],[-122.20439999999998,42.24457399906098],[-122.20581399999999,42.24480999906098],[-122.20673299999999,42.245013999060966],[-122.206878,42.24503899906097],[-122.20699500000003,42.24505299906097],[-122.20711200000001,42.24506199906097],[-122.20722900000001,42.24506299906097],[-122.20734299999998,42.24505599906098],[-122.207457,42.245041999060966],[-122.20765399999999,42.24500299906097]]},"id":"003c0000000000001833","properties":{"fullname":"Blm","linearid":"1102314544420","mtfcc":"S1400","rttyp":"M"}},{"type":"Feature","geometry":{"type":"LineString","coordinates":[[-122.206698,42.247370999060976],[-122.20627100000002,42.247256999060966],[-122.20478700000001,42.246955999060965],[-122.20442200000004,42.246878999060954],[-122.20423800000002,42.24684699906098],[-122.20409200000003,42.24682999906097],[-122.20379799999999,42.246811999060974],[-122.20335500000004,42.246795999060964],[-122.20271900000002,42.24676499906097],[-122.20243100000005,42.246740999060975],[-122.201663,42.246660999060964],[-122.20146700000001,42.24664399906097],[-122.20130000000003,42.24663799906095],[-122.201132,42.24663799906096],[-122.20079700000001,42.24663099906097],[-122.200582,42.24662199906097],[-122.19959200000002,42.24656499906096],[-122.199208,42.246537999060976],[-122.198099,42.24644099906097],[-122.197888,42.24642599906095],[-122.19756299999999,42.246418999060964],[-122.19733900000001,42.24642099906096],[-122.19722800000001,42.24642899906095],[-122.197042,42.246449999060964],[-122.19691799999998,42.24646999906097],[-122.19679800000004,42.24649899906097],[-122.19668600000001,42.246538999060974],[-122.19663300000002,42.24656499906096],[-122.196514,42.24663499906096],[-122.19646400000005,42.24667599906097],[-122.196415,42.246751999060976],[-122.196385,42.246785999060975],[-122.19633800000003,42.24681799906096],[-122.196229,42.24686499906096]]},"id":"003c0000000000001836","properties":{"fullname":"Blm","linearid":"1102314544418","mtfcc":"S1400","rttyp":"M"}},{"type":"Feature","geometry":{"type":"LineString","coordinates":[[-122.18930700000001,42.244857999060976],[-122.189458,42.24490099906096],[-122.189593,42.244931999060974],[-122.18986699999999,42.244976999060974],[-122.18999299999997,42.24498899906098],[-122.190121,42.244995999060976],[-122.19112800000002,42.24500999906098],[-122.19146200000002,42.245007999060974],[-122.191995,42.244995999060976],[-122.19259099999998,42.244964999060976],[-122.193068,42.244946999060986],[-122.19347100000005,42.24492199906097],[-122.19363100000001,42.24491999906099],[-122.19378899999998,42.244931999060974],[-122.19392099999999,42.24495599906098],[-122.194084,42.24499899906096],[-122.19419,42.24503499906098],[-122.19444699999998,42.245134999060966],[-122.19451999999997,42.24516999906097],[-122.19458399999999,42.24520999906098],[-122.19462899999999,42.24524799906097],[-122.194701,42.24533399906096],[-122.194806,42.24549799906097],[-122.194872,42.24561999906097],[-122.19490599999999,42.24566499906097],[-122.19495600000003,42.24571499906096],[-122.19501400000001,42.24576099906097],[-122.19507800000001,42.24579599906096]]},"id":"003c0000000000001838","properties":{"fullname":"Blm","linearid":"1102314544421","mtfcc":"S1400","rttyp":"M"}},{"type":"Feature","geometry":{"type":"LineString","coordinates":[[-122.19507800000001,42.24579599906096],[-122.19549500000001,42.246069999060964],[-122.195607,42.24615399906096],[-122.19579299999998,42.24630999906097],[-122.19592900000002,42.246439999060954],[-122.19606400000002,42.24658999906096],[-122.19620300000005,42.24679699906097],[-122.196229,42.24686499906096]]},"id":"003c000000000000183a","properties":{"fullname":"Blm","linearid":"1102314544416","mtfcc":"S1400","rttyp":"M"}},{"type":"Feature","geometry":{"type":"LineString","coordinates":[[-122.19632000000001,42.247252999060976],[-122.19627400000006,42.24701899906096],[-122.196229,42.24686499906096]]},"id":"003c000000000000183c","properties":{"fullname":"Blm","linearid":"1102314544417","mtfcc":"S1400","rttyp":"M"}},{"type":"Feature","geometry":{"type":"LineString","coordinates":[[-122.18948099999999,42.247036999060974],[-122.18956700000003,42.24710999906096],[-122.189662,42.24716399906095],[-122.189762,42.24720999906097],[-122.18983700000003,42.24723799906098],[-122.18991500000003,42.24726199906096],[-122.19007600000003,42.24729999906098],[-122.19024000000002,42.24732799906097],[-122.190352,42.247342999060976],[-122.19046600000001,42.24735099906096],[-122.191157,42.24736699906096],[-122.19162000000003,42.24736999906096],[-122.19229400000005,42.247330999060964],[-122.19258800000004,42.24732399906096],[-122.19339399999997,42.247321999060965],[-122.19405299999998,42.247330999060964],[-122.19449200000004,42.247329999060966],[-122.19505100000003,42.24731899906096],[-122.19560900000005,42.24729599906096],[-122.19588700000003,42.24727699906096],[-122.19623099999998,42.24724599906095],[-122.19632000000001,42.247252999060976]]},"id":"003c000000000000183e","properties":{"fullname":"Blm","linearid":"1102314544419","mtfcc":"S1400","rttyp":"M"}},{"type":"Feature","geometry":{"type":"LineString","coordinates":[[-122.19450000000002,42.250729999060944],[-122.19458299999997,42.25030799906095],[-122.19462100000001,42.250059999060944],[-122.194661,42.249675999060976],[-122.194683,42.24914199906096],[-122.19460300000001,42.24890599906095]]},"id":"003c0000000000001840","properties":{"fullname":"Blm","linearid":"1102649175077","mtfcc":"S1400","rttyp":"M"}},{"type":"Feature","geometry":{"type":"LineString","coordinates":[[-122.18983800000001,42.250301999060966],[-122.189876,42.25037299906096],[-122.189938,42.250471999060956],[-122.19000900000002,42.250567999060955],[-122.190071,42.25063999906096],[-122.19013799999999,42.25070899906096],[-122.190244,42.25079899906096],[-122.19036200000004,42.25087899906094],[-122.19049000000001,42.25095099906096],[-122.19062400000006,42.25101499906095],[-122.190761,42.25107299906096],[-122.191002,42.25115699906095],[-122.191091,42.25118099906095],[-122.191275,42.25122299906095],[-122.19146299999997,42.25125399906095],[-122.19165399999999,42.25127499906093],[-122.19174900000003,42.25128199906096],[-122.19192900000003,42.251287999060956],[-122.19218400000001,42.251280999060945],[-122.192353,42.25126799906096],[-122.19247800000001,42.25125399906095],[-122.192725,42.251212999060954],[-122.19296899999999,42.25115899906097],[-122.19332699999995,42.251063999060946],[-122.19343100000002,42.251031999060956],[-122.19394199999999,42.25085999906096],[-122.19417899999999,42.250795999060955],[-122.19442000000001,42.25073899906096],[-122.19450000000002,42.250729999060944]]},"id":"003c0000000000001842","properties":{"fullname":"Blm","linearid":"1102637300611","mtfcc":"S1400","rttyp":"M"}},{"type":"Feature","geometry":{"type":"LineString","coordinates":[[-122.19402900000001,42.25253899906094],[-122.19406999999997,42.25229799906095],[-122.194148,42.252097999060936],[-122.19419,42.25194199906094],[-122.1942,42.25188599906095],[-122.194221,42.251659999060955],[-122.19423700000002,42.251546999060956],[-122.19429400000001,42.25127299906096],[-122.19433000000001,42.25113699906095],[-122.19437400000002,42.251002999060944],[-122.19446500000001,42.25078399906095],[-122.19450000000002,42.250729999060944]]},"id":"003c0000000000001843","properties":{"fullname":"Blm","linearid":"1102649175073","mtfcc":"S1400","rttyp":"M"}},{"type":"Feature","geometry":{"type":"LineString","coordinates":[[-122.19769799999999,42.25111099906096],[-122.19737200000002,42.25105699906096],[-122.19643700000002,42.250918999060964],[-122.196184,42.250862999060956],[-122.196099,42.250847999060944],[-122.19601200000001,42.25083999906094],[-122.19587000000004,42.25084199906096],[-122.19576,42.25085499906096],[-122.19564400000002,42.250878999060944],[-122.19553500000004,42.25089099906096],[-122.19542600000001,42.250897999060946],[-122.19523999999998,42.250897999060946],[-122.19514600000002,42.25089399906096],[-122.19496299999999,42.250872999060945],[-122.19487300000002,42.25085599906095],[-122.19476500000002,42.25082999906096],[-122.194659,42.25079899906096],[-122.19455500000001,42.25076099906095],[-122.19450000000002,42.250729999060944]]},"id":"003c0000000000001845","properties":{"fullname":"Blm","linearid":"1102637300598","mtfcc":"S1400","rttyp":"M"}},{"type":"Feature","geometry":{"type":"LineString","coordinates":[[-122.196619,42.24866699906096],[-122.196567,42.24845999906098],[-122.196529,42.24822199906095],[-122.19632000000001,42.247252999060976]]},"id":"003c0000000000001847","properties":{"fullname":"Blm","linearid":"1102314544415","mtfcc":"S1400","rttyp":"M"}},{"type":"Feature","geometry":{"type":"LineString","coordinates":[[-122.249708,42.260857999060924],[-122.24987800000001,42.26087099906094],[-122.250023,42.26088799906094],[-122.25027199999998,42.26090299906092],[-122.25047900000001,42.260905999060924],[-122.250582,42.26090099906091],[-122.250752,42.26087899906092],[-122.25122400000004,42.260786999060926],[-122.25133100000002,42.26077799906093],[-122.25263399999999,42.26056499906091],[-122.25307600000004,42.26048299906092],[-122.253287,42.26043399906092],[-122.25346099999997,42.26038499906092],[-122.25396900000003,42.26021399906092],[-122.25414200000002,42.26016299906092],[-122.25428600000004,42.26012499906093],[-122.25472499999998,42.26002499906092],[-122.255495,42.25986499906094],[-122.255614,42.25980899906092],[-122.25576599999998,42.25976299906092],[-122.255913,42.25972599906094],[-122.25607000000001,42.25967899906093],[-122.25693600000002,42.25935699906093],[-122.259001,42.258533999060916],[-122.259806,42.25822299906093],[-122.26006799999999,42.25811599906094],[-122.26059599999999,42.25789099906094]]},"id":"003c0000000000001860","properties":{"fullname":"Blm","linearid":"1102286115829","mtfcc":"S1400","rttyp":"M"}},{"type":"Feature","geometry":{"type":"LineString","coordinates":[[-122.26499300000003,42.24375999906098],[-122.264871,42.24376799906098],[-122.26477000000001,42.243783999060966],[-122.26461100000002,42.24381999906096],[-122.26443600000002,42.24387199906097],[-122.26422700000002,42.24391999906098],[-122.264126,42.243949999060966],[-122.26403300000003,42.243986999060965],[-122.263944,42.24402999906098],[-122.263775,42.244126999060974],[-122.26367700000002,42.24419299906098],[-122.26358300000003,42.24426299906097],[-122.26349500000003,42.244337999060974],[-122.26341300000001,42.24441599906098],[-122.26332199999999,42.24452299906098],[-122.26327,42.24457299906097],[-122.26317500000002,42.24463599906097],[-122.26312300000004,42.24466299906098],[-122.263061,42.24468699906098],[-122.26299600000002,42.24470599906099],[-122.26286100000002,42.244733999060976],[-122.262775,42.244745999060974],[-122.262688,42.24475299906097],[-122.262424,42.24475499906097],[-122.26226799999999,42.24474999906097],[-122.261766,42.244720999060974],[-122.26157600000002,42.24471399906098],[-122.261412,42.24471299906098],[-122.261331,42.24471699906098],[-122.26124800000002,42.24472599906096],[-122.26108400000004,42.24475899906098],[-122.260919,42.24481199906097],[-122.26075500000002,42.24488799906097],[-122.26062699999999,42.24495899906098],[-122.26048599999999,42.24505499906098],[-122.26018800000001,42.24526999906097],[-122.260007,42.245387999060966],[-122.25994199999998,42.245424999060965],[-122.25967099999997,42.24556399906096],[-122.25894300000002,42.24592699906097],[-122.25869799999997,42.24606599906097],[-122.25822499999998,42.246360999060975],[-122.25798400000002,42.24650399906099],[-122.257127,42.24696699906096],[-122.256718,42.247200999060965],[-122.256517,42.247321999060965],[-122.256203,42.24752999906097],[-122.25596999999999,42.247697999060954],[-122.25580500000001,42.247836999060965],[-122.25564500000002,42.24799099906095],[-122.255545,42.24809799906096],[-122.25539900000003,42.248275999060944],[-122.25516499999996,42.24862899906096],[-122.25493199999998,42.24896699906096],[-122.25482299999999,42.249138999060946],[-122.254644,42.24946699906095],[-122.25456400000002,42.249633999060975],[-122.25446200000002,42.24987299906097],[-122.25423500000001,42.25040899906095],[-122.254022,42.250850999060944],[-122.253924,42.251092999060965],[-122.25386400000004,42.25120899906096],[-122.253624,42.25161399906095],[-122.253563,42.251699999060946],[-122.25345699999998,42.251815999060945],[-122.25339600000002,42.25186899906094],[-122.25332900000001,42.25191199906094],[-122.253179,42.251983999060954],[-122.25295100000002,42.25207899906095],[-122.25287400000005,42.252104999060954],[-122.252786,42.252124999060946],[-122.25243400000001,42.25218199906094],[-122.25235100000003,42.252199999060956],[-122.25218800000003,42.25224999906094],[-122.25211300000001,42.25228099906095],[-122.252053,42.252315999060954],[-122.25199799999999,42.25235699906094],[-122.25184999999999,42.252490999060946],[-122.25162100000003,42.25272699906096],[-122.25144299999998,42.252924999060944],[-122.25127400000002,42.253126999060946],[-122.25109000000002,42.25336199906094],[-122.25080600000001,42.25367599906094],[-122.25060400000002,42.253927999060934],[-122.25049900000002,42.25408099906093],[-122.250336,42.254361999060954],[-122.25008800000002,42.25473399906093],[-122.24988700000002,42.254983999060954],[-122.249798,42.25506699906095],[-122.24973100000001,42.255109999060956],[-122.24965599999999,42.25514899906094],[-122.24959000000004,42.25517499906096]]},"id":"003c0000000000001862","properties":{"fullname":"Blm","linearid":"1102288933390","mtfcc":"S1400","rttyp":"M"}},{"type":"Feature","geometry":{"type":"LineString","coordinates":[[-122.24888300000002,42.24748899906097],[-122.248585,42.24780199906096],[-122.248414,42.24799199906095],[-122.24791700000002,42.248575999060954],[-122.24772000000002,42.248784999060966],[-122.24761499999998,42.24888599906096],[-122.24742800000004,42.24904699906095],[-122.24697400000002,42.24938399906095],[-122.24687700000003,42.24946699906096],[-122.246807,42.24953699906096],[-122.246742,42.24960999906095],[-122.24662800000003,42.24976599906097],[-122.24658000000004,42.24984599906095],[-122.24637700000002,42.25017299906094],[-122.24600199999999,42.25072499906095],[-122.24575599999999,42.251060999060954],[-122.245598,42.25128699906095],[-122.24526400000003,42.251810999060936],[-122.24496299999998,42.25225499906095],[-122.244859,42.25235799906095]]},"id":"003c0000000000001864","properties":{"fullname":"Blm","linearid":"1102289001212","mtfcc":"S1400","rttyp":"M"}},{"type":"Feature","geometry":{"type":"LineString","coordinates":[[-122.25621200000002,42.25439299906093],[-122.256184,42.25445399906094],[-122.25612800000003,42.254520999060944],[-122.25607900000001,42.25459099906094],[-122.25597299999998,42.25480799906094],[-122.25592500000002,42.25487299906094],[-122.25587000000003,42.25493599906095],[-122.255746,42.25505399906095],[-122.25561499999999,42.25514699906095],[-122.25555600000001,42.25519699906094],[-122.25551700000001,42.25524299906096],[-122.25548500000001,42.25529099906093],[-122.25543500000002,42.25539499906095],[-122.255401,42.25550999906094],[-122.25538799999998,42.25563799906094],[-122.255389,42.255777999060925],[-122.25539600000002,42.25585499906093],[-122.25541400000002,42.255928999060934],[-122.25543400000001,42.25598399906094],[-122.25549199999999,42.256087999060924],[-122.255546,42.256151999060954],[-122.255671,42.25627099906093],[-122.25574999999999,42.25635499906093],[-122.25582299999998,42.256441999060925],[-122.25588599999999,42.25653799906094],[-122.25590100000001,42.25658299906093],[-122.25592500000002,42.25675799906093],[-122.25592500000002,42.25692099906093],[-122.25591800000002,42.25700199906093],[-122.255888,42.257140999060944],[-122.255878,42.25720999906094],[-122.255878,42.25728199906093],[-122.2559,42.257464999060936],[-122.25596300000002,42.257725999060945],[-122.255969,42.25780199906093],[-122.25596000000003,42.257937999060935],[-122.25590400000007,42.258384999060915],[-122.255888,42.258591999060926],[-122.25588899999998,42.25898899906094],[-122.25588499999999,42.259097999060934],[-122.25587,42.259266999060934],[-122.25586100000002,42.259295999060924],[-122.25583799999998,42.259325999060934],[-122.25580500000001,42.259353999060934],[-122.255737,42.259400999060915],[-122.255573,42.25948499906092],[-122.255158,42.25968199906092]]},"id":"003c0000000000001866","properties":{"fullname":"Blm","linearid":"1102286028155","mtfcc":"S1400","rttyp":"M"}},{"type":"Feature","geometry":{"type":"LineString","coordinates":[[-122.26059599999999,42.25789099906094],[-122.26074999999999,42.25769299906094],[-122.26102200000003,42.25725699906095],[-122.26117300000001,42.25698599906093],[-122.26120599999999,42.256909999060944],[-122.26124500000002,42.25683599906093],[-122.26129000000005,42.25676599906093],[-122.26134100000002,42.25669799906094],[-122.261412,42.25662199906093],[-122.26149100000005,42.256548999060925],[-122.26162499999997,42.256443999060934],[-122.26178499999999,42.25634199906093],[-122.26200400000002,42.25621099906095],[-122.262436,42.25596599906093],[-122.263005,42.25565699906094],[-122.26328500000001,42.25549899906095],[-122.263636,42.25528299906094],[-122.26377399999998,42.25518799906094],[-122.264175,42.25488999906094],[-122.26533200000004,42.25401099906094],[-122.26574800000003,42.25370899906096],[-122.265964,42.25356399906096],[-122.26619699999998,42.253413999060946],[-122.26645499999998,42.253262999060944],[-122.26652600000001,42.253225999060945],[-122.26660100000005,42.25319699906095],[-122.266672,42.25317899906095],[-122.266822,42.25315899906094],[-122.266975,42.253149999060945],[-122.26708900000004,42.253148999060954],[-122.267318,42.253160999060945],[-122.267432,42.253159999060955],[-122.26756500000002,42.253148999060954],[-122.26769600000003,42.25313199906096],[-122.267813,42.253110999060944],[-122.26815699999999,42.253029999060956],[-122.26901000000004,42.25280999906095],[-122.26914500000004,42.25277999906096],[-122.26961700000001,42.25271399906095],[-122.26990000000002,42.252659999060945],[-122.270082,42.25261199906093],[-122.270218,42.25255999906095],[-122.270359,42.25248999906094],[-122.270553,42.25238099906095],[-122.27079600000002,42.25223499906094],[-122.270837,42.252201999060944]]},"id":"003c0000000000001868","properties":{"fullname":"Blm","linearid":"1102286118232","mtfcc":"S1400","rttyp":"M"}},{"type":"Feature","geometry":{"type":"LineString","coordinates":[[-122.26059599999999,42.25789099906094],[-122.26078800000003,42.25782899906094],[-122.261004,42.25774899906092],[-122.26135999999998,42.25760799906094],[-122.262509,42.257118999060935],[-122.26481599999998,42.25615599906092],[-122.26512200000003,42.25603299906095],[-122.265694,42.25581899906095],[-122.26582600000002,42.25577399906094],[-122.266029,42.255717999060934],[-122.266165,42.25569099906093],[-122.266236,42.25568599906093],[-122.26630799999998,42.25568699906094],[-122.266378,42.25569399906093],[-122.266447,42.25570799906093],[-122.26651399999999,42.255726999060954],[-122.266622,42.255764999060936],[-122.26674200000002,42.255820999060944],[-122.26681800000001,42.255863999060935],[-122.26701000000001,42.25598999906092],[-122.267314,42.256218999060955],[-122.26808700000002,42.25685399906094],[-122.26814400000002,42.256893999060935],[-122.26820500000002,42.25692999906094],[-122.268282,42.256961999060934],[-122.268447,42.25700999906094],[-122.26853400000003,42.257028999060935],[-122.268623,42.25704199906093],[-122.26880500000001,42.25705699906094],[-122.26902999999999,42.25706799906093],[-122.26916500000002,42.257067999060936],[-122.26929399999999,42.257058999060924],[-122.26942200000003,42.25704299906094],[-122.26970299999999,42.25698899906094],[-122.269742,42.256972999060935]]},"id":"003c0000000000001869","properties":{"fullname":"Blm","linearid":"1102314545678","mtfcc":"S1400","rttyp":"M"}},{"type":"Feature","geometry":{"type":"LineString","coordinates":[[-122.269742,42.256972999060935],[-122.269783,42.256911999060925],[-122.269918,42.256769999060936],[-122.270047,42.25664999906093],[-122.270148,42.25652799906095],[-122.27020800000004,42.25642999906094],[-122.27025500000005,42.25632699906093],[-122.270326,42.256195999060935],[-122.27053500000004,42.25583399906094],[-122.27067799999999,42.25560499906094],[-122.270828,42.25537799906095],[-122.270953,42.255211999060954],[-122.27098500000002,42.255153999060944],[-122.27101799999998,42.25505899906094]]},"id":"003c000000000000186b","properties":{"fullname":"Blm","linearid":"1102286040480","mtfcc":"S1400","rttyp":"M"}},{"type":"Feature","geometry":{"type":"LineString","coordinates":[[-122.269742,42.256972999060935],[-122.270821,42.25665099906094],[-122.27157300000002,42.25644199906093],[-122.271827,42.25638099906093],[-122.272082,42.256325999060934],[-122.272599,42.25622999906094],[-122.273016,42.256167999060935]]},"id":"003c000000000000186c","properties":{"fullname":"Blm","linearid":"1102314545675","mtfcc":"S1400","rttyp":"M"}},{"type":"Feature","geometry":{"type":"LineString","coordinates":[[-122.27461499999998,42.255383999060925],[-122.274485,42.25538699906094],[-122.27429300000003,42.25541299906094],[-122.27412000000001,42.25545099906095],[-122.273989,42.25549099906093],[-122.27385200000002,42.25555099906094],[-122.273681,42.255644999060955],[-122.27358900000002,42.255705999060936],[-122.27307699999999,42.25611499906094],[-122.273016,42.256167999060935]]},"id":"003c000000000000186e","properties":{"fullname":"Blm","linearid":"1102286036198","mtfcc":"S1400","rttyp":"M"}},{"type":"Feature","geometry":{"type":"LineString","coordinates":[[-122.273016,42.256167999060935],[-122.27314699999998,42.25620699906094],[-122.27407300000003,42.25633299906094],[-122.274938,42.25643999906094],[-122.27569300000002,42.25651799906093],[-122.276142,42.25655199906092],[-122.27638900000002,42.25655699906095]]},"id":"003c000000000000186f","properties":{"fullname":"Blm","linearid":"1102314545674","mtfcc":"S1400","rttyp":"M"}},{"type":"Feature","geometry":{"type":"LineString","coordinates":[[-122.28342499999998,42.24721199906097],[-122.28339300000003,42.247427999060974],[-122.28337400000004,42.247518999060965],[-122.283348,42.24760799906096],[-122.28331000000004,42.247697999060954],[-122.28320900000001,42.247871999060976],[-122.28300900000002,42.24817799906096],[-122.28292800000003,42.24828399906095],[-122.28284800000004,42.24837199906096],[-122.28267000000002,42.24853799906096],[-122.28217499999998,42.24895299906096],[-122.28196,42.24912599906096],[-122.28174000000004,42.24929499906096],[-122.28147500000003,42.249479999060966],[-122.281351,42.24957699906097],[-122.28127300000003,42.24964699906096],[-122.28113000000002,42.24979399906096],[-122.281003,42.24995099906096],[-122.280892,42.25011599906095],[-122.28086300000001,42.25016899906095],[-122.28079600000002,42.25032499906096],[-122.28070800000003,42.25049099906096],[-122.28061300000003,42.250655999060946],[-122.28051099999999,42.250817999060956],[-122.28035400000006,42.251045999060956],[-122.280257,42.25116499906096],[-122.28004899999999,42.251395999060954],[-122.27986000000001,42.251626999060946],[-122.27975500000005,42.25173599906096],[-122.27969400000003,42.25178499906095],[-122.27958300000003,42.25186299906096],[-122.27952200000001,42.251894999060944],[-122.27946300000002,42.251915999060955],[-122.27933500000002,42.251946999060955],[-122.27925199999997,42.25195899906094],[-122.27908200000003,42.25196699906095],[-122.27874500000003,42.251969999060954],[-122.27848900000001,42.251953999060945],[-122.278231,42.25191799906096],[-122.27810600000002,42.251889999060936],[-122.27804400000001,42.25187099906095],[-122.27773799999999,42.25176099906094],[-122.27750200000003,42.25170699906095],[-122.277382,42.25168599906095],[-122.27725999999998,42.251669999060944],[-122.277051,42.251650999060956],[-122.27687600000004,42.251643999060946],[-122.27678900000001,42.25164799906094],[-122.276586,42.25168299906094],[-122.27632099999998,42.251707999060955],[-122.276232,42.25170899906096],[-122.276144,42.25170299906094],[-122.27604600000002,42.25168899906096],[-122.275734,42.25161799906096],[-122.27550100000002,42.25155299906096],[-122.275391,42.25151299906096],[-122.27529,42.251465999060954],[-122.27500799999999,42.25129699906096],[-122.27490900000002,42.25124699906095],[-122.274729,42.251166999060956],[-122.27460299999998,42.25111899906096],[-122.27447199999997,42.25108399906095],[-122.27430300000002,42.25106299906095],[-122.274254,42.251064999060944],[-122.27420699999998,42.25107599906095],[-122.2741,42.25111699906096],[-122.274046,42.25114799906097],[-122.27401199999996,42.25117799906096],[-122.27398700000002,42.251212999060954],[-122.27390900000005,42.251386999060955],[-122.273892,42.25145099906096],[-122.273872,42.25157899906095],[-122.27384800000003,42.25181499906093],[-122.27384600000002,42.25189699906093],[-122.27383400000002,42.25197699906094],[-122.27381700000001,42.25201499906096],[-122.27378400000003,42.25206199906094],[-122.27374199999998,42.25210799906095],[-122.273693,42.25214699906096],[-122.27364500000002,42.252172999060946],[-122.27359100000001,42.25219399906094],[-122.273416,42.25223999906096],[-122.27331800000002,42.25225999906094],[-122.27321800000003,42.252274999060944],[-122.272914,42.252305999060944],[-122.27269100000001,42.25233599906093],[-122.27257900000002,42.252344999060945],[-122.272464,42.252347999060945],[-122.27235,42.25234599906095],[-122.27224600000001,42.252336999060944],[-122.27168799999998,42.25224599906094],[-122.27138300000003,42.25220699906095],[-122.27122400000003,42.25219799906094],[-122.27106400000001,42.25219399906094],[-122.27090399999999,42.252195999060945],[-122.270837,42.252201999060944]]},"id":"003c0000000000001871","properties":{"fullname":"Blm","linearid":"1102288919903","mtfcc":"S1400","rttyp":"M"}},{"type":"Feature","geometry":{"type":"LineString","coordinates":[[-122.269966,42.25049699906095],[-122.27017799999999,42.250566999060936],[-122.27027400000001,42.25062599906095],[-122.27046300000002,42.25075299906096],[-122.27064200000002,42.250891999060954],[-122.27075599999999,42.25099899906097],[-122.27080800000002,42.25105599906095],[-122.27085300000002,42.251114999060945],[-122.27092100000003,42.25124699906095],[-122.27097600000002,42.25138299906095],[-122.27102099999999,42.251521999060955],[-122.271036,42.25159099906096],[-122.27103899999999,42.25171699906094],[-122.271032,42.25177199906095],[-122.271008,42.25185899906094],[-122.27085700000003,42.25214699906096],[-122.270837,42.252201999060944]]},"id":"003c0000000000001872","properties":{"fullname":"Blm","linearid":"1102314545672","mtfcc":"S1400","rttyp":"M"}},{"type":"Feature","geometry":{"type":"LineString","coordinates":[[-122.25878300000002,42.25154299906095],[-122.25875899999998,42.251637999060954],[-122.258751,42.25173499906096],[-122.258757,42.25196499906094],[-122.25876700000002,42.25203099906095],[-122.258785,42.25209499906095],[-122.25883900000004,42.252208999060954],[-122.25887599999999,42.252261999060956],[-122.25891700000003,42.25230699906094],[-122.258964,42.25234899906096],[-122.25907099999999,42.252422999060954],[-122.259105,42.25244099906095],[-122.259213,42.252484999060954],[-122.25933799999999,42.25252799906094],[-122.25949200000001,42.25257099906094],[-122.259658,42.252605999060954],[-122.26009800000001,42.252658999060955],[-122.26029100000004,42.25269499906095],[-122.260385,42.252717999060955],[-122.26043400000002,42.25273399906094],[-122.26057500000002,42.25279099906095],[-122.26067100000002,42.25282299906094],[-122.26079499999999,42.252851999060944],[-122.260857,42.25285799906094],[-122.26091900000003,42.25285399906094],[-122.26098,42.252842999060945],[-122.2611,42.25280999906094],[-122.261252,42.252756999060956],[-122.261325,42.25272599906096],[-122.26142600000001,42.25267399906093],[-122.26152300000003,42.252615999060964],[-122.26169900000001,42.25252399906096],[-122.26210100000002,42.25235799906095],[-122.262457,42.252205999060955],[-122.26262200000002,42.252144999060945],[-122.26340000000002,42.25187199906094],[-122.263868,42.25173299906096],[-122.26402000000002,42.25167999906097],[-122.26417200000003,42.25161499906096],[-122.26468800000004,42.251377999060956],[-122.26479799999997,42.251331999060945],[-122.26491299999999,42.25129399906096],[-122.26498599999998,42.25127399906096],[-122.265138,42.25123999906095],[-122.26521400000003,42.25123099906095],[-122.2653,42.25122799906096],[-122.26538700000003,42.25122999906095],[-122.26547200000002,42.25123899906096],[-122.26554499999999,42.251252999060945],[-122.26568500000002,42.25129599906096],[-122.26587300000001,42.25134099906095],[-122.26599,42.25136299906095],[-122.26611000000001,42.251378999060954],[-122.26621000000003,42.251386999060955],[-122.26641300000001,42.251388999060964],[-122.26659200000003,42.251377999060956],[-122.26667900000002,42.25136499906095],[-122.26675600000003,42.251346999060964],[-122.266903,42.25129699906096],[-122.26701400000003,42.251248999060955],[-122.26713000000002,42.25118599906095],[-122.26727400000001,42.25108799906096],[-122.267464,42.25094299906095],[-122.26769999999999,42.25070499906096],[-122.26775100000002,42.25065999906095],[-122.26780600000001,42.25061899906096],[-122.26786700000001,42.25058199906096],[-122.26799700000002,42.250516999060956],[-122.26806500000004,42.25048899906094],[-122.26813500000006,42.250466999060954],[-122.26820200000002,42.250452999060954],[-122.26827100000001,42.250444999060946],[-122.268341,42.250442999060944],[-122.26855599999999,42.250447999060945],[-122.268915,42.250446999060955],[-122.269489,42.25046299906096],[-122.269888,42.250485999060956],[-122.269966,42.25049699906095]]},"id":"003c0000000000001873","properties":{"fullname":"Blm","linearid":"1102314545673","mtfcc":"S1400","rttyp":"M"}},{"type":"Feature","geometry":{"type":"LineString","coordinates":[[-122.269966,42.25049699906095],[-122.269975,42.25033799906094],[-122.26998400000004,42.25026199906094],[-122.27001000000001,42.25014799906095],[-122.27008,42.24998099906096],[-122.270131,42.24987399906095],[-122.27021999999998,42.24969099906095],[-122.27043100000003,42.24939599906096],[-122.270777,42.24893099906096],[-122.27095600000001,42.24866599906096],[-122.27103399999997,42.24852899906096],[-122.27113000000001,42.248319999060946],[-122.27118600000003,42.24822099906096],[-122.271222,42.248174999060964],[-122.27126500000001,42.24813299906097],[-122.271314,42.248094999060946],[-122.27136899999999,42.24805999906096],[-122.271428,42.24803199906097],[-122.27148899999999,42.24801099906096],[-122.271975,42.24789299906095],[-122.27214100000002,42.24784599906096],[-122.27226100000004,42.247799999060966],[-122.27237599999998,42.24774099906095],[-122.27244900000002,42.247697999060954],[-122.27253200000001,42.24763899906096],[-122.27296700000001,42.24724999906097],[-122.27325800000001,42.24699899906097],[-122.27349000000001,42.246808999060974],[-122.27361499999999,42.246720999060976],[-122.27381299999999,42.24659399906097],[-122.27392,42.246538999060974],[-122.27413699999997,42.246454999060965],[-122.27438200000005,42.24637799906096],[-122.27446,42.24634899906096],[-122.27453199999998,42.24631299906098],[-122.27457000000001,42.24628899906096],[-122.274673,42.246205999060976],[-122.274896,42.24600299906097],[-122.274954,42.24595999906096],[-122.27502,42.24592299906095],[-122.27509,42.24588999906097],[-122.27527900000001,42.24582399906096],[-122.27539899999998,42.24579299906097],[-122.27547999999999,42.24578199906097],[-122.27555700000003,42.24577899906097],[-122.27563400000001,42.245782999060964],[-122.27571100000004,42.245791999060984],[-122.27583,42.24581499906097],[-122.27595600000002,42.245852999060965],[-122.27616700000006,42.245939999060965]]},"id":"003c0000000000001875","properties":{"fullname":"Blm","linearid":"1102288931941","mtfcc":"S1400","rttyp":"M"}},{"type":"Feature","geometry":{"type":"LineString","coordinates":[[-122.27179600000001,42.238717999060995],[-122.27188800000002,42.238688999061],[-122.27198,42.23866999906098],[-122.27206800000002,42.23864499906099],[-122.27215299999996,42.23861599906099],[-122.27223500000004,42.238582999060995],[-122.27237500000003,42.23850699906098],[-122.27251800000006,42.238409999061],[-122.27266900000002,42.238296999061],[-122.272759,42.238244999060974],[-122.27294799999999,42.23814999906099],[-122.27313799999999,42.238061999060974],[-122.273331,42.23797799906097],[-122.27352,42.23788899906099],[-122.27395500000002,42.237646999061006],[-122.274131,42.237539999061006],[-122.27420899999998,42.237508999061],[-122.27425100000002,42.23749799906099],[-122.27435300000002,42.237489999061],[-122.27441099999999,42.237492999061],[-122.274461,42.237504999060995],[-122.27451000000002,42.237521999060995],[-122.27461600000001,42.23757099906099],[-122.275007,42.237835999061],[-122.275116,42.23791899906098],[-122.27528800000007,42.238071999061],[-122.27544100000004,42.238192999061],[-122.27564600000001,42.238326999060995],[-122.275829,42.23843299906099],[-122.27598799999998,42.23853399906099],[-122.276074,42.23857399906098],[-122.27612199999999,42.238588999060994],[-122.27617300000003,42.23859999906099],[-122.27626,42.23860799906099],[-122.27633499999999,42.23859999906099],[-122.27640199999998,42.238575999060984],[-122.276628,42.238450999060994],[-122.27682800000001,42.23830099906098],[-122.27689800000003,42.23825399906099],[-122.27717899999999,42.238105999061],[-122.27729900000001,42.23802799906099],[-122.277413,42.237944999061],[-122.277742,42.237686999061005],[-122.27830900000001,42.237214999061],[-122.278772,42.236810999061],[-122.27884500000002,42.236739999061],[-122.278912,42.236664999061],[-122.278943,42.23662199906099],[-122.27902500000002,42.236483999060994],[-122.27908500000002,42.23639599906099],[-122.27915299999998,42.236321999061005],[-122.279394,42.236117999061],[-122.27946900000002,42.236047999061],[-122.279595,42.235911999060995],[-122.27971400000001,42.235771999060994],[-122.27994700000002,42.235482999061006],[-122.28017100000001,42.23518299906101],[-122.28029200000002,42.235036999061],[-122.28041900000002,42.234900999061004],[-122.28060200000004,42.234732999061],[-122.28078599999998,42.23458099906101],[-122.281061,42.234377999060996],[-122.281382,42.23415799906101],[-122.28149000000002,42.234104999061],[-122.28168900000001,42.234056999060996],[-122.28195300000004,42.23398299906102],[-122.28235299999999,42.233857999061],[-122.28262299999999,42.233760999061005],[-122.282732,42.233709999061006],[-122.28294000000002,42.23359499906102],[-122.283035,42.23352999906101],[-122.28326500000001,42.233345999061],[-122.28360800000004,42.233105999061],[-122.28342599999999,42.23296599906101],[-122.28327400000002,42.232834999061026],[-122.28315499999998,42.232710999061005]]},"id":"003c0000000000001877","properties":{"fullname":"Blm","linearid":"1102314693005","mtfcc":"S1400","rttyp":"M"}},{"type":"Feature","geometry":{"type":"LineString","coordinates":[[-122.28710400000003,42.233887999061004],[-122.28679400000001,42.233689999061006],[-122.28664600000002,42.23358399906102],[-122.286491,42.23348299906099],[-122.286331,42.233387999061],[-122.28607400000003,42.23325599906101],[-122.285885,42.23316999906102],[-122.28578700000001,42.23313299906101],[-122.285686,42.23309999906101],[-122.28548700000002,42.23304999906101],[-122.28538500000002,42.233030999061],[-122.285283,42.23301799906102],[-122.28516899999998,42.233012999061],[-122.28449200000003,42.233043999061],[-122.284162,42.233062999061026],[-122.28360800000004,42.233105999061]]},"id":"003c000000000000187c","properties":{"fullname":"Blm","linearid":"1102285637852","mtfcc":"S1400","rttyp":"M"}},{"type":"Feature","geometry":{"type":"LineString","coordinates":[[-122.27003800000003,42.236281999061],[-122.270122,42.23637399906101],[-122.27020900000001,42.236444999061],[-122.27025900000001,42.236473999061],[-122.27031500000002,42.236498999061],[-122.27043900000001,42.236533999060995],[-122.270651,42.23657499906101],[-122.270683,42.23657499906101],[-122.270873,42.236550999060995],[-122.27111400000001,42.236467999061],[-122.271251,42.236429999060995],[-122.27139000000003,42.23639699906099],[-122.27175500000003,42.236328999061],[-122.27199999999999,42.236290999061],[-122.27233100000001,42.236253999061],[-122.272497,42.236242999061],[-122.27289400000002,42.23623799906102],[-122.27304500000004,42.236225999061006],[-122.273344,42.23618599906099],[-122.27388400000002,42.23609899906099],[-122.27412700000001,42.23606599906101],[-122.27427200000002,42.236058999060994],[-122.27441699999999,42.23605799906099],[-122.27456400000001,42.236064999061],[-122.27472400000003,42.236083999061]]},"id":"003c000000000000187e","properties":{"fullname":"Blm","linearid":"1102302501637","mtfcc":"S1400","rttyp":"M"}},{"type":"Feature","geometry":{"type":"LineString","coordinates":[[-122.27211100000001,42.231745999061026],[-122.272104,42.23189199906101],[-122.27207200000001,42.23197899906102],[-122.27203000000002,42.23206199906102],[-122.27191600000002,42.232214999061014],[-122.27175400000004,42.23239799906102],[-122.271582,42.232571999061],[-122.27136700000001,42.23276999906102],[-122.27128799999998,42.23282999906101],[-122.27115999999998,42.23291299906102],[-122.27092600000003,42.233035999061],[-122.270417,42.233330999061],[-122.27020800000001,42.233443999060995],[-122.27016299999998,42.23346599906099],[-122.26992500000001,42.23358399906102],[-122.26977999999997,42.233648999061],[-122.26962999999999,42.23370699906101],[-122.269362,42.23379499906101],[-122.26922400000001,42.23382899906101],[-122.269056,42.233861999061006],[-122.268797,42.233891999061],[-122.26862200000002,42.23389999906101],[-122.26853500000001,42.23389899906102],[-122.26836099999998,42.23388999906101],[-122.268125,42.233857999061],[-122.26797700000002,42.233826999060994],[-122.26785399999999,42.233783999061]]},"id":"003c0000000000001881","properties":{"fullname":"Blm","linearid":"1102304420958","mtfcc":"S1400","rttyp":"M"}},{"type":"Feature","geometry":{"type":"LineString","coordinates":[[-122.270013,42.22979799906102],[-122.26985600000002,42.22982899906103],[-122.26937700000003,42.22988499906102],[-122.26919800000006,42.229914999061016],[-122.26916899999998,42.229931999061016],[-122.269083,42.22999599906101],[-122.26904499999999,42.23003799906101],[-122.26898900000002,42.23012699906102],[-122.26895799999998,42.230269999061015],[-122.268954,42.23035499906102]]},"id":"003c0000000000001882","properties":{"fullname":"Blm","linearid":"1102285680465","mtfcc":"S1400","rttyp":"M"}},{"type":"Feature","geometry":{"type":"LineString","coordinates":[[-122.270013,42.22979799906102],[-122.27010499999999,42.22972599906101],[-122.27012800000003,42.229702999061026],[-122.270143,42.229678999061015],[-122.27014700000002,42.229653999061014],[-122.270131,42.22960199906102],[-122.27011700000001,42.229577999061014],[-122.27009100000001,42.229548999061016],[-122.269993,42.22947799906102],[-122.269897,42.229426999061026],[-122.269828,42.229398999061026],[-122.26955199999999,42.22930199906102],[-122.269368,42.22924299906102],[-122.269189,42.22919299906103],[-122.26882499999999,42.22910499906102],[-122.26828900000001,42.22896499906101],[-122.267857,42.228869999061025],[-122.267638,42.228830999061024],[-122.26707000000002,42.22875099906103],[-122.26649800000003,42.22865799906103]]},"id":"003c0000000000001884","properties":{"fullname":"Blm","linearid":"1102314553480","mtfcc":"S1400","rttyp":"M"}},{"type":"Feature","geometry":{"type":"LineString","coordinates":[[-122.273802,42.22894799906103],[-122.27356200000001,42.22884599906102],[-122.27350100000001,42.228815999061034],[-122.27343800000001,42.228793999061025],[-122.273371,42.22877899906103],[-122.27326600000002,42.22876899906102],[-122.273215,42.22877199906101],[-122.27316199999999,42.22878399906102],[-122.27306200000002,42.22882299906102],[-122.27298500000005,42.22886099906101],[-122.272794,42.22898499906103],[-122.272658,42.22908999906102],[-122.27228499999998,42.229401999061025],[-122.27209100000003,42.229569999061034],[-122.27174699999999,42.22988199906102],[-122.271569,42.23002899906102],[-122.271473,42.230095999061014],[-122.27133000000002,42.23017599906103],[-122.271254,42.23021199906102],[-122.27117499999999,42.23024399906102],[-122.27099500000001,42.230300999061015],[-122.27094500000003,42.23031199906101],[-122.27090500000001,42.230313999061],[-122.27084600000002,42.230310999061025],[-122.27074799999998,42.230283999061015],[-122.270674,42.23025499906101],[-122.27059700000002,42.23020899906103],[-122.27045400000004,42.23010699906101],[-122.27029699999999,42.22998199906101],[-122.27019000000001,42.229905999060996],[-122.270013,42.22979799906102]]},"id":"003c0000000000001886","properties":{"fullname":"Blm","linearid":"1102314553482","mtfcc":"S1400","rttyp":"M"}},{"type":"Feature","geometry":{"type":"LineString","coordinates":[[-122.276512,42.23102999906101],[-122.27654900000005,42.23108799906102],[-122.276653,42.23117699906101],[-122.27680199999998,42.23127999906101],[-122.276833,42.23135299906101],[-122.27692100000004,42.23150899906102],[-122.27701600000003,42.231660999061006],[-122.277162,42.23187199906102],[-122.27718,42.23189199906101],[-122.277202,42.231907999061015],[-122.277245,42.23192299906103],[-122.27730200000005,42.23192899906101],[-122.27734000000002,42.23192599906101],[-122.27738100000003,42.23191499906101],[-122.27740700000003,42.23190299906102],[-122.277472,42.23187199906102],[-122.27769600000002,42.231687999061016],[-122.278069,42.231355999060995],[-122.27813200000001,42.231288999061015],[-122.278189,42.231219999061025],[-122.27827,42.23110399906102],[-122.27830300000001,42.231043999061015],[-122.278327,42.23096899906102],[-122.27837999999998,42.23069599906101],[-122.278396,42.23063799906102],[-122.27842200000005,42.230583999061025],[-122.27847699999998,42.23051099906101],[-122.27850999999998,42.230475999061014],[-122.27854800000001,42.230444999061035],[-122.27861800000001,42.23040799906102],[-122.27870899999999,42.23038399906102],[-122.27887600000001,42.23035399906102],[-122.27898299999998,42.23034399906102],[-122.27917100000003,42.23033399906101],[-122.27941500000003,42.230335999061026],[-122.27952100000005,42.23034299906101],[-122.27973199999998,42.230365999061014],[-122.27983700000001,42.23036799906102],[-122.27994400000001,42.23035899906101],[-122.28027200000001,42.230314999061015],[-122.28038400000001,42.23030399906103],[-122.28052799999998,42.230299999061],[-122.28096000000001,42.23030999906102],[-122.281102,42.23031999906102],[-122.281243,42.23033699906101],[-122.28167000000003,42.230425999061026],[-122.28172,42.23042899906102],[-122.28182699999999,42.23041299906102],[-122.28187800000002,42.230397999061026],[-122.28194100000002,42.230372999061025],[-122.28209,42.230291999061016],[-122.282232,42.23019899906102],[-122.28229200000001,42.23016499906102],[-122.282357,42.23013799906101],[-122.28240000000005,42.23012599906101],[-122.28253800000002,42.23009799906102],[-122.282612,42.23009199906102]]},"id":"003c0000000000001888","properties":{"fullname":"Blm","linearid":"1102314729968","mtfcc":"S1400","rttyp":"M"}},{"type":"Feature","geometry":{"type":"LineString","coordinates":[[-122.27811899999999,42.22857199906101],[-122.27828700000005,42.22856499906102],[-122.27861800000001,42.22856699906102],[-122.278919,42.228545999061026],[-122.27900300000003,42.22852999906101],[-122.279087,42.22851899906102],[-122.27919099999998,42.22851299906102],[-122.27966100000003,42.228514999061034],[-122.27992100000004,42.22852299906101],[-122.28005000000002,42.22853499906103],[-122.28030999999999,42.22857399906103],[-122.28070299999999,42.22861799906102],[-122.280892,42.228650999061],[-122.28098699999998,42.22866299906102],[-122.28111599999997,42.22866999906103],[-122.28117900000001,42.22866699906103],[-122.281237,42.228656999061016],[-122.28135000000002,42.22862199906103],[-122.28149200000003,42.22855599906102],[-122.28159800000002,42.22848699906103],[-122.28171399999998,42.22840299906103],[-122.28193900000001,42.228212999061014],[-122.28202300000001,42.228133999061015],[-122.282162,42.22798399906102],[-122.28223799999999,42.22791399906103],[-122.282317,42.22785099906103],[-122.28240300000004,42.22779499906103],[-122.28245000000003,42.227774999061026],[-122.28249900000002,42.22776299906103],[-122.282606,42.22775499906103],[-122.282826,42.227758999061024],[-122.28310099999997,42.22777299906102],[-122.283416,42.22780999906102],[-122.28348999999999,42.22782499906101],[-122.28370400000001,42.22790499906101],[-122.28391900000003,42.22799399906102],[-122.28401200000002,42.22804499906103],[-122.284099,42.22810099906103],[-122.28418000000002,42.22816099906104],[-122.28424300000002,42.228216999061026],[-122.28435000000003,42.22833799906104],[-122.28444899999998,42.22846399906103],[-122.28450300000002,42.228524999061015],[-122.28506400000005,42.22909599906103],[-122.28531100000001,42.22933399906102]]},"id":"003c000000000000188b","properties":{"fullname":"Blm","linearid":"1102285681077","mtfcc":"S1400","rttyp":"M"}},{"type":"Feature","geometry":{"type":"LineString","coordinates":[[-122.27827600000008,42.22316999906106],[-122.278045,42.22330699906103],[-122.277934,42.22339199906103],[-122.27784100000001,42.22348299906104],[-122.277767,42.22357999906102],[-122.27771,42.22368199906104],[-122.277685,42.223752999061034],[-122.277657,42.22390199906104],[-122.277649,42.22397699906103],[-122.27764100000002,42.224199999061035],[-122.277566,42.224568999061034],[-122.27750200000003,42.22476599906103],[-122.27747800000003,42.22481799906103],[-122.27744700000001,42.22486699906103],[-122.27736600000001,42.22495699906104],[-122.27731800000001,42.22499699906104],[-122.27725299999997,42.22503899906104],[-122.27712600000001,42.22510499906102],[-122.277065,42.225131999061034],[-122.27700199999998,42.22515299906103],[-122.276938,42.225167999061036],[-122.27688400000002,42.22517599906104],[-122.27684900000001,42.22518099906103],[-122.276756,42.225183999061024],[-122.276712,42.225177999061025],[-122.27667199999998,42.22516699906103],[-122.276625,42.22514199906102],[-122.276582,42.22510999906104],[-122.27654500000003,42.225074999061036],[-122.27652,42.22504099906104],[-122.27650200000001,42.22500399906104],[-122.27641800000004,42.22476499906104],[-122.276395,42.22472799906104],[-122.27635100000002,42.224684999061054],[-122.27620999999998,42.22457899906103],[-122.275919,42.22440599906103],[-122.27582300000003,42.22435399906104],[-122.27566700000001,42.22428099906104],[-122.275548,42.224233999061035],[-122.275456,42.22420799906102],[-122.27536200000002,42.22419399906103],[-122.27523000000005,42.22419199906103],[-122.27510300000003,42.22420799906103],[-122.27503500000002,42.22422699906103],[-122.27496900000001,42.22425199906103],[-122.27484400000002,42.224312999061034],[-122.27476300000001,42.22435899906102],[-122.27460800000003,42.224455999061036],[-122.27451100000003,42.22450099906104],[-122.27440999999999,42.224540999061034],[-122.27409500000002,42.224641999061035],[-122.27393599999999,42.22468699906105],[-122.272917,42.22494199906103],[-122.27257099999999,42.22503399906105],[-122.27229,42.225114999061034],[-122.271941,42.22522399906103],[-122.27177300000004,42.22528799906103],[-122.27169500000001,42.22532699906103],[-122.27159900000001,42.22538799906104],[-122.27133100000002,42.22557599906102],[-122.27107199999999,42.22576799906103],[-122.27077300000006,42.225972999061035],[-122.270647,42.22603699906102],[-122.270283,42.22618999906103],[-122.27021999999998,42.22621899906104],[-122.270161,42.22625199906103],[-122.27006300000002,42.226325999061046],[-122.26998299999998,42.22640399906103],[-122.269953,42.22644699906105],[-122.26993100000001,42.22650099906104],[-122.269909,42.226614999061034],[-122.269902,42.22670399906104],[-122.269916,42.22688399906103],[-122.26994400000001,42.227025999061034],[-122.269974,42.22727399906103],[-122.269973,42.227314999061015],[-122.26995800000002,42.22735799906102],[-122.269917,42.22741999906102],[-122.269864,42.22746399906102],[-122.26984099999996,42.22747699906103],[-122.26982299999999,42.22748699906102],[-122.269779,42.22750599906102],[-122.26972300000003,42.22751799906103],[-122.269603,42.22752799906102],[-122.26934200000002,42.22753199906102],[-122.26921200000001,42.22752799906102],[-122.26908200000001,42.227528999061015],[-122.26871000000001,42.22755299906103],[-122.26858699999998,42.22756599906103],[-122.26846600000002,42.22758499906102],[-122.26834600000001,42.227608999061026],[-122.26821300000002,42.22764499906103],[-122.267675,42.22782399906102],[-122.267186,42.22799499906102],[-122.267083,42.228037999061016],[-122.26695000000002,42.22810899906102],[-122.26688800000004,42.22814899906102],[-122.266831,42.22819299906102],[-122.26677899999999,42.228242999061024],[-122.266691,42.228353999061014],[-122.26663999999997,42.228430999061025],[-122.266596,42.228511999061034],[-122.26649800000003,42.22865799906103]]},"id":"003c000000000000188d","properties":{"fullname":"Blm","linearid":"1102314553479","mtfcc":"S1400","rttyp":"M"}},{"type":"Feature","geometry":{"type":"LineString","coordinates":[[-122.27017499999998,42.222316999061036],[-122.270266,42.222302999061036],[-122.27029600000003,42.222297999061034],[-122.27062699999999,42.222210999061055],[-122.27099700000002,42.22212399906105],[-122.271273,42.22204799906105],[-122.271365,42.22201699906104],[-122.27172800000004,42.22188199906104],[-122.27213800000001,42.221716999061044],[-122.27236599999999,42.22161899906104],[-122.27247499999999,42.22156499906105],[-122.27254900000001,42.221521999061046],[-122.27258,42.22150599906104],[-122.27270900000002,42.221421999061036],[-122.27283199999998,42.22133199906104],[-122.27291900000002,42.22125499906103],[-122.27308,42.22109299906106],[-122.27316800000004,42.22101699906105],[-122.273346,42.22088999906103],[-122.27344400000001,42.22083299906105],[-122.27354100000001,42.22078899906106],[-122.27374799999998,42.22071299906105],[-122.27390500000003,42.22066299906105],[-122.274065,42.220618999061045],[-122.27439199999999,42.22053999906104],[-122.27456000000004,42.22050499906105],[-122.27473,42.22047799906104],[-122.27493899999999,42.22045199906105],[-122.27504400000002,42.220447999061044],[-122.27521000000002,42.22046099906105],[-122.27529300000002,42.22047399906104],[-122.275457,42.220506999061044],[-122.275538,42.22052899906105],[-122.27561500000004,42.22055599906104],[-122.27567799999998,42.22058799906104],[-122.27573699999999,42.22062599906105],[-122.27584200000003,42.220710999061055],[-122.27605100000001,42.22091999906103],[-122.276163,42.22103799906105],[-122.276357,42.22128299906103],[-122.27639,42.22131899906104],[-122.27643,42.221349999061054],[-122.27651300000001,42.221391999061055],[-122.27655800000001,42.221404999061036],[-122.27660899999998,42.221407999061036],[-122.27666299999999,42.221404999061036],[-122.276763,42.22138099906105],[-122.276853,42.22133399906104],[-122.27692800000001,42.22128399906104],[-122.27694900000004,42.22126599906104],[-122.277021,42.22120299906104],[-122.27716300000003,42.221046999061045],[-122.27729000000005,42.22084199906104],[-122.27734800000007,42.22076799906104],[-122.27747600000002,42.22062499906106],[-122.27755200000001,42.220551999061044],[-122.27771500000003,42.22041299906105],[-122.27790300000001,42.22027999906104],[-122.278021,42.22018399906105],[-122.27813100000002,42.220083999061046],[-122.27826300000001,42.21994999906104],[-122.27835500000003,42.21986999906105],[-122.27845299999998,42.219792999061056],[-122.27855600000002,42.219720999061046],[-122.27866600000002,42.219651999061064],[-122.27874500000003,42.21959599906104]]},"id":"003c000000000000188e","properties":{"fullname":"Blm","linearid":"1102314692820","mtfcc":"S1400","rttyp":"M"}},{"type":"Feature","geometry":{"type":"LineString","coordinates":[[-122.25603900000002,42.230249999061016],[-122.25616099999999,42.230144999061025],[-122.256229,42.230080999061016],[-122.25628899999998,42.230012999061],[-122.25634199999999,42.229942999061],[-122.25639000000002,42.229863999061],[-122.25642899999998,42.229782999061015],[-122.25645300000002,42.22970699906102],[-122.25647,42.22962999906102],[-122.25649599999997,42.229553999061025],[-122.25656099999999,42.229438999061],[-122.25662499999999,42.22935599906103],[-122.25670600000001,42.22927399906103],[-122.25683200000002,42.22917499906102],[-122.25690000000003,42.22912999906102],[-122.25703400000003,42.22905199906103],[-122.25710500000001,42.22901699906101],[-122.257224,42.22897699906103],[-122.25745500000002,42.22893599906102],[-122.257581,42.22890399906101],[-122.25763900000001,42.22888299906102],[-122.25768500000001,42.22885999906102],[-122.25772500000002,42.228832999061034],[-122.257761,42.22880199906102],[-122.25804700000002,42.22852599906103],[-122.25809100000001,42.228498999061024],[-122.25813900000003,42.22847799906103],[-122.25819200000001,42.22846099906102],[-122.25830599999999,42.22843799906102],[-122.25841899999999,42.22842999906103],[-122.258482,42.22843299906103],[-122.25860999999998,42.22845699906102],[-122.25873600000001,42.22849299906103],[-122.258989,42.22855699906103],[-122.25917800000003,42.22860999906102],[-122.25936300000002,42.228668999061014],[-122.25967,42.22878599906102],[-122.25994499999999,42.22886799906102],[-122.260214,42.22896099906103],[-122.26058500000002,42.22911999906103],[-122.260913,42.22928099906103],[-122.26113500000001,42.22938399906102],[-122.261388,42.22948199906101],[-122.26151100000003,42.22953499906102],[-122.26169400000006,42.229635999061],[-122.26186200000001,42.22975099906101],[-122.261958,42.229840999061025],[-122.262012,42.22987999906104],[-122.26208600000001,42.229923999061015],[-122.26211300000001,42.229933999061046],[-122.262142,42.22993699906101],[-122.262187,42.22992799906102],[-122.26223000000002,42.22991199906101],[-122.26225899999997,42.22989199906101],[-122.26228099999999,42.22986699906102],[-122.262316,42.229812999061025],[-122.26234600000002,42.22974099906102],[-122.26236300000001,42.22970199906102],[-122.262505,42.229290999061035],[-122.262547,42.22920599906102],[-122.26263300000004,42.22906099906103],[-122.26268199999997,42.22899099906103],[-122.26273900000002,42.22892599906102],[-122.262792,42.22887799906103],[-122.26285,42.228832999061034],[-122.262914,42.22879099906104],[-122.26311599999998,42.228672999061025],[-122.26342800000002,42.22847799906103],[-122.26355400000001,42.228406999061015],[-122.26362100000001,42.22837599906102],[-122.26369900000002,42.22834899906103],[-122.263781,42.228325999061035],[-122.26394000000003,42.22829699906102],[-122.26401700000004,42.228290999061024],[-122.26417300000001,42.22829199906102],[-122.26462900000001,42.228326999061025],[-122.26477099999998,42.22834399906102],[-122.265054,42.228389999061015],[-122.26547399999997,42.22847099906102],[-122.26591400000001,42.22856499906103],[-122.26614000000004,42.22860299906101],[-122.26636800000001,42.228634999061015],[-122.26649800000003,42.22865799906103]]},"id":"003c0000000000001892","properties":{"fullname":"Blm","linearid":"1102314553481","mtfcc":"S1400","rttyp":"M"}},{"type":"Feature","geometry":{"type":"LineString","coordinates":[[-122.253335,42.22818599906103],[-122.25333700000002,42.22825499906102],[-122.253356,42.228447999061025],[-122.25336700000001,42.228640999061035],[-122.25337299999998,42.22904699906102],[-122.253351,42.22915199906101],[-122.25330100000002,42.22925399906103],[-122.25322500000003,42.229388999061015],[-122.25298200000002,42.22987099906102],[-122.252914,42.230034999061026],[-122.252849,42.230215999061016],[-122.25282100000001,42.230307999061026],[-122.25280100000003,42.23039999906102],[-122.25278999999999,42.23048699906102],[-122.25278700000001,42.230716999061016],[-122.25281,42.230883999061014],[-122.25282000000001,42.23099599906101],[-122.25282000000001,42.23110999906103],[-122.252799,42.231337999061026],[-122.25278300000002,42.23145199906101],[-122.25271899999997,42.23172199906101],[-122.25270999999998,42.23181099906102],[-122.25271100000003,42.23191499906101],[-122.252722,42.23201899906102],[-122.252734,42.232070999060994],[-122.25275200000002,42.23211999906102],[-122.252777,42.23216799906102],[-122.25282899999999,42.23224499906102],[-122.25285999999998,42.23228199906101],[-122.252894,42.232313999061],[-122.25292200000001,42.232331999060996],[-122.25293200000002,42.232338999061014],[-122.25296500000002,42.23235099906102],[-122.25300099999998,42.232357999061016],[-122.25308,42.232360999061015],[-122.25320700000002,42.232345999061],[-122.253356,42.232313999061],[-122.25349100000001,42.23226499906102],[-122.25355300000001,42.23223599906102],[-122.25362600000001,42.232193999061],[-122.25369400000001,42.23214599906102],[-122.25386200000003,42.23200499906101],[-122.253983,42.23188899906101],[-122.25405700000002,42.231807999061026],[-122.25419600000001,42.23164099906102],[-122.254368,42.231412999061014],[-122.25442600000002,42.231343999061],[-122.25448800000001,42.23128799906101],[-122.254555,42.23123499906102],[-122.25468000000001,42.23114599906102],[-122.254927,42.231016999061026],[-122.25503899999998,42.230943999061026],[-122.25508599999999,42.230901999061025],[-122.25511,42.23087399906103],[-122.25525800000001,42.23066499906103],[-122.255305,42.23060999906101],[-122.255347,42.23057499906102],[-122.25544500000001,42.23051599906102],[-122.255554,42.23046599906101],[-122.25575099999999,42.23039999906102],[-122.25593000000002,42.230323999061035],[-122.25603900000002,42.230249999061016]]},"id":"003c0000000000001895","properties":{"fullname":"Blm","linearid":"1102304382451","mtfcc":"S1400","rttyp":"M"}},{"type":"Feature","geometry":{"type":"LineString","coordinates":[[-122.24619700000002,42.228417999061016],[-122.24606999999999,42.22847699906102],[-122.245964,42.22849599906102],[-122.245862,42.22852299906102],[-122.24577300000003,42.228551999061025],[-122.24568800000007,42.228586999061015],[-122.24556200000004,42.228650999061],[-122.24550000000005,42.228687999061016],[-122.24525400000002,42.228849999061026],[-122.24515799999999,42.22890799906103],[-122.2451,42.22893499906101],[-122.24491600000003,42.22900499906103],[-122.24479699999999,42.22905599906101],[-122.24469100000003,42.229111999061026],[-122.24458900000003,42.22917399906104],[-122.24449400000002,42.22923899906102],[-122.24439899999999,42.22931599906101],[-122.24431200000001,42.229397999061014],[-122.244233,42.22948299906101],[-122.24417500000003,42.22955599906103],[-122.24407600000002,42.229708999060996],[-122.24399400000004,42.22986799906103],[-122.24392600000003,42.230013999061015],[-122.24385500000002,42.230216999061014],[-122.24377700000001,42.230491999061016],[-122.24373200000002,42.23062799906102],[-122.24361499999998,42.23094699906102],[-122.243461,42.23129299906103],[-122.24336700000003,42.231481999061],[-122.24331500000004,42.23157399906101],[-122.243197,42.23175399906102],[-122.24313000000001,42.23184099906101],[-122.24302899999999,42.231946999061016],[-122.24292,42.23204999906102],[-122.24281999999998,42.232156999061026],[-122.24275599999999,42.232242999061015],[-122.24264700000003,42.232422999061015],[-122.242502,42.232699999061026],[-122.242346,42.233041999061],[-122.24230700000001,42.233106999061],[-122.24228200000002,42.23313999906102],[-122.24226000000002,42.233168999061],[-122.24214100000002,42.233305999061],[-122.242104,42.23333599906102],[-122.242032,42.23337099906101],[-122.241938,42.23340099906101],[-122.24186400000002,42.23343399906101],[-122.241833,42.233454999061],[-122.24181100000001,42.233484999061],[-122.24177300000004,42.23358399906102],[-122.24175300000002,42.23367699906101],[-122.24173900000001,42.23386599906101],[-122.241719,42.233997999060996],[-122.24164200000001,42.234273999060996],[-122.24160900000001,42.234411999061],[-122.241593,42.23455199906101],[-122.24159600000003,42.23462199906101],[-122.241613,42.234742999061005],[-122.24160500000004,42.234832999061005],[-122.241593,42.23487699906101],[-122.24156799999997,42.234930999061014],[-122.24153500000001,42.234981999061006],[-122.24147100000002,42.23505599906101],[-122.24097400000001,42.235467999061],[-122.240893,42.23553999906102],[-122.240752,42.23562899906099],[-122.24067800000002,42.23566099906101],[-122.24052200000001,42.235703999061],[-122.24042599999999,42.235716999061005],[-122.24031400000005,42.23571099906101],[-122.24028799999999,42.23570599906101]]},"id":"003c0000000000001896","properties":{"fullname":"Blm","linearid":"1102314634477","mtfcc":"S1400","rttyp":"M"}},{"type":"Feature","geometry":{"type":"LineString","coordinates":[[-122.24916000000002,42.232238999061],[-122.249111,42.232435999060996],[-122.249079,42.232518999061014],[-122.249039,42.23259899906102],[-122.24901299999999,42.23263899906102],[-122.24892299999999,42.23275599906101],[-122.248855,42.232830999060994],[-122.24878600000001,42.23289899906102],[-122.24871200000003,42.23296399906101],[-122.24854900000001,42.23308599906102],[-122.248372,42.23319499906101],[-122.248225,42.23326599906102],[-122.24815499999998,42.23330499906102],[-122.248095,42.233347999060996],[-122.24804100000004,42.23339499906101],[-122.24789100000001,42.233545999061],[-122.247565,42.23385399906101],[-122.246866,42.234474999061014],[-122.24676400000001,42.234574999061],[-122.246643,42.234681999060996],[-122.24660700000003,42.23472899906101],[-122.246594,42.234753999061006],[-122.24658699999999,42.23478099906101],[-122.24658600000002,42.234808999061],[-122.246594,42.23486699906102],[-122.24660599999997,42.234893999061],[-122.246627,42.23491499906101],[-122.246866,42.23504699906101],[-122.24693900000001,42.23507799906102],[-122.24696900000004,42.23509099906101],[-122.24702399999997,42.235103999061],[-122.247087,42.23510999906099],[-122.24742800000001,42.235100999061004],[-122.24752400000001,42.235103999061],[-122.247681,42.235116999061006],[-122.248159,42.235181999061005],[-122.24838199999999,42.23520199906101],[-122.24852899999999,42.23520499906101],[-122.24857999999999,42.23519499906101],[-122.24867900000002,42.235160999061],[-122.248769,42.235117999061],[-122.24882,42.235085999061],[-122.248865,42.23504999906102],[-122.24902699999997,42.23488999906101],[-122.24938899999998,42.23455799906098],[-122.24951699999998,42.234451999061],[-122.24964799999998,42.234352999060995],[-122.24978399999999,42.234256999061],[-122.25009900000002,42.234059999061],[-122.25027900000003,42.233956999061],[-122.250405,42.233893999060996],[-122.25053600000001,42.23383999906101],[-122.25060400000002,42.233815999061],[-122.250746,42.23377799906102],[-122.25087900000001,42.233753999061],[-122.25101800000003,42.23373699906101],[-122.25116200000005,42.233736999061],[-122.25132000000006,42.233726999061],[-122.251413,42.23372999906101],[-122.25157199999998,42.23374299906101],[-122.25209600000002,42.23381799906099],[-122.25219500000003,42.23382899906101],[-122.25229500000002,42.23383199906099],[-122.252402,42.233826999060994],[-122.25250799999998,42.233815999061],[-122.252612,42.23379899906101],[-122.25270700000002,42.23377699906101],[-122.252889,42.233716999061],[-122.253061,42.23364299906101],[-122.253153,42.233595999061],[-122.25341200000004,42.23343199906102],[-122.25403600000001,42.23299699906101],[-122.254259,42.232823999061004],[-122.25432500000001,42.23276099906101],[-122.254428,42.232644999061016],[-122.25454100000005,42.23248999906102],[-122.25458500000002,42.232413999061016],[-122.25462200000001,42.232335999061],[-122.254683,42.23217499906101],[-122.254753,42.231964999061006],[-122.25479100000001,42.231816999060996],[-122.25482599999998,42.23172099906103],[-122.25491600000002,42.231569999061],[-122.255029,42.23142799906102],[-122.25506300000002,42.231390999061006],[-122.25517900000003,42.23128799906101],[-122.25534499999999,42.23115599906101],[-122.255422,42.231085999061015],[-122.25552500000002,42.23097899906101],[-122.25572100000001,42.23075799906103],[-122.25589799999999,42.230580999061026],[-122.25593600000002,42.23053399906102],[-122.25598000000004,42.23045699906102],[-122.256011,42.23036899906102],[-122.25603900000002,42.230249999061016]]},"id":"003c0000000000001898","properties":{"fullname":"Blm","linearid":"1102314553483","mtfcc":"S1400","rttyp":"M"}},{"type":"Feature","geometry":{"type":"LineString","coordinates":[[-122.260706,42.231289999061026],[-122.260793,42.231356999061006],[-122.260856,42.23142499906102],[-122.260904,42.231493999061016],[-122.26091900000003,42.23154099906099],[-122.26092200000001,42.23160499906101],[-122.26089000000002,42.23176599906101],[-122.26087299999999,42.23193699906101],[-122.26083900000002,42.23219099906102],[-122.26074999999999,42.232653999061],[-122.260664,42.23300499906101],[-122.260532,42.233598999060995],[-122.26052200000001,42.233665999061],[-122.260553,42.233758999060996],[-122.26060799999999,42.23383199906099],[-122.26064300000003,42.23386399906099],[-122.26069200000002,42.23389599906102],[-122.26073599999998,42.233924999060996],[-122.260764,42.233937999061006],[-122.260791,42.23394999906101],[-122.26087800000002,42.233975999061],[-122.26092299999999,42.233981999061],[-122.260976,42.233982999061006],[-122.26102900000001,42.233975999061],[-122.26108299999999,42.23396199906101],[-122.26126299999999,42.233893999060996]]},"id":"003c000000000000189a","properties":{"fullname":"Blm","linearid":"1102314804163","mtfcc":"S1400","rttyp":"M"}},{"type":"Feature","geometry":{"type":"LineString","coordinates":[[-122.26037700000002,42.23765499906099],[-122.26020700000001,42.23755399906099],[-122.26004000000003,42.237469999061],[-122.25987300000001,42.23736399906099],[-122.25959800000001,42.23715599906099],[-122.25953700000001,42.237102999060994],[-122.259436,42.236994999061],[-122.259397,42.236939999061],[-122.25937400000005,42.236892999061],[-122.25935800000003,42.236844999061],[-122.25934800000002,42.23679499906101],[-122.25934900000003,42.236698999061005],[-122.259334,42.23661199906101],[-122.25931600000003,42.236571999061],[-122.25929200000003,42.23654199906101],[-122.25926,42.23651499906099],[-122.25898000000002,42.23635399906098],[-122.25885300000002,42.236286999060994],[-122.25872200000002,42.23622399906098],[-122.25858500000002,42.236135999061],[-122.258223,42.235889999060994]]},"id":"003c000000000000189c","properties":{"fullname":"Blm","linearid":"1102302501695","mtfcc":"S1400","rttyp":"M"}},{"type":"Feature","geometry":{"type":"LineString","coordinates":[[-122.257109,42.23767399906098],[-122.257065,42.237944999061],[-122.256924,42.238356999061004],[-122.25669999999998,42.23895499906099],[-122.25631700000002,42.239506999060985],[-122.25610199999998,42.239833999060984],[-122.25587700000001,42.24002999906097],[-122.25560600000001,42.24027299906099],[-122.255391,42.24039499906098],[-122.25496999999999,42.24059999906099],[-122.25454000000002,42.240861999060975],[-122.254419,42.240936999060985],[-122.25423200000002,42.24130199906098],[-122.25406399999999,42.241497999060975],[-122.25380200000002,42.24207799906097],[-122.253624,42.24215199906098],[-122.25339000000005,42.242357999060985],[-122.25329900000003,42.242371999060985]]},"id":"003c000000000000189d","properties":{"fullname":"Blm","linearid":"1104472276071","mtfcc":"S1400","rttyp":"M"}},{"type":"Feature","geometry":{"type":"LineString","coordinates":[[-122.257109,42.23767399906098],[-122.257116,42.237642999060995],[-122.25715299999999,42.237190999061],[-122.25719200000002,42.23698399906099],[-122.25721700000004,42.23688399906099],[-122.25728400000003,42.236725999061],[-122.257328,42.23665099906099],[-122.25744499999998,42.236498999061],[-122.257521,42.236422999061],[-122.25763300000001,42.236248999061004]]},"id":"003c000000000000189f","properties":{"fullname":"Blm","linearid":"1102291062755","mtfcc":"S1400","rttyp":"M"}},{"type":"Feature","geometry":{"type":"LineString","coordinates":[[-122.25334300000002,42.24305799906097],[-122.25332300000007,42.24295099906099],[-122.25328000000002,42.24249999906098],[-122.25328400000001,42.242434999060976],[-122.25329900000003,42.242371999060985]]},"id":"003c00000000000018a1","properties":{"fullname":"Blm","linearid":"1102304486543","mtfcc":"S1400","rttyp":"M"}},{"type":"Feature","geometry":{"type":"LineString","coordinates":[[-122.24597800000002,42.22441399906105],[-122.245937,42.22456399906105],[-122.245895,42.22475599906103],[-122.24581400000001,42.22506099906103],[-122.245662,42.22552199906102],[-122.24563800000003,42.22566299906102],[-122.24562000000002,42.225732999061016],[-122.24558,42.225819999061024],[-122.24555199999998,42.22586099906103],[-122.24549200000001,42.22592199906102],[-122.245457,42.22594799906104],[-122.24541699999997,42.22596899906103],[-122.24537100000002,42.22598099906102],[-122.245319,42.225986999061035],[-122.24510900000003,42.22599399906104],[-122.245006,42.22599099906104],[-122.244904,42.22598099906102],[-122.24472300000001,42.22594599906105],[-122.244569,42.225939999061026],[-122.24449199999998,42.22594299906105],[-122.24440200000004,42.22595399906104],[-122.244223,42.225986999061035],[-122.24401399999998,42.22600999906104],[-122.243878,42.226030999061024],[-122.243815,42.22604899906103],[-122.24374099999999,42.22608099906105],[-122.24367199999999,42.22611899906103],[-122.24344300000003,42.226268999061034],[-122.24334999999999,42.22633699906105],[-122.243262,42.22640899906102],[-122.24320000000002,42.226476999061035],[-122.24310600000004,42.226598999061046],[-122.242991,42.22689699906103],[-122.24290900000001,42.22694099906103]]},"id":"003c00000000000018a3","properties":{"fullname":"Blm","linearid":"1102284332516","mtfcc":"S1400","rttyp":"M"}},{"type":"Feature","geometry":{"type":"LineString","coordinates":[[-122.23150700000001,42.22088199906105],[-122.23150900000002,42.220824999061044],[-122.23148800000001,42.22074399906105],[-122.23146299999999,42.22067399906105],[-122.23143000000003,42.220605999061036],[-122.23139000000003,42.220539999061046],[-122.23134300000002,42.22047799906104],[-122.23121700000003,42.22035899906105],[-122.231145,42.22030499906104],[-122.23094699999999,42.22018499906105],[-122.2307,42.22002099906105],[-122.23047000000001,42.21985499906105],[-122.23036500000002,42.219792999061056],[-122.23029100000004,42.21975499906104],[-122.23017400000006,42.219705999061055],[-122.23005200000003,42.21966999906105],[-122.229967,42.21965199906106],[-122.22970600000004,42.21957099906105],[-122.229526,42.21948499906106],[-122.22936800000002,42.219373999061055],[-122.22920599999999,42.21926699906105],[-122.22886,42.219052999061056],[-122.22843300000002,42.21877899906105],[-122.22767300000001,42.21832299906105],[-122.22748499999999,42.218199999061056],[-122.22722100000001,42.21800199906105],[-122.22709499999999,42.21789799906104],[-122.22693300000005,42.21775499906105],[-122.22677800000001,42.21760699906107],[-122.22653700000001,42.217364999061054],[-122.22627500000002,42.21708799906106],[-122.225782,42.21658299906106],[-122.22535900000003,42.21612899906106],[-122.22479900000005,42.21550699906106],[-122.22460399999999,42.21529799906106],[-122.22440000000003,42.21509399906107],[-122.22410400000003,42.214817999061076],[-122.22394800000002,42.21468399906107],[-122.223764,42.21453399906108],[-122.22366600000002,42.214464999061065],[-122.22348800000003,42.21435699906105],[-122.22339400000001,42.21430899906108],[-122.223296,42.21426599906106],[-122.22310399999999,42.21420099906106],[-122.223004,42.21417699906106],[-122.22283300000001,42.21415499906106],[-122.22265799999998,42.21414799906107],[-122.222456,42.21414499906108],[-122.222226,42.214149999061064],[-122.22211200000001,42.21415799906106],[-122.22199900000003,42.21417199906107],[-122.221884,42.21419399906107],[-122.22137299999999,42.21431999906107],[-122.22109100000002,42.21439599906107],[-122.22065400000002,42.21452599906107],[-122.21995100000001,42.21475399906107],[-122.21983200000003,42.21478399906109],[-122.21973100000001,42.214799999061064],[-122.21962800000004,42.21480899906108],[-122.219315,42.214818999061066],[-122.21900099999998,42.21483399906107],[-122.21879100000001,42.21483999906107],[-122.218583,42.21483199906107],[-122.218415,42.214810999061065],[-122.218221,42.21477399906108],[-122.218095,42.214740999061064],[-122.21799399999999,42.21470799906107],[-122.217799,42.21462999906106],[-122.21763700000002,42.21455599906107],[-122.21732300000001,42.21437399906106],[-122.21719099999999,42.21430799906107],[-122.217058,42.21424999906106],[-122.21698900000001,42.21422399906108],[-122.21691900000003,42.21420299906105],[-122.216843,42.21418899906107],[-122.216474,42.21416099906106],[-122.215938,42.21415599906107],[-122.215804,42.21414899906107],[-122.215672,42.214134999061066],[-122.21555499999997,42.21411799906107],[-122.21532400000001,42.21407399906108],[-122.21520600000001,42.21404199906106],[-122.21509,42.214004999061075],[-122.21498000000003,42.21396299906106],[-122.21487197921114,42.21390833005407]]},"id":"003c00000000000018ac","properties":{"fullname":"Blm","linearid":"1102302050392","mtfcc":"S1400","rttyp":"M"}},{"type":"Feature","geometry":{"type":"LineString","coordinates":[[-122.22171600000003,42.220818999061045],[-122.22159500000001,42.22076799906103],[-122.22144699999998,42.220685999061054],[-122.22120500000001,42.22053999906104],[-122.221111,42.22047899906105],[-122.220387,42.21997999906103],[-122.22012600000002,42.219807999061054],[-122.219856,42.219638999061054],[-122.21973299999999,42.21957199906104]]},"id":"003c00000000000018ae","properties":{"fullname":"Blm","linearid":"1102302049353","mtfcc":"S1400","rttyp":"M"}},{"type":"Feature","geometry":{"type":"LineString","coordinates":[[-122.26864299999998,42.216536999061056],[-122.26879300000002,42.21671699906106],[-122.26885900000002,42.21684699906107],[-122.26887300000003,42.216910999061064],[-122.26887100000002,42.21693099906106],[-122.26883199999999,42.21703299906107],[-122.26880600000004,42.21716699906106],[-122.26877800000001,42.217228999061064],[-122.26871599999998,42.21732399906106],[-122.26856899999997,42.21748399906106],[-122.26845900000002,42.21761399906106],[-122.26836,42.21774799906107],[-122.26832000000005,42.21781899906105],[-122.268282,42.21790699906104],[-122.26822900000002,42.218052999061044],[-122.26814900000001,42.21834299906106],[-122.268114,42.21850099906106],[-122.26809,42.21857799906106],[-122.268044,42.21867399906106],[-122.26799000000003,42.21876799906105],[-122.26790799999998,42.21889099906105],[-122.26764299999999,42.21923099906106],[-122.26736399999999,42.21957299906106]]},"id":"003c00000000000018e5","properties":{"fullname":"Blm","linearid":"1102286462742","mtfcc":"S1400","rttyp":"M"}},{"type":"Feature","geometry":{"type":"LineString","coordinates":[[-122.274697,42.21677199906106],[-122.27479699999999,42.21682399906106],[-122.27484199999999,42.21684099906106],[-122.27488699999996,42.216851999061056],[-122.27493199999999,42.21685699906106],[-122.27502300000005,42.21685099906105],[-122.27506699999999,42.21683899906107],[-122.27523500000004,42.21676499906106],[-122.27534700000002,42.21672899906107],[-122.275424,42.21670399906107],[-122.27570800000005,42.21663199906105],[-122.275764,42.21662299906106],[-122.27582099999997,42.21662099906107],[-122.27590300000004,42.21662699906106],[-122.275983,42.21664099906107],[-122.27605199999999,42.216663999061076],[-122.276273,42.21676599906105],[-122.276322,42.21678199906107],[-122.27639600000002,42.21679599906107],[-122.276433,42.21679799906106],[-122.27648500000002,42.21678699906106],[-122.27653400000001,42.216758999061064],[-122.27655400000005,42.21674399906106],[-122.276581,42.21671699906106],[-122.27659300000002,42.21669399906106],[-122.276601,42.21664399906106],[-122.27660299999998,42.21656399906106],[-122.276628,42.216430999061075],[-122.27666199999999,42.21632699906106],[-122.27673800000001,42.216209999061064],[-122.27680800000003,42.21614199906106],[-122.276848,42.21611499906106],[-122.27689300000003,42.21609399906106],[-122.27694300000003,42.21607799906107],[-122.27705200000003,42.21605499906106],[-122.27730500000001,42.216013999061076],[-122.27758000000003,42.21598799906106],[-122.277927,42.215964999061065],[-122.278358,42.21594499906105],[-122.27862200000003,42.21594199906106],[-122.27875400000003,42.21594499906105],[-122.27888499999999,42.21595599906105],[-122.27899800000003,42.21597199906106],[-122.27910999999999,42.215992999061065],[-122.279219,42.216018999061056],[-122.27932599999998,42.21605299906107],[-122.27942900000004,42.21609199906107],[-122.27958800000003,42.21616499906106],[-122.280206,42.21650499906106],[-122.28036700000003,42.21658799906107],[-122.280636,42.216713999061064],[-122.28076700000003,42.21677999906105],[-122.280926,42.21686899906106],[-122.28107300000002,42.21696799906107],[-122.28112600000006,42.217011999061064],[-122.28117300000001,42.21705999906106],[-122.28120200000002,42.217105999061054],[-122.281235,42.217188999061044]]},"id":"003c00000000000018e7","properties":{"fullname":"Blm","linearid":"1102304364373","mtfcc":"S1400","rttyp":"M"}},{"type":"Feature","geometry":{"type":"LineString","coordinates":[[-122.285637,42.26132999906093],[-122.285407,42.260939999060916],[-122.28533200000001,42.26082799906092],[-122.285251,42.26071799906092],[-122.285164,42.26061099906092],[-122.285033,42.260479999060934],[-122.284974,42.26041199906093],[-122.28492800000002,42.260344999060926],[-122.284891,42.26027499906093],[-122.284864,42.26017099906091],[-122.284832,42.26009499906092],[-122.284813,42.26006999906091],[-122.28472400000001,42.25997699906092],[-122.28465000000004,42.25988499906092],[-122.284462,42.25955999906094],[-122.284393,42.25945599906093],[-122.284318,42.259353999060934],[-122.28423900000001,42.259266999060934],[-122.28408499999999,42.259115999060924],[-122.28372000000003,42.25878899906094],[-122.28336800000001,42.258408999060926],[-122.283024,42.25806599906092],[-122.282735,42.25780999906091],[-122.282625,42.25772199906095],[-122.28251799999998,42.25764399906094],[-122.282407,42.25756999906094],[-122.282225,42.25745899906093],[-122.28201700000004,42.25734799906094],[-122.281873,42.25727899906092],[-122.28157999999999,42.25714799906094],[-122.281294,42.257028999060935],[-122.28118200000007,42.25696599906093]]},"id":"003c000000000000190e","properties":{"fullname":"Blm","linearid":"1102314545679","mtfcc":"S1400","rttyp":"M"}},{"type":"Feature","geometry":{"type":"LineString","coordinates":[[-122.28118200000007,42.25696599906093],[-122.28122900000002,42.25711599906094],[-122.28123599999998,42.257203999060934],[-122.28122400000004,42.25726699906093],[-122.28117600000004,42.25744599906095],[-122.28113600000002,42.25764399906093],[-122.28110599999998,42.257885999060925],[-122.281081,42.25815399906093],[-122.28107700000004,42.25828899906093],[-122.28108,42.258460999060915],[-122.28109,42.25854599906093],[-122.28111700000002,42.258648999060924],[-122.28118200000007,42.258853999060925],[-122.28139800000004,42.259482999060936],[-122.28158900000003,42.26006299906093],[-122.28162300000001,42.26019399906092],[-122.28165100000001,42.260361999060926],[-122.28165400000006,42.26044599906094],[-122.28164400000007,42.2605369990609],[-122.28158099999999,42.26079499906093],[-122.28151,42.26101799906092],[-122.28147500000003,42.26110799906092]]},"id":"003c000000000000190f","properties":{"fullname":"Blm","linearid":"1102286117714","mtfcc":"S1400","rttyp":"M"}},{"type":"Feature","geometry":{"type":"LineString","coordinates":[[-122.28042500000001,42.256634999060935],[-122.280583,42.25668499906093],[-122.28080900000002,42.25676399906093],[-122.28091700000002,42.25681099906094],[-122.28105899999998,42.25688499906093],[-122.28118200000007,42.25696599906093]]},"id":"003c0000000000001910","properties":{"fullname":"Blm","linearid":"1102314545676","mtfcc":"S1400","rttyp":"M"}},{"type":"Feature","geometry":{"type":"LineString","coordinates":[[-122.28329900000001,42.25439699906093],[-122.283533,42.25449199906094],[-122.283621,42.25452199906094],[-122.28370500000004,42.25455699906094],[-122.28383199999999,42.25462399906093],[-122.28396699999999,42.25471599906094],[-122.284162,42.254862999060954],[-122.28438799999999,42.255024999060936],[-122.28453200000001,42.25513799906094],[-122.28463100000002,42.25523399906095],[-122.28467400000004,42.25528599906094],[-122.28471899999998,42.25535199906094],[-122.28473100000004,42.25538699906093],[-122.28473300000002,42.25541799906094],[-122.284728,42.25545099906095],[-122.284716,42.25548199906095],[-122.284698,42.25550899906094],[-122.28466600000006,42.255534999060934],[-122.28458200000003,42.25557599906094],[-122.28451900000003,42.25559899906093],[-122.28445100000002,42.25561499906094],[-122.28424100000002,42.25565099906095],[-122.28390300000001,42.255724999060945],[-122.28373700000002,42.255765999060955],[-122.283643,42.25579299906094],[-122.282891,42.25604499906095],[-122.28274000000002,42.25608999906095],[-122.28255899999999,42.25613499906094],[-122.282375,42.25617299906093],[-122.28207500000002,42.25621599906094],[-122.281775,42.25627099906093],[-122.28147600000001,42.256346999060945],[-122.28113100000004,42.25645599906094],[-122.280922,42.25651299906093],[-122.28070999999998,42.256564999060934],[-122.280496,42.25661199906094],[-122.28042500000001,42.256634999060935]]},"id":"003c0000000000001912","properties":{"fullname":"Blm","linearid":"1102288927498","mtfcc":"S1400","rttyp":"M"}},{"type":"Feature","geometry":{"type":"LineString","coordinates":[[-122.27638900000002,42.25655699906095],[-122.276627,42.256544999060935],[-122.276878,42.25651499906094],[-122.27744600000001,42.25645599906094],[-122.27760400000003,42.25644299906094],[-122.27776200000001,42.256434999060936],[-122.27792999999998,42.25643599906095],[-122.27880900000002,42.25646599906093],[-122.27907900000002,42.25648099906094],[-122.279388,42.25650799906093],[-122.279697,42.25654199906094],[-122.28042500000001,42.256634999060935]]},"id":"003c0000000000001913","properties":{"fullname":"Blm","linearid":"1102314545677","mtfcc":"S1400","rttyp":"M"}},{"type":"Feature","geometry":{"type":"LineString","coordinates":[[-122.27811800000002,42.25528299906094],[-122.27804400000001,42.25535399906094],[-122.27794900000004,42.25539599906094],[-122.27785899999998,42.25544199906094],[-122.277767,42.25549499906094],[-122.27762200000001,42.25558999906094],[-122.27735200000004,42.25579799906094],[-122.27681399999997,42.256226999060935],[-122.27642000000002,42.25652799906095],[-122.27638900000002,42.25655699906095]]},"id":"003c0000000000001915","properties":{"fullname":"Blm","linearid":"1102286042241","mtfcc":"S1400","rttyp":"M"}},{"type":"Feature","geometry":{"type":"LineString","coordinates":[[-122.28556300000001,42.2674459990609],[-122.28543899999998,42.267273999060905],[-122.28523300000003,42.2669659990609],[-122.285018,42.26666499906091],[-122.28492500000003,42.26650499906091],[-122.284846,42.26633299906091],[-122.284801,42.26620699906091],[-122.284741,42.265970999060904],[-122.28472200000002,42.26586199906091],[-122.284702,42.26565899906091],[-122.284699,42.2655639990609],[-122.284704,42.26546999906091],[-122.28475499999998,42.265199999060926],[-122.28477599999998,42.2650019990609],[-122.28477299999997,42.26490999906091],[-122.28473400000001,42.26463399906092],[-122.28470099999997,42.264311999060894],[-122.28468300000002,42.26402499906091],[-122.284692,42.26390199906092],[-122.28475499999998,42.263534999060916],[-122.28477299999997,42.26336699906091],[-122.284768,42.26322899906092],[-122.28475799999998,42.26318399906092],[-122.28472700000002,42.2631179990609],[-122.28467300000001,42.26305299906091],[-122.284603,42.26297899906093],[-122.284504,42.26289099906091],[-122.28443099999997,42.26283699906091],[-122.28404399999998,42.26258299906091],[-122.283797,42.26241299906093],[-122.283669,42.262331999060926],[-122.283501,42.26223899906092],[-122.28313600000001,42.26206099906092],[-122.28274300000001,42.26188899906092],[-122.28238200000003,42.261738999060924],[-122.28224100000001,42.26167299906092],[-122.28201899999999,42.26157999906092],[-122.281937,42.26153599906091],[-122.28189399999998,42.26150799906091],[-122.28177399999997,42.261415999060915],[-122.28169999999999,42.26135099906092],[-122.28161100000001,42.26126399906092],[-122.28147500000003,42.26110799906092]]},"id":"003c0000000000001918","properties":{"fullname":"Blm","linearid":"1102286114945","mtfcc":"S1400","rttyp":"M"}},{"type":"Feature","geometry":{"type":"LineString","coordinates":[[-122.221261,42.234433999061004],[-122.22120500000001,42.23425899906102],[-122.221125,42.234102999061],[-122.22103899999999,42.233832999061],[-122.22090200000001,42.233132999061006],[-122.22089900000005,42.233078999061014],[-122.22091599999999,42.23296799906101],[-122.220931,42.23290999906101],[-122.22096100000005,42.232855999061016],[-122.22098499999998,42.23283399906099],[-122.22102800000002,42.23280599906101],[-122.22107599999998,42.232782999060994],[-122.221125,42.232768999061],[-122.22144699999998,42.23270799906101],[-122.22167900000001,42.23265599906101],[-122.22190900000003,42.23259699906101],[-122.222135,42.23253099906103],[-122.222284,42.23249999906103]]},"id":"003c0000000000001802","properties":{"fullname":"Kent","linearid":"1102284187867","mtfcc":"S1400","rttyp":"M"}},{"type":"Feature","geometry":{"type":"LineString","coordinates":[[-122.229962,42.239969999060975],[-122.23001900000003,42.23983199906098],[-122.23008800000002,42.23971999906098],[-122.230134,42.23966799906098],[-122.230187,42.23961899906098],[-122.23036000000003,42.23948099906099],[-122.23062099999997,42.23925799906099],[-122.23074399999997,42.23914299906098],[-122.23091500000001,42.23895999906099],[-122.231063,42.238767999061],[-122.231139,42.238656999061],[-122.23120599999999,42.23854299906097],[-122.23123200000002,42.23848399906098],[-122.23124800000001,42.23842299906099],[-122.231253,42.23838199906101],[-122.231255,42.23825699906099],[-122.23127699999996,42.238122999061],[-122.23128099999998,42.238034999060986],[-122.23127199999999,42.23799399906101],[-122.23122800000006,42.237917999061],[-122.23116200000004,42.23784599906099],[-122.23108599999998,42.23778099906098],[-122.23101299999999,42.23773499906099],[-122.230853,42.237652999061],[-122.230423,42.23742099906099],[-122.23032200000003,42.23735799906102],[-122.23022699999999,42.237288999061],[-122.23007299999999,42.23716699906098],[-122.23002899999999,42.23712299906099],[-122.22999300000001,42.237075999061],[-122.229964,42.23702499906099],[-122.229941,42.23696999906098],[-122.22992500000001,42.236913999061],[-122.22991800000001,42.236861999061],[-122.22992500000001,42.236801999060994],[-122.229964,42.23671399906099],[-122.23003,42.236631999061004],[-122.23011300000002,42.23656199906099],[-122.23020700000001,42.236507999061],[-122.23026000000002,42.236487999061005],[-122.23031800000001,42.23647299906099],[-122.23044600000001,42.236453999061006],[-122.23064400000001,42.236437999060996],[-122.23077900000003,42.236434999061004],[-122.230844,42.23642899906101],[-122.23094100000002,42.23640699906098],[-122.23103400000005,42.23637399906101],[-122.23111600000001,42.236329999061006],[-122.23115000000004,42.236303999060986],[-122.231178,42.23627499906099],[-122.23119100000001,42.23625499906099],[-122.23119900000002,42.23623099906099],[-122.231207,42.236151999061],[-122.23122000000002,42.23610199906099],[-122.23123400000003,42.236079999061005],[-122.231255,42.236061999061],[-122.231294,42.236042999061006],[-122.23138600000001,42.236011999061],[-122.23149699999999,42.235993999060994],[-122.23152500000003,42.235982999060994],[-122.23154199999999,42.235966999061006],[-122.23155200000001,42.235946999061],[-122.23156200000003,42.235830999060994],[-122.23154300000003,42.235748999060995],[-122.23150600000001,42.235645999061006],[-122.23150100000004,42.23559499906101],[-122.23150300000005,42.23556699906101],[-122.231523,42.235481999060994],[-122.231544,42.23542499906098],[-122.2316,42.235316999061006],[-122.231645,42.235251999061],[-122.23169800000002,42.23518999906101],[-122.231993,42.234873999060994],[-122.232126,42.234749999061],[-122.232201,42.234693999060994],[-122.23230800000005,42.23462499906101],[-122.23242300000004,42.234560999060996],[-122.23246800000001,42.234528999061006],[-122.232604,42.23437999906101],[-122.23282700000001,42.234207999061006],[-122.232957,42.234089999061],[-122.23302599999998,42.23403499906101],[-122.23318100000002,42.23394799906101],[-122.23339599999997,42.23384399906101],[-122.233459,42.233801999060994],[-122.23351699999999,42.233755999060996],[-122.23363100000003,42.233681999061],[-122.23379799999998,42.23359499906102],[-122.23403400000002,42.233488999061],[-122.23410600000001,42.23344699906101],[-122.23417899999998,42.23338999906099],[-122.234399,42.23319899906101],[-122.23446599999998,42.233128999061],[-122.23452400000001,42.23305399906101],[-122.23457200000004,42.23297599906102],[-122.23460100000003,42.232903999061016],[-122.23469,42.23260399906101],[-122.234721,42.232529999061015],[-122.23475800000001,42.23246299906101],[-122.23480299999999,42.232396999061],[-122.234902,42.232269999061],[-122.23503900000003,42.232130999061006],[-122.235102,42.23205799906101],[-122.235147,42.23198799906102],[-122.23525999999998,42.231768999061]]},"id":"003c0000000000001808","properties":{"fullname":"Kent","linearid":"1102282313640","mtfcc":"S1400","rttyp":"M"}},{"type":"Feature","geometry":{"type":"LineString","coordinates":[[-122.26856300000001,42.266354999060916],[-122.268525,42.26619899906091],[-122.268488,42.26611799906091],[-122.26838400000003,42.26593099906091],[-122.26831299999999,42.265825999060915],[-122.26823999999999,42.26573599906091],[-122.26796900000001,42.26543999906092],[-122.26780700000003,42.265215999060906],[-122.267711,42.265117999060905],[-122.26760700000003,42.265022999060896],[-122.26750900000003,42.264924999060916],[-122.26743400000001,42.26484099906091],[-122.267404,42.264795999060915],[-122.26737099999998,42.26470799906092],[-122.267363,42.26466299906091],[-122.267363,42.26461099906091],[-122.26737099999998,42.26455799906091],[-122.26738899999998,42.26450699906091],[-122.26741100000002,42.26447099906092],[-122.26753400000003,42.264346999060905],[-122.267669,42.264235999060915]]},"id":"003c00000000000016be","properties":{"fullname":"Bspur","linearid":"1102301833565","mtfcc":"S1400","rttyp":"M"}},{"type":"Feature","geometry":{"type":"LineString","coordinates":[[-122.23137300000003,42.24479099906097],[-122.23138700000001,42.24461899906099],[-122.23140599999999,42.24452399906097],[-122.23141800000003,42.24442799906096],[-122.231423,42.244332999060966],[-122.23141299999999,42.244157999060974],[-122.23139699999999,42.244071999061],[-122.23136,42.24394699906097],[-122.23133300000003,42.24388699906098],[-122.231298,42.243829999060964],[-122.231253,42.24377599906097],[-122.23110500000003,42.24364399906097],[-122.23097800000001,42.24355699906099],[-122.230799,42.243446999060986],[-122.230714,42.24338899906099],[-122.23063700000003,42.243324999060974],[-122.23056700000006,42.243259999060975],[-122.230539,42.24322599906096],[-122.23052100000002,42.24318799906098],[-122.23050500000006,42.24310599906099],[-122.23050800000006,42.24301499906098],[-122.23051800000002,42.24296399906098],[-122.23053599999999,42.24291499906098],[-122.23056000000001,42.24286799906099],[-122.230601,42.24281499906099],[-122.230877,42.242555999061],[-122.23101299999999,42.242419999060985],[-122.23105200000002,42.24238699906099],[-122.231363,42.24217599906099],[-122.231391,42.24209499906098]]},"id":"003c0000000000001818","properties":{"fullname":"Bspur","linearid":"1102314648057","mtfcc":"S1400","rttyp":"M"}},{"type":"Feature","geometry":{"type":"LineString","coordinates":[[-122.260706,42.231289999061026],[-122.260793,42.231356999061006],[-122.260856,42.23142499906102],[-122.260904,42.231493999061016],[-122.26091900000003,42.23154099906099],[-122.26092200000001,42.23160499906101],[-122.26089000000002,42.23176599906101],[-122.26087299999999,42.23193699906101],[-122.26083900000002,42.23219099906102],[-122.26074999999999,42.232653999061],[-122.260664,42.23300499906101],[-122.260532,42.233598999060995],[-122.26052200000001,42.233665999061],[-122.260553,42.233758999060996],[-122.26060799999999,42.23383199906099],[-122.26064300000003,42.23386399906099],[-122.26069200000002,42.23389599906102],[-122.26073599999998,42.233924999060996],[-122.260764,42.233937999061006],[-122.260791,42.23394999906101],[-122.26087800000002,42.233975999061],[-122.26092299999999,42.233981999061],[-122.260976,42.233982999061006],[-122.26102900000001,42.233975999061],[-122.26108299999999,42.23396199906101],[-122.26126299999999,42.233893999060996]]},"id":"003c0000000000001899","properties":{"fullname":"Bspur","linearid":"1102314804162","mtfcc":"S1400","rttyp":"M"}},{"type":"Feature","geometry":{"type":"LineString","coordinates":[[-122.27003800000003,42.236281999061],[-122.270122,42.23637399906101],[-122.27020900000001,42.236444999061],[-122.27025900000001,42.236473999061],[-122.27031500000002,42.236498999061],[-122.27043900000001,42.236533999060995],[-122.270651,42.23657499906101],[-122.270683,42.23657499906101],[-122.270873,42.236550999060995],[-122.27111400000001,42.236467999061],[-122.271251,42.236429999060995],[-122.27139000000003,42.23639699906099],[-122.27175500000003,42.236328999061],[-122.27199999999999,42.236290999061],[-122.27233100000001,42.236253999061],[-122.272497,42.236242999061],[-122.27289400000002,42.23623799906102],[-122.27304500000004,42.236225999061006],[-122.273344,42.23618599906099],[-122.27388400000002,42.23609899906099],[-122.27412700000001,42.23606599906101],[-122.27427200000002,42.236058999060994],[-122.27441699999999,42.23605799906099],[-122.27456400000001,42.236064999061],[-122.27472400000003,42.236083999061]]},"id":"003c000000000000187d","properties":{"fullname":"Dspur","linearid":"1102302501635","mtfcc":"S1400","rttyp":"M"}},{"type":"Feature","geometry":{"type":"LineString","coordinates":[[-122.269742,42.256972999060935],[-122.269783,42.256911999060925],[-122.269918,42.256769999060936],[-122.270047,42.25664999906093],[-122.270148,42.25652799906095],[-122.27020800000004,42.25642999906094],[-122.27025500000005,42.25632699906093],[-122.270326,42.256195999060935],[-122.27053500000004,42.25583399906094],[-122.27067799999999,42.25560499906094],[-122.270828,42.25537799906095],[-122.270953,42.255211999060954],[-122.27098500000002,42.255153999060944],[-122.27101799999998,42.25505899906094]]},"id":"003c000000000000186a","properties":{"fullname":"Espur","linearid":"1102286040181","mtfcc":"S1400","rttyp":"M"}},{"type":"Feature","geometry":{"type":"LineString","coordinates":[[-122.27461499999998,42.255383999060925],[-122.274485,42.25538699906094],[-122.27429300000003,42.25541299906094],[-122.27412000000001,42.25545099906095],[-122.273989,42.25549099906093],[-122.27385200000002,42.25555099906094],[-122.273681,42.255644999060955],[-122.27358900000002,42.255705999060936],[-122.27307699999999,42.25611499906094],[-122.273016,42.256167999060935]]},"id":"003c000000000000186d","properties":{"fullname":"Fspur","linearid":"1102286035962","mtfcc":"S1400","rttyp":"M"}},{"type":"Feature","geometry":{"type":"LineString","coordinates":[[-122.27811800000002,42.25528299906094],[-122.27804400000001,42.25535399906094],[-122.27794900000004,42.25539599906094],[-122.27785899999998,42.25544199906094],[-122.277767,42.25549499906094],[-122.27762200000001,42.25558999906094],[-122.27735200000004,42.25579799906094],[-122.27681399999997,42.256226999060935],[-122.27642000000002,42.25652799906095],[-122.27638900000002,42.25655699906095]]},"id":"003c0000000000001914","properties":{"fullname":"Gspur","linearid":"1102286042054","mtfcc":"S1400","rttyp":"M"}},{"type":"Feature","geometry":{"type":"LineString","coordinates":[[-122.28329900000001,42.25439699906093],[-122.283533,42.25449199906094],[-122.283621,42.25452199906094],[-122.28370500000004,42.25455699906094],[-122.28383199999999,42.25462399906093],[-122.28396699999999,42.25471599906094],[-122.284162,42.254862999060954],[-122.28438799999999,42.255024999060936],[-122.28453200000001,42.25513799906094],[-122.28463100000002,42.25523399906095],[-122.28467400000004,42.25528599906094],[-122.28471899999998,42.25535199906094],[-122.28473100000004,42.25538699906093],[-122.28473300000002,42.25541799906094],[-122.284728,42.25545099906095],[-122.284716,42.25548199906095],[-122.284698,42.25550899906094],[-122.28466600000006,42.255534999060934],[-122.28458200000003,42.25557599906094],[-122.28451900000003,42.25559899906093],[-122.28445100000002,42.25561499906094],[-122.28424100000002,42.25565099906095],[-122.28390300000001,42.255724999060945],[-122.28373700000002,42.255765999060955],[-122.283643,42.25579299906094],[-122.282891,42.25604499906095],[-122.28274000000002,42.25608999906095],[-122.28255899999999,42.25613499906094],[-122.282375,42.25617299906093],[-122.28207500000002,42.25621599906094],[-122.281775,42.25627099906093],[-122.28147600000001,42.256346999060945],[-122.28113100000004,42.25645599906094],[-122.280922,42.25651299906093],[-122.28070999999998,42.256564999060934],[-122.280496,42.25661199906094],[-122.28042500000001,42.256634999060935]]},"id":"003c0000000000001911","properties":{"fullname":"Hspur","linearid":"1102288927356","mtfcc":"S1400","rttyp":"M"}},{"type":"Feature","geometry":{"type":"LineString","coordinates":[[-122.25066,42.2672749990609],[-122.25112299999999,42.26726599906089],[-122.25288000000002,42.2672359990609],[-122.25366900000006,42.267209999060896],[-122.253932,42.267210999060914],[-122.25454900000003,42.2672469990609],[-122.254821,42.2672549990609],[-122.25536400000001,42.2672639990609],[-122.255635,42.26727599906091],[-122.256582,42.26735299906089],[-122.257433,42.2673859990609],[-122.25765300000003,42.2673849990609],[-122.25787299999999,42.26737699906091],[-122.25831100000005,42.2673539990609],[-122.258685,42.2673429990609],[-122.25914799999997,42.267337999060906],[-122.260013,42.26734699906091],[-122.2601,42.267344999060896],[-122.260187,42.26733699906091],[-122.26034499999999,42.267305999060895],[-122.26045899999998,42.26727299906091],[-122.26056600000003,42.26722799906091],[-122.2607,42.267157999060906],[-122.260997,42.2669859990609],[-122.26128399999999,42.26680399906091],[-122.26218800000002,42.26619799906091],[-122.26241300000001,42.266062999060914],[-122.262651,42.26593599906092],[-122.26297900000003,42.265778999060906],[-122.26306499999998,42.26573999906091],[-122.263331,42.26562999906092],[-122.26350599999999,42.26555299906091],[-122.26367800000001,42.26546699906092],[-122.263847,42.26537699906091],[-122.264175,42.265186999060894],[-122.26451,42.2649779990609],[-122.26472900000003,42.264860999060915],[-122.26479399999998,42.2648179990609],[-122.26484899999998,42.2647679990609],[-122.264896,42.264713999060916],[-122.26502400000003,42.26454199906091],[-122.26514500000002,42.26439499906091],[-122.26519999999998,42.26431999906091],[-122.26525399999998,42.2642219990609],[-122.26534900000003,42.2640219990609],[-122.265444,42.26385899906092],[-122.26549300000002,42.26382199906091]]},"id":"003c00000000000016bc","properties":{"fullname":"Burton","linearid":"1102288917001","mtfcc":"S1400","rttyp":"M"}},{"type":"Feature","geometry":{"type":"LineString","coordinates":[[-122.371538,42.255542999060935],[-122.37187699999998,42.254913999060946],[-122.372983,42.253915999060936],[-122.37381899999998,42.253214999060944],[-122.37444200000003,42.25286099906096],[-122.37526000000001,42.25279199906097],[-122.37898599999998,42.25316599906096],[-122.37949100000002,42.253350999060935],[-122.37976000000003,42.25393299906095],[-122.37976500000003,42.254592999060954],[-122.379483,42.25530399906095],[-122.37904499999999,42.255838999060934],[-122.37871000000001,42.256361999060935],[-122.37843400000004,42.258061999060935],[-122.378522,42.259739999060926],[-122.37854499999999,42.26276999906092],[-122.37859499999999,42.263185999060916],[-122.37912799999998,42.26757499906091],[-122.37929800000002,42.2707099990609],[-122.37949400000001,42.27211199906089],[-122.379903,42.2726269990609],[-122.38057328194823,42.2731385755494]]},"id":"003c0000000000001907","properties":{"fullname":"38-4E-7","linearid":"110340479789","mtfcc":"S1400","rttyp":"M"}},{"type":"Feature","geometry":{"type":"LineString","coordinates":[[-122.54166500000001,42.2060669990611],[-122.54135400000003,42.206254999061095],[-122.54113300000004,42.206555999061095],[-122.54073200000003,42.206604999061085],[-122.539863,42.2063209990611],[-122.539511,42.20611399906108],[-122.53936500000002,42.20509799906108],[-122.539361,42.204969999061106],[-122.53802900000001,42.204609999061084],[-122.537916,42.2046969990611],[-122.537764,42.20529299906109],[-122.53754,42.205508999061095],[-122.53691099999999,42.205645999061105],[-122.536168,42.205784999061095],[-122.53559800000001,42.2059639990611],[-122.535087,42.20614199906109],[-122.53440200000001,42.206237999061095]]},"id":"003c0000000000000a72","properties":{"fullname":"39-2E-1","linearid":"110340479815","mtfcc":"S1400","rttyp":"M"}},{"type":"Feature","geometry":{"type":"LineString","coordinates":[[-122.56628100000002,42.21404399906107],[-122.56656,42.213766999061065],[-122.56657699999998,42.21317499906106],[-122.56675200000002,42.21301099906108],[-122.56711500000003,42.21303099906108],[-122.567379,42.21337599906106],[-122.567721,42.21387999906108],[-122.56824500000002,42.21440899906108],[-122.56864700000003,42.21450899906105]]},"id":"003c0000000000000a7a","properties":{"fullname":"39-2E-3","linearid":"110340479818","mtfcc":"S1400","rttyp":"M"}},{"type":"Feature","geometry":{"type":"LineString","coordinates":[[-122.50878700000003,42.19090399906115],[-122.50867400000001,42.191075999061134],[-122.508163,42.191268999061144],[-122.50689500000003,42.191653999061145],[-122.506058,42.192377999061144],[-122.50629900000001,42.19319399906114],[-122.50643800000003,42.193860999061144],[-122.506321,42.19439399906114],[-122.50612799999999,42.194958999061136],[-122.506548,42.19556199906113],[-122.50669500000002,42.19616799906113],[-122.506546,42.19640499906114],[-122.50640199999998,42.19663299906112],[-122.50587300000001,42.19693099906111],[-122.50479700000002,42.197333999061115],[-122.50384100000001,42.197671999061114],[-122.50326000000003,42.19802999906111],[-122.50279300000001,42.198162999061125],[-122.50232900000002,42.198059999061115],[-122.50180199999998,42.19774199906112],[-122.500043,42.19670799906114],[-122.498806,42.19595999906111],[-122.49810300000001,42.19550299906112],[-122.497116,42.19472399906114],[-122.49609999999998,42.194093999061124],[-122.49491500000003,42.19379699906114],[-122.49441600000002,42.19368899906113]]},"id":"003c0000000000000a88","properties":{"fullname":"39-3E-3","linearid":"110340479830","mtfcc":"S1400","rttyp":"M"}},{"type":"Feature","geometry":{"type":"LineString","coordinates":[[-122.37389099999999,42.19134799906114],[-122.37370500000004,42.19170599906113],[-122.374203,42.19206999906115],[-122.37505000000002,42.192489999061145],[-122.37593299999999,42.192959999061124],[-122.376624,42.19340699906114],[-122.37733799999998,42.19390399906115],[-122.37753999999998,42.19442099906114],[-122.37720500000002,42.194815999061134],[-122.376907,42.19522199906113],[-122.376989,42.19540699906113],[-122.37700400000003,42.195439999061136]]},"id":"003c0000000000000ac8","properties":{"fullname":"39-4E-8","linearid":"110340479844","mtfcc":"S1400","rttyp":"M"}},{"type":"Feature","geometry":{"type":"LineString","coordinates":[[-122.46075799999998,42.09558999906146],[-122.46038800000002,42.09553199906144],[-122.459946,42.095549999061454],[-122.45950200000003,42.09542599906145],[-122.45912400000002,42.09528599906147],[-122.45851200000001,42.09539899906145],[-122.45816600000005,42.09559299906146],[-122.45770399999999,42.09577599906145],[-122.45721800000001,42.09603699906145],[-122.45683699999995,42.09629699906144],[-122.45617500000003,42.09667399906145],[-122.45555000000003,42.09696799906144],[-122.45471000000002,42.09714799906144],[-122.453716,42.09733999906144],[-122.453356,42.097502999061454],[-122.45306899999999,42.09763399906143],[-122.45276199999999,42.09795999906145],[-122.45261200000002,42.09823199906144],[-122.45224400000001,42.09884299906144],[-122.451946,42.09903499906144],[-122.451734,42.099386999061444],[-122.451488,42.09975099906144],[-122.45138900000003,42.10030599906143],[-122.451275,42.10071299906144],[-122.451116,42.101004999061445],[-122.45083699999999,42.10123199906143],[-122.45036000000002,42.10140399906143],[-122.45019199999999,42.10155299906144],[-122.44972699999998,42.101796999061435],[-122.449686,42.102016999061426],[-122.45001400000002,42.10235599906143],[-122.450151,42.10279499906142],[-122.45005699999999,42.10295399906143],[-122.44965200000001,42.10308299906143],[-122.449184,42.10344799906143],[-122.44908300000003,42.10370599906143],[-122.448914,42.103843999061425],[-122.44871100000003,42.10419699906142],[-122.448831,42.10447099906143],[-122.448864,42.10482199906142],[-122.448579,42.10495499906141],[-122.448219,42.10517699906141],[-122.448155,42.10542999906143],[-122.448365,42.10584599906143],[-122.44879700000001,42.10616799906141],[-122.44886499999998,42.10628799906142],[-122.44893700000002,42.106930999061404],[-122.44891100000001,42.107342999061416],[-122.44871,42.10773899906142],[-122.44838200000001,42.108151999061405],[-122.44795500000005,42.10848399906141],[-122.44716000000001,42.108619999061396],[-122.446717,42.10872099906141],[-122.44547299999998,42.1091229990614],[-122.44451500000001,42.10933099906141],[-122.444353,42.10935699906141],[-122.44391700000001,42.10942699906142],[-122.44311299999998,42.109584999061404],[-122.443047,42.109575999061406],[-122.44252799999998,42.10950599906141],[-122.442063,42.109468999061406],[-122.44185400000002,42.10949999906141],[-122.44159900000005,42.10953799906141],[-122.44087400000001,42.10973099906139],[-122.44048500000002,42.10983399906138],[-122.44014900000002,42.11002299906139],[-122.439782,42.1103429990614],[-122.439527,42.1106459990614],[-122.43922699999999,42.110916999061416],[-122.43897500000001,42.110873999061404],[-122.438818,42.1103469990614],[-122.43864500000002,42.1100079990614],[-122.43817900000002,42.1097949990614],[-122.43785600000001,42.10973199906141],[-122.43705099999998,42.1097359990614],[-122.43599699999997,42.10997699906141],[-122.43547400000003,42.1102489990614],[-122.43525500000001,42.11048099906141],[-122.435199,42.11066099906141],[-122.43511899999999,42.1109209990614],[-122.43512299999999,42.1113989990614],[-122.43493,42.11189399906139],[-122.43479300000001,42.11242199906139],[-122.43480000000001,42.1133989990614]]},"id":"003c00000000000007a6","properties":{"fullname":"40-3E-2","linearid":"110340479849","mtfcc":"S1400","rttyp":"M"}},{"type":"Feature","geometry":{"type":"LineString","coordinates":[[-122.37536800000002,42.11724799906138],[-122.375148,42.117737999061376],[-122.375066,42.11793499906138],[-122.375059,42.118193999061376],[-122.37527799999998,42.11845199906138],[-122.375667,42.119230999061365],[-122.37583000000002,42.11966699906136],[-122.37596,42.11988099906136],[-122.37612200000001,42.12007499906136],[-122.37634199999997,42.12037499906137],[-122.37656800000003,42.120767999061364],[-122.37668400000004,42.12117899906137],[-122.37689300000002,42.12156599906137],[-122.37723000000001,42.12225899906136],[-122.37757200000004,42.12307899906134],[-122.37771200000003,42.12337899906136],[-122.37783800000003,42.123634999061366],[-122.37811199999999,42.12392799906135],[-122.37834399999998,42.12428699906135],[-122.37839699999999,42.12456699906135],[-122.37823600000002,42.12491099906135],[-122.37804799999999,42.12528199906136],[-122.37786599999998,42.12562099906134],[-122.37764700000001,42.12599899906136],[-122.37767699999999,42.12626199906135],[-122.37778499999999,42.12665099906135],[-122.377964,42.127263999061334],[-122.37799400000003,42.12753299906133]]},"id":"003c0000000000000ba6","properties":{"fullname":"40-4E-5","linearid":"110340479853","mtfcc":"S1400","rttyp":"M"}},{"type":"Feature","geometry":{"type":"LineString","coordinates":[[-122.394808,42.09532099906144],[-122.39457199999998,42.095389999061446],[-122.39453100000003,42.095401999061444],[-122.394172,42.095479999061446],[-122.393736,42.09549799906145],[-122.393262,42.09542299906144],[-122.39269900000001,42.09533899906145],[-122.39246300000002,42.09556799906145],[-122.39216800000004,42.09563399906145],[-122.39190300000001,42.09563299906144],[-122.39196900000002,42.095862999061445],[-122.392324,42.09615399906144],[-122.39249000000004,42.09654199906144],[-122.392267,42.09669899906145],[-122.391976,42.096879999061436],[-122.39188700000003,42.097370999061454],[-122.39196500000003,42.097793999061444],[-122.391931,42.09791499906146],[-122.391748,42.09793499906144],[-122.391379,42.097918999061434],[-122.39124200000002,42.09803699906144],[-122.391474,42.098136999061445],[-122.39186299999999,42.09809199906146],[-122.39226599999998,42.09800299906145],[-122.39263500000001,42.09796399906144],[-122.39299300000002,42.097875999061436],[-122.39341399999998,42.09788499906144],[-122.39389700000001,42.09801499906144],[-122.393875,42.098267999061434],[-122.393597,42.098585999061434],[-122.39323900000002,42.098751999061435],[-122.39272199999999,42.09872199906144],[-122.392066,42.098710999061446],[-122.391443,42.098649999061436],[-122.39084800000002,42.098460999061444],[-122.39012800000002,42.098291999061445],[-122.38950700000004,42.09822999906144],[-122.38942900000002,42.09839099906143],[-122.38957100000003,42.09871899906145],[-122.38986999999999,42.09931399906143],[-122.389977,42.099477999061435],[-122.39016300000003,42.099764999061435],[-122.390671,42.10023599906143],[-122.39122900000002,42.10064999906143],[-122.39161200000004,42.10110599906143],[-122.392124,42.10154299906142],[-122.39222600000002,42.10195999906143],[-122.39235900000001,42.10247399906143],[-122.39242000000002,42.103083999061425],[-122.39265399999998,42.103497999061425],[-122.39286100000001,42.103786999061434],[-122.39321400000003,42.10398399906141],[-122.39320200000002,42.104319999061424],[-122.39324799999999,42.10491299906141],[-122.39344799999999,42.10542699906141],[-122.39381200000001,42.106025999061394],[-122.39424500000004,42.106442999061414],[-122.39428300000003,42.10679999906141],[-122.39445,42.10718799906142],[-122.394823,42.107824999061414],[-122.39519500000003,42.108181999061394],[-122.39545499999998,42.1087119990614],[-122.39593100000002,42.10956299906141],[-122.39595700000001,42.1096089990614]]},"id":"003c0000000000000ba7","properties":{"fullname":"40-4E-7","linearid":"110340479856","mtfcc":"S1400","rttyp":"M"}},{"type":"Feature","geometry":{"type":"LineString","coordinates":[[-122.544537,42.03829399906164],[-122.54453200000002,42.03790899906165],[-122.54438400000002,42.03751299906163],[-122.54424,42.03724899906164],[-122.543867,42.036940999061635],[-122.54328799999999,42.03668399906165],[-122.54283299999999,42.03638199906165],[-122.54236399999999,42.03605299906166],[-122.54166800000002,42.03549599906165],[-122.541126,42.035200999061644],[-122.54066700000003,42.035122999061656],[-122.54041000000002,42.03514299906165]]},"id":"003c00000000000007c4","properties":{"fullname":"41-2E-1","linearid":"110340479866","mtfcc":"S1400","rttyp":"M"}},{"type":"Feature","geometry":{"type":"LineString","coordinates":[[-122.56018000000003,42.02723799906167],[-122.560583,42.027200999061684],[-122.560915,42.027223999061675],[-122.56138800000001,42.02727399906167],[-122.561846,42.02730699906168],[-122.56248600000002,42.02736599906168],[-122.56315300000001,42.02747399906167],[-122.56384500000003,42.02747099906166],[-122.564361,42.02755299906166],[-122.56478999999999,42.02760299906166],[-122.56482300000002,42.02760399906167],[-122.56537200000002,42.02761899906167],[-122.56584100000002,42.027569999061676],[-122.56652800000002,42.02762799906167],[-122.566901,42.02755999906168],[-122.567071,42.02752899906168],[-122.56735100000002,42.027585999061664],[-122.56757700000001,42.027586999061675],[-122.56765999999999,42.02758799906169],[-122.567896,42.02754199906167],[-122.56801300000002,42.02746399906167],[-122.568461,42.02780399906167],[-122.56884000000001,42.028018999061686],[-122.56924300000004,42.028353999061686],[-122.56972100000003,42.028677999061664],[-122.57015799999999,42.029057999061656],[-122.57034500000003,42.02929599906166],[-122.570366,42.02956299906167],[-122.570346,42.02993099906166],[-122.57027500000001,42.03006499906167],[-122.57027000000001,42.03015799906167],[-122.57009699999999,42.03047699906167],[-122.569803,42.030813999061664],[-122.569527,42.031075999061656],[-122.569477,42.03112399906166],[-122.56921700000002,42.031405999061654],[-122.56863100000001,42.03153899906166],[-122.568222,42.031745999061656],[-122.56810800000001,42.03197799906166],[-122.56804699999999,42.03229599906166],[-122.56795400000001,42.03294299906166],[-122.56816099999999,42.03304599906164],[-122.56840400000003,42.03286199906166],[-122.56859000000003,42.032585999061666],[-122.56890999999997,42.03234099906167],[-122.569409,42.032236999061666],[-122.56996899999999,42.032246999061655],[-122.57018300000004,42.03234899906166],[-122.57034300000002,42.03253899906166],[-122.570318,42.03278099906164],[-122.57026900000002,42.03286599906165],[-122.57012500000002,42.03311699906165],[-122.56999200000003,42.03343199906165],[-122.56981400000001,42.03390399906166],[-122.56960900000001,42.03455499906165],[-122.56942199999999,42.03478199906165],[-122.56905599999999,42.03503399906165],[-122.56894800000002,42.035332999061666],[-122.568983,42.035548999061646],[-122.56945300000001,42.03571899906165],[-122.57002899999999,42.03605499906165],[-122.57087700000004,42.03649499906165],[-122.57170400000003,42.03706299906165]]},"id":"003c00000000000007c9","properties":{"fullname":"41-2E-3","linearid":"110340479869","mtfcc":"S1400","rttyp":"M"}},{"type":"Feature","geometry":{"type":"LineString","coordinates":[[-122.56801300000002,42.02746399906167],[-122.56800800000002,42.02723899906168],[-122.56798799999999,42.02692699906169],[-122.56793100000002,42.026770999061675],[-122.56784899999998,42.026549999061686],[-122.567726,42.026233999061674],[-122.567721,42.025899999061686],[-122.56801300000002,42.02578099906169],[-122.56839300000004,42.02568399906168],[-122.56889100000001,42.02551399906169],[-122.569451,42.02512999906167],[-122.56981300000001,42.024785999061685],[-122.57014600000001,42.02438799906169],[-122.57053700000002,42.02408199906168],[-122.57090100000003,42.023847999061694],[-122.57130199999999,42.02360199906168],[-122.57170400000003,42.02347199906168],[-122.57223400000001,42.02341599906168],[-122.57268300000001,42.023405999061694],[-122.57308899999998,42.02350599906168],[-122.57347899999998,42.02350099906169],[-122.57370399999999,42.0232849990617],[-122.57408200000002,42.022978999061685],[-122.57463300000003,42.02256199906171],[-122.57498200000002,42.022240999061694],[-122.57541000000003,42.021895999061684],[-122.575925,42.02161899906171],[-122.57646199999999,42.02136899906169],[-122.57677400000003,42.02117399906171],[-122.577329,42.020953999061696],[-122.57782100000001,42.02080099906169],[-122.577957,42.0207299990617]]},"id":"003c00000000000007ca","properties":{"fullname":"41-2E-9","linearid":"110340479872","mtfcc":"S1400","rttyp":"M"}},{"type":"Feature","geometry":{"type":"LineString","coordinates":[[-122.33222399999998,42.03115699906167],[-122.33162300000001,42.03115599906166],[-122.33118,42.03114199906166],[-122.33066000000004,42.031144999061674],[-122.33012100000002,42.03117499906167],[-122.3296,42.03128799906167],[-122.32914099999999,42.03158599906167],[-122.32911463924043,42.03163049938347]]},"id":"003c0000000000000bd0","properties":{"fullname":"41-4E-3","linearid":"110340479876","mtfcc":"S1400","rttyp":"M"}},{"type":"Feature","geometry":{"type":"LineString","coordinates":[[-122.20728200000002,42.21952299906105],[-122.207494,42.21955799906105],[-122.20762400000002,42.21956499906105],[-122.20775500000003,42.21956599906107],[-122.20786700000002,42.21955899906104],[-122.20815200000006,42.21952599906104],[-122.20833700000004,42.219497999061055],[-122.20853499999998,42.21947799906104],[-122.208762,42.219469999061054],[-122.20891299999998,42.21947099906105],[-122.20928,42.219494999061055],[-122.20944999999999,42.219493999061044],[-122.20962100000004,42.21948299906105],[-122.20970399999999,42.21947099906105],[-122.20978500000002,42.21945299906106],[-122.20986100000002,42.21942899906104],[-122.21008400000001,42.21934299906105],[-122.21051200000002,42.21915399906105],[-122.21079899999998,42.21904699906107],[-122.21091599999998,42.219008999061046],[-122.21103599999998,42.21897699906105],[-122.21115300000004,42.21895599906106],[-122.211271,42.21894199906106],[-122.21147000000002,42.21892499906105],[-122.211973,42.218916999061044],[-122.21228300000003,42.21891799906106],[-122.21249,42.21891199906105],[-122.212806,42.21888299906105],[-122.21332000000001,42.218824999061056],[-122.21350900000002,42.21881299906105],[-122.21383600000003,42.218802999061054],[-122.21455999999999,42.21880599906106],[-122.21479400000001,42.21881599906105],[-122.215193,42.21885599906106],[-122.21559900000001,42.21888499906106],[-122.21647699999997,42.21893399906106],[-122.217014,42.21895699906106],[-122.21724100000002,42.21897499906107],[-122.217468,42.21899999906107],[-122.21768299999995,42.219032999061056],[-122.217792,42.21904499906107],[-122.21788800000003,42.21904699906107],[-122.21798500000003,42.21904399906104],[-122.21808199999998,42.21904699906107],[-122.21828599999999,42.219079999061044],[-122.21847699999996,42.219132999061046],[-122.21888099999998,42.219230999061054],[-122.21905,42.21927799906106],[-122.21924000000003,42.21934099906105],[-122.219362,42.21938799906104],[-122.21949399999998,42.219445999061044],[-122.21962200000002,42.219508999061055],[-122.21973299999999,42.21957199906104],[-122.219856,42.219638999061054],[-122.22012600000002,42.219807999061054],[-122.220387,42.21997999906103],[-122.221111,42.22047899906105],[-122.22120500000001,42.22053999906104],[-122.22144699999998,42.220685999061054],[-122.22159500000001,42.22076799906103],[-122.22171600000003,42.220818999061045]]},"id":"003c00000000000017ee","properties":{"fullname":"Camo Rd","linearid":"1102301988281","mtfcc":"S1400","rttyp":"M"}},{"type":"Feature","geometry":{"type":"LineString","coordinates":[[-122.42118589394654,41.99801959692313],[-122.420877,41.998023999061786],[-122.42063718410594,41.99795647831253]]},"id":"003c0000000000000786","properties":{"fullname":"D J Trl","linearid":"1101917543283","mtfcc":"S1400","rttyp":"M"}},{"type":"Feature","geometry":{"type":"LineString","coordinates":[[-122.33118,42.044271999061614],[-122.33130900000003,42.044233999061625]]},"id":"003c0000000000000bcf","properties":{"fullname":"Grizzly","linearid":"110340480795","mtfcc":"S1400","rttyp":"M"}},{"type":"Feature","geometry":{"type":"LineString","coordinates":[[-122.30740299999997,42.21483199906107],[-122.30733400000001,42.21469899906108],[-122.30728200000001,42.21458899906107],[-122.30726474663648,42.21455938957958]]},"id":"003c00000000000018ec","properties":{"fullname":"28-4E-35","linearid":"110340482419","mtfcc":"S1400","rttyp":"M"}},{"type":"Feature","geometry":{"type":"LineString","coordinates":[[-122.55574700000001,42.283016999060855],[-122.55556099999998,42.28265899906086],[-122.55524199999998,42.282483999060865],[-122.555153,42.282438999060865],[-122.55239299999998,42.28104099906085],[-122.55177400000001,42.28116599906086],[-122.55165479717009,42.28133362848675]]},"id":"003c0000000000001f6f","properties":{"fullname":"38-2E-11","linearid":"110340482609","mtfcc":"S1400","rttyp":"M"}},{"type":"Feature","geometry":{"type":"MultiLineString","coordinates":[[[-122.54703699379044,42.2080963030867],[-122.54681,42.20820499906108],[-122.546588,42.208420999061104],[-122.54613299999998,42.20859899906108],[-122.54578800000004,42.208561999061104],[-122.54482300000002,42.20809299906109],[-122.544098,42.20773999906109],[-122.54351499999999,42.20740899906109],[-122.54272900000001,42.20618999906109],[-122.54237600000005,42.205897999061094],[-122.541861,42.20594899906108],[-122.54166500000001,42.2060669990611],[-122.54129299999998,42.20612799906109],[-122.54071500000002,42.20600999906108],[-122.54030499999998,42.20571999906108],[-122.540234,42.205295999061086],[-122.54045500000001,42.204994999061086],[-122.54055100000002,42.20444099906109],[-122.54087800000002,42.203883999061105],[-122.54155100000001,42.203361999061094],[-122.54148500000001,42.20315099906109],[-122.541252,42.203026999061095],[-122.54090899999997,42.2030329990611],[-122.54050200000002,42.2028269990611],[-122.54043699999998,42.20261599906111],[-122.53996000000001,42.20207199906112],[-122.53990799999998,42.2016879990611],[-122.53988500000001,42.201520999061096],[-122.539867,42.20096899906112],[-122.54008900000004,42.200667999061125],[-122.540087,42.20058299906111],[-122.53990300000001,42.200288999061115],[-122.53977000000002,42.19969699906112],[-122.53987000000001,42.199269999061116],[-122.54020200000002,42.198797999061114]],[[-122.55815807068795,42.2148180199991],[-122.557733,42.21462899906106],[-122.55744400000003,42.21454799906108],[-122.5567769944626,42.21452372818836]]]},"id":"003c0000000000000a71","properties":{"fullname":"38-2E-34","linearid":"110340482618","mtfcc":"S1400","rttyp":"M"}},{"type":"Feature","geometry":{"type":"LineString","coordinates":[[-122.49713500000001,42.24231699906099],[-122.49674400000002,42.24157899906099],[-122.49674800000001,42.241077999060984],[-122.49660900000002,42.240578999061],[-122.496381,42.24047599906098],[-122.49612100000002,42.24066299906101],[-122.49584899999996,42.24109299906099],[-122.495735,42.241383999060986],[-122.49560400000004,42.24176599906099],[-122.49549000000002,42.242010999060994],[-122.49543599999998,42.24225599906099],[-122.49534900000002,42.24272799906098],[-122.49545799999997,42.242940999060984],[-122.49561100000004,42.24323999906099],[-122.495641,42.24352799906097],[-122.49543599999998,42.244169999060986],[-122.49548100000001,42.24483999906098],[-122.49576999999998,42.24501499906098],[-122.49628700000001,42.24518799906098],[-122.49674800000001,42.24554499906098],[-122.49753799999999,42.246646999060964],[-122.497903,42.24725499906097],[-122.49806,42.247866999060975],[-122.498349,42.24827199906097],[-122.49863600000002,42.24862599906097],[-122.498708,42.24872699906096],[-122.498074,42.25042799906096],[-122.49830999999998,42.25134599906096],[-122.498392,42.25175499906096],[-122.49834400000003,42.25242099906095],[-122.49828700000003,42.25278099906096],[-122.49891900000001,42.253127999060965],[-122.49899600000002,42.25338299906096],[-122.499155,42.25404599906094],[-122.49930299999998,42.254350999060954],[-122.49972300000002,42.25454799906095],[-122.50027600000001,42.25458999906095],[-122.50068799999998,42.25453099906094],[-122.50144100000001,42.25436399906095],[-122.501779,42.25415299906095],[-122.501974,42.25379099906096]]},"id":"003c0000000000000a96","properties":{"fullname":"38-3E-29","linearid":"110340482634","mtfcc":"S1400","rttyp":"M"}},{"type":"Feature","geometry":{"type":"LineString","coordinates":[[-122.50601900000002,42.23249199906102],[-122.50606099999999,42.23246499906101],[-122.50635000000001,42.23223299906101],[-122.506425,42.232048999061],[-122.506573,42.231560999060996],[-122.506691,42.231437999061],[-122.506814,42.23143599906101],[-122.50701900000003,42.23112499906102],[-122.507113,42.230849999061014],[-122.50727300000001,42.230755999061024],[-122.50761500000003,42.23056699906101],[-122.50835000000001,42.23043899906102],[-122.508871,42.23017499906102],[-122.509441,42.22948199906101],[-122.50976999999999,42.229533999061026],[-122.509797,42.22989199906101],[-122.50974000000001,42.231016999061026],[-122.509951,42.231301999061],[-122.50980100000001,42.231941999061],[-122.50981500000002,42.232369999061014],[-122.51011599999997,42.23255999906101],[-122.51039600000003,42.232577999061],[-122.51048400000002,42.23258399906101],[-122.51134900000001,42.23284099906102],[-122.51180700000006,42.233105999061],[-122.51214800000001,42.23355499906101],[-122.51209,42.234283999061006],[-122.511981,42.234710999061],[-122.51194900000002,42.234983999061015],[-122.51200000000003,42.235286999060996],[-122.51221300000003,42.235555999061006]]},"id":"003c0000000000000a84","properties":{"fullname":"38-3E-30","linearid":"110340482636","mtfcc":"S1400","rttyp":"M"}},{"type":"Feature","geometry":{"type":"LineString","coordinates":[[-122.38457200000003,42.239678999060985],[-122.383612,42.24009999906097],[-122.382112,42.24059999906099],[-122.38039000000003,42.24094599906099],[-122.378682,42.241187999061],[-122.377354,42.24119199906097],[-122.37603400000003,42.241212999060984],[-122.375039,42.24103999906099],[-122.37354299999998,42.24116499906099],[-122.37212000000001,42.24113599906099],[-122.370903,42.241139999061005],[-122.36995899999998,42.241043999060985],[-122.36934600000001,42.241017999060986],[-122.36887400000005,42.24077799906098],[-122.36862,42.240332999060975],[-122.368158,42.238661999060994],[-122.36786800000002,42.23741499906099],[-122.367839,42.236457999060995],[-122.367783,42.235808999061014],[-122.36760400000001,42.234785999060996],[-122.36745000000002,42.233812999061],[-122.36726000000003,42.23303299906102],[-122.36675500000001,42.232522999061025],[-122.36612999999998,42.23218999906101]]},"id":"003c0000000000000ab5","properties":{"fullname":"38-4E-29","linearid":"110340482640","mtfcc":"S1400","rttyp":"M"}},{"type":"Feature","geometry":{"type":"LineString","coordinates":[[-122.52410499999999,42.059409999061565],[-122.52410699999999,42.05957999906157],[-122.52427000000006,42.05968799906157],[-122.52685800000003,42.06064499906157],[-122.52703099999998,42.060884999061564],[-122.527352,42.06106199906156],[-122.52800100000002,42.06122099906157],[-122.52815500000001,42.06152099906156],[-122.52811200000001,42.06200399906157],[-122.52787500000004,42.062384999061564],[-122.52772100000001,42.06265299906156],[-122.52752700000003,42.062990999061554],[-122.527629,42.06335699906156],[-122.52796899999997,42.06338699906155],[-122.52844299999998,42.06320199906155],[-122.52876299999998,42.06294599906155],[-122.52979600000002,42.06265699906156],[-122.53055299999998,42.06260099906156],[-122.53126700000001,42.06257699906156],[-122.53158900000001,42.06277799906157],[-122.53194299999998,42.06299899906156],[-122.53236600000001,42.06347699906154],[-122.53244100000002,42.06353599906154],[-122.53287999999998,42.06388399906157],[-122.53391900000001,42.06387399906154],[-122.53433199999999,42.063951999061565],[-122.534509,42.064290999061555],[-122.53456900000002,42.06478899906155],[-122.534571,42.06536999906155],[-122.53475600000002,42.065713999061536],[-122.534968,42.06565699906156],[-122.53516200000001,42.06546299906155],[-122.53529000000002,42.06514899906154],[-122.535383,42.06467199906155],[-122.535256,42.06410799906155],[-122.53522500000001,42.06359799906155],[-122.53517500000004,42.06299599906156],[-122.53537,42.062752999061566],[-122.53561000000006,42.06253099906154],[-122.53584300000001,42.06199699906155],[-122.536214,42.06180699906156],[-122.536965,42.061788999061555],[-122.53767900000007,42.061792999061566],[-122.53836000000001,42.06165499906156],[-122.53832399999997,42.06128299906157],[-122.53771999999998,42.060887999061556],[-122.53729500000003,42.06050799906157],[-122.53696800000003,42.06001199906157],[-122.53631200000004,42.059168999061576],[-122.5355,42.05906099906156],[-122.53540700000002,42.058792999061595],[-122.53522700000002,42.05858699906157],[-122.535061,42.05836299906155],[-122.53453399999998,42.058192999061575],[-122.53401499999998,42.057950999061575],[-122.53369600000008,42.05705999906158],[-122.53323300000005,42.05661499906157],[-122.53275399999998,42.05582999906159],[-122.53285299999999,42.05582499906157],[-122.532989,42.05581699906158],[-122.53389800000001,42.055966999061575],[-122.53484400000004,42.05583799906157],[-122.53552,42.05571599906158],[-122.535975,42.05606299906158],[-122.536444,42.05633299906159],[-122.53701300000003,42.05645299906157],[-122.537366,42.05680599906159],[-122.537949,42.05691099906158],[-122.53866999999997,42.05694199906158],[-122.539405,42.05690199906158],[-122.53990899999998,42.05705099906159],[-122.54037099999998,42.057386999061585],[-122.541042,42.057725999061574],[-122.54176099999998,42.058102999061575],[-122.54264699999999,42.05821499906157],[-122.54310399999997,42.05820999906157],[-122.543736,42.058181999061574],[-122.54389500000002,42.05843299906158],[-122.54444500000001,42.05869099906156],[-122.54516899999999,42.05918299906157],[-122.54580399999999,42.05975299906158],[-122.54632699999999,42.06015399906157],[-122.54676399999998,42.06019899906157],[-122.54750200000001,42.06038499906157],[-122.54782800000002,42.06046799906158],[-122.547596,42.06102999906156],[-122.54704900000002,42.06209899906156],[-122.54713499999998,42.06282699906156],[-122.548241,42.06363899906155],[-122.54935500000003,42.064192999061554],[-122.54937500000001,42.06447299906154],[-122.54872600000002,42.064790999061536],[-122.54797300000001,42.06507799906154],[-122.54755500000002,42.065575999061544],[-122.54762199999999,42.06605199906154],[-122.54797900000001,42.06659699906156],[-122.54819099999999,42.06695399906154],[-122.54828299999998,42.06710999906154],[-122.54830000000001,42.067575999061546],[-122.54801399999997,42.068060999061544],[-122.54820999999998,42.06954999906153],[-122.54797600000005,42.06996899906154],[-122.547933,42.070424999061544],[-122.547867,42.07087499906155],[-122.54820099999998,42.07134899906152],[-122.548885,42.07170399906152],[-122.54950100000002,42.07201099906154],[-122.550298,42.07248599906153],[-122.55066899999998,42.07294799906152],[-122.55086,42.07339099906154],[-122.55082300000001,42.07375499906152],[-122.55081700000001,42.07381899906152],[-122.55036000000001,42.073882999061524],[-122.549669,42.07386299906152],[-122.54893899999999,42.07377599906152],[-122.54829000000002,42.073705999061524],[-122.547542,42.07354899906151],[-122.546986,42.07339499906153],[-122.546356,42.07354899906151],[-122.545581,42.073775999061525],[-122.54505000000003,42.07416399906152],[-122.54469700000001,42.0745679990615],[-122.54431600000002,42.07544399906151],[-122.54402000000003,42.0761099990615],[-122.543498,42.076602999061514],[-122.54321100000001,42.07710599906152],[-122.54317700000003,42.07716499906151],[-122.54264699999999,42.077953999061506],[-122.54216999999997,42.07846299906149],[-122.541714,42.0788729990615],[-122.54099300000004,42.079329999061486],[-122.54034900000005,42.0799169990615],[-122.53982400000002,42.08017999906151],[-122.539096,42.08063599906149],[-122.538904,42.08101099906149],[-122.538847,42.08158199906149],[-122.53880300000002,42.0823229990615],[-122.539032,42.08349899906149],[-122.53901200000003,42.08409199906149],[-122.53897800000004,42.08412599906148],[-122.53867300000003,42.084434999061486],[-122.538382,42.084656999061465],[-122.53781600000002,42.085100999061495],[-122.53737699999999,42.08551199906149],[-122.536934,42.08593699906149],[-122.536385,42.086583999061475],[-122.53605000000002,42.087189999061465],[-122.536156,42.087676999061465],[-122.53645700000003,42.088046999061476],[-122.536868,42.08837199906147],[-122.53715400000003,42.08873199906147],[-122.537706,42.08944499906147],[-122.53803800000001,42.08997299906147],[-122.53840700000005,42.090309999061475],[-122.53927500000002,42.090663999061455],[-122.53983400000001,42.091019999061466],[-122.54034700000004,42.09128399906147],[-122.540834,42.09180599906145],[-122.541122,42.092219999061456],[-122.54112700000002,42.09246399906145],[-122.54113000000005,42.092630999061456],[-122.54106700000003,42.09322399906144],[-122.54100400000002,42.09458399906144],[-122.54093700000003,42.09527599906146],[-122.540898,42.09561099906145],[-122.54082999999999,42.09590699906145],[-122.54060800000002,42.09626599906143],[-122.54003799999998,42.09686299906144],[-122.539943,42.09732999906144],[-122.53981800000001,42.09774299906145],[-122.54044500000002,42.09861399906144],[-122.540636,42.09898499906143],[-122.540564,42.099424999061426],[-122.54060700000002,42.099791999061445],[-122.540543,42.100241999061446],[-122.54025200000001,42.10086399906143],[-122.539763,42.10109399906144],[-122.53934500000004,42.10121299906144],[-122.53914000000002,42.10162599906144],[-122.53898999999998,42.10193999906143],[-122.53899800000002,42.10230199906142],[-122.53892600000005,42.102817999061415],[-122.53898999999998,42.10312399906144],[-122.53894800000002,42.103612999061426],[-122.53920000000001,42.10409799906143],[-122.53946099999999,42.104292999061414],[-122.54016700000001,42.10465399906141],[-122.54046900000003,42.10497999906141],[-122.54077899999999,42.105442999061424],[-122.54096300000003,42.10583099906142],[-122.541303,42.10629399906141],[-122.54191100000001,42.1069239990614],[-122.54233400000003,42.10743499906141],[-122.54278700000002,42.107655999061414],[-122.54297400000002,42.107801999061394],[-122.543474,42.108092999061405],[-122.54385200000003,42.10827099906141],[-122.54426100000003,42.10810799906142],[-122.54444800000002,42.107842999061404],[-122.54485900000002,42.107794999061404],[-122.545663,42.1077489990614],[-122.546349,42.107489999061414],[-122.54684800000001,42.10728299906141],[-122.54749000000001,42.107040999061425],[-122.54789300000004,42.106910999061405],[-122.54841499999998,42.1068619990614],[-122.549127,42.106717999061416],[-122.54976000000003,42.106623999061405],[-122.550512,42.10668799906141],[-122.551059,42.10679299906142],[-122.551592,42.1069629990614],[-122.55199600000002,42.10726599906141],[-122.55222200000001,42.107515999061405],[-122.55251599999998,42.1078699990614],[-122.552631,42.108082999061416],[-122.55314300000005,42.108729999061424],[-122.55337099999998,42.10906199906141],[-122.55347500000003,42.10941399906142]]},"id":"003c000000000000079c","properties":{"fullname":"39-2E-34","linearid":"110340482650","mtfcc":"S1400","rttyp":"M"}},{"type":"Feature","geometry":{"type":"LineString","coordinates":[[-122.414049,42.18271099906117],[-122.41328400000003,42.18157699906118],[-122.41318300000003,42.18136699906118],[-122.41330099999999,42.18091799906117],[-122.41400200000001,42.1803849990612],[-122.414627,42.18002299906119],[-122.41540399999998,42.179364999061185],[-122.415516,42.17880999906119],[-122.416224,42.17836599906117],[-122.41656,42.17802299906118],[-122.41622899999999,42.177524999061184],[-122.41659400000003,42.176785999061195],[-122.41694600000001,42.17647599906119],[-122.41671099999999,42.175416999061206],[-122.416906,42.1746319990612],[-122.41735000000003,42.1740539990612],[-122.417498,42.17349399906121],[-122.41727399999998,42.1731619990612],[-122.41658000000004,42.1731989990612],[-122.41562799999998,42.173673999061194],[-122.41455900000001,42.173646999061205],[-122.412968,42.17341199906121],[-122.41191599999999,42.17314299906119],[-122.41067500000001,42.1726849990612],[-122.40948399999999,42.171969999061204],[-122.40818399999999,42.1714679990612],[-122.40712700000003,42.171110999061206],[-122.40637000000002,42.170404999061205],[-122.40606700000002,42.169482999061216],[-122.40567300000001,42.16912799906123],[-122.40546199999999,42.16894399906121],[-122.40514600000002,42.168754999061214]]},"id":"003c0000000000000ada","properties":{"fullname":"39-3E-11","linearid":"110340482660","mtfcc":"S1400","rttyp":"M"}},{"type":"Feature","geometry":{"type":"LineString","coordinates":[[-122.52066500000002,42.195257999061134],[-122.521264,42.194959999061126],[-122.52134800000005,42.19464199906114],[-122.52106099999999,42.194228999061124],[-122.521024,42.19409999906114],[-122.520621,42.19374999906114],[-122.52009400000003,42.193529999061134],[-122.51940100000002,42.19345299906113],[-122.51841999999999,42.193322999061124],[-122.51748599999999,42.19303499906113],[-122.516785,42.19292899906112],[-122.516157,42.19301699906113],[-122.51532800000001,42.19264699906115],[-122.514822,42.19236199906115],[-122.514423,42.19185299906115],[-122.514185,42.19139899906113],[-122.514059,42.19110799906114],[-122.51402800000001,42.191034999061124],[-122.514149,42.19073399906114],[-122.51376299999998,42.19038399906115],[-122.51313,42.190201999061124],[-122.51299700000001,42.189633999061144],[-122.51298300000003,42.189017999061136],[-122.51313700000003,42.18854099906115],[-122.512725,42.18790999906116],[-122.512363,42.18736799906114],[-122.51219500000002,42.18667399906116],[-122.51216599999998,42.18607899906115],[-122.51234100000003,42.185656999061166],[-122.51259800000001,42.185213999061155],[-122.51287600000003,42.18475999906115],[-122.51281700000001,42.18424199906116],[-122.51230500000004,42.18386399906116],[-122.511561,42.18377999906115],[-122.510718,42.18324499906115],[-122.51000400000002,42.183128999061175],[-122.509438,42.18302499906117],[-122.50912400000001,42.182735999061165],[-122.508826,42.18230999906118],[-122.50772899999998,42.18162899906117],[-122.50724500000001,42.18127299906116],[-122.506681,42.18048599906118],[-122.506742,42.17976099906117],[-122.50665599999999,42.178923999061176],[-122.506258,42.178419999061184],[-122.506168,42.17786399906117],[-122.50644700000001,42.17720199906119],[-122.506489,42.17710199906119],[-122.50639299999997,42.176435999061184],[-122.506025,42.175887999061196],[-122.50552,42.175030999061185],[-122.505003,42.17444299906119],[-122.504759,42.17408599906119],[-122.50427600000003,42.173688999061184],[-122.50415799999999,42.173131999061205],[-122.50355799999998,42.172702999061215],[-122.503139,42.17257399906119],[-122.50272700000004,42.172447999061205],[-122.50182800000002,42.17237399906121],[-122.50155199999999,42.1725199990612],[-122.500635,42.172748999061206],[-122.50039300000002,42.17308799906118],[-122.499972,42.173759999061204],[-122.49956700000001,42.1742519990612],[-122.49868500000001,42.1744909990612],[-122.498342,42.1747189990612],[-122.497622,42.174574999061186],[-122.49708500000001,42.174361999061205],[-122.49651399999999,42.1740209990612],[-122.49632200000002,42.17350199906118],[-122.49575500000005,42.1725669990612],[-122.49534900000002,42.1724559990612],[-122.49489000000001,42.1723539990612],[-122.49458699999998,42.1721539990612],[-122.49432600000002,42.1719609990612],[-122.49381200000002,42.1717889990612],[-122.49308700000003,42.171938999061204],[-122.492321,42.17221799906121],[-122.49126599999998,42.17239499906121],[-122.48994800000001,42.172652999061214],[-122.48949300000002,42.172598999061194],[-122.489153,42.17264599906122],[-122.48870700000002,42.17279599906121],[-122.48837199999998,42.1730209990612],[-122.48830500000001,42.17323499906119],[-122.48840600000003,42.173405999061195],[-122.488561,42.17381699906119],[-122.48857200000002,42.1739789990612],[-122.48851500000002,42.1740109990612],[-122.48841599999999,42.174067999061194],[-122.48813799999998,42.1739729990612]]},"id":"003c0000000000000a69","properties":{"fullname":"39-3E-17","linearid":"110340482663","mtfcc":"S1400","rttyp":"M"}},{"type":"Feature","geometry":{"type":"LineString","coordinates":[[-122.498659,42.15124199906127],[-122.49906099999998,42.15128699906126],[-122.499714,42.15137599906125],[-122.50046800000003,42.15154099906126],[-122.500719,42.15154699906128],[-122.50122400000002,42.15144499906126],[-122.50258200000005,42.151471999061265],[-122.50283400000002,42.151364999061265],[-122.503037,42.15106999906127],[-122.503292,42.15062599906126],[-122.50374599999999,42.15044699906126],[-122.50409899999998,42.150266999061266],[-122.50475300000001,42.15031799906127],[-122.50520400000003,42.150552999061276]]},"id":"003c0000000000000a6e","properties":{"fullname":"39-3E-29","linearid":"110340482666","mtfcc":"S1400","rttyp":"M"}},{"type":"Feature","geometry":{"type":"LineString","coordinates":[[-122.50520399999998,42.150552999061276],[-122.50508100000003,42.15005099906128],[-122.50492500000003,42.14953399906127],[-122.50488800000001,42.14839099906128],[-122.505427,42.14775799906128],[-122.50526999999998,42.147239999061284],[-122.505228,42.147219999061285],[-122.50484500000002,42.1470399990613],[-122.504133,42.14663699906129],[-122.50270299999998,42.145622999061295],[-122.50171199999998,42.14522399906129],[-122.501154,42.14523399906129],[-122.50072500000006,42.14492999906129],[-122.50043600000001,42.14462299906129],[-122.50067500000002,42.14337099906129],[-122.50107700000002,42.1428439990613],[-122.50104999999999,42.14201299906131],[-122.50046900000001,42.1412949990613],[-122.49990300000002,42.14109699906132],[-122.49943499999999,42.14102799906131],[-122.49827300000003,42.14077399906131],[-122.49796300000003,42.140622999061314],[-122.497635,42.140268999061306],[-122.497404,42.14013599906131],[-122.49711199999999,42.140215999061304],[-122.49670400000001,42.1403129990613],[-122.49641200000002,42.140285999061305],[-122.495969,42.14016199906129],[-122.49557,42.139949999061294],[-122.49529500000001,42.13987899906131],[-122.494746,42.13991399906131],[-122.49404599999998,42.14002099906131],[-122.49382400000002,42.14005599906131],[-122.49346999999999,42.139922999061305],[-122.493239,42.13970199906129],[-122.492849,42.139444999061304],[-122.49259199999999,42.1393199990613],[-122.492114,42.1392939990613],[-122.49140500000004,42.13930299906129],[-122.49114800000002,42.1392049990613],[-122.49091800000001,42.13909899906132],[-122.49052800000001,42.13909899906132],[-122.49019999999999,42.139142999061306],[-122.48947299999999,42.1392849990613],[-122.48922500000003,42.1393119990613],[-122.48903,42.1393199990613]]},"id":"003c0000000000000a4f","properties":{"fullname":"39-3E-32","linearid":"110340482667","mtfcc":"S1400","rttyp":"M"}},{"type":"Feature","geometry":{"type":"LineString","coordinates":[[-122.56021100000001,42.09906599906145],[-122.55995599999999,42.099287999061445],[-122.55968899999998,42.099504999061445],[-122.55962500000003,42.099576999061426],[-122.55923400000003,42.100023999061435],[-122.55893800000001,42.10037799906143],[-122.55866,42.10075899906143],[-122.55832900000004,42.101233999061414],[-122.55809500000001,42.10174599906143],[-122.55783999999997,42.102285999061415],[-122.557525,42.10278299906142],[-122.55731300000002,42.10316299906142],[-122.55723299999998,42.103651999061434],[-122.557138,42.10411899906142],[-122.55695000000001,42.104469999061415],[-122.55686900000002,42.10462599906142],[-122.55655400000002,42.10518799906142],[-122.55609999999999,42.10566999906142],[-122.55581799999999,42.10595199906141],[-122.55562100000002,42.106452999061425],[-122.555558,42.107001999061424],[-122.555421,42.10716199906141],[-122.55514600000001,42.10716399906141],[-122.55468300000003,42.107135999061406],[-122.554301,42.107249999061416],[-122.554064,42.107481999061406],[-122.55402899999999,42.1080469990614],[-122.554037,42.1084579990614],[-122.55398000000002,42.1089089990614],[-122.55386700000001,42.1091619990614],[-122.55347500000003,42.10941399906142]]},"id":"003c0000000000000a45","properties":{"fullname":"40-2E-11","linearid":"110340482682","mtfcc":"S1400","rttyp":"M"}},{"type":"Feature","geometry":{"type":"MultiLineString","coordinates":[[[-122.53004800000002,42.037418999061636],[-122.53059200000001,42.03732599906164],[-122.53149899999998,42.03775399906165],[-122.53190000000005,42.03796899906164],[-122.53235,42.037991999061646],[-122.533091,42.03780299906165],[-122.53368700000001,42.03779599906165],[-122.533942,42.03809999906164],[-122.534225,42.03825599906165],[-122.53465899999999,42.03822999906165],[-122.53535,42.03813399906164],[-122.53604899999999,42.03806699906164],[-122.53650700000001,42.038176999061655],[-122.53720300000002,42.03833399906164],[-122.537559,42.03853199906163],[-122.538112,42.03854299906164],[-122.538536,42.03843399906163],[-122.538625,42.03841099906164],[-122.538827,42.03817899906166],[-122.538902,42.03776699906164],[-122.53968600000005,42.03754499906165],[-122.54032600000001,42.03752199906163],[-122.54134400000001,42.03759299906165],[-122.542024,42.03770599906165],[-122.542741,42.03790599906165],[-122.542804,42.03793599906164],[-122.54312100000001,42.03808799906166],[-122.543711,42.03818599906163],[-122.544537,42.03829399906164],[-122.544811,42.03832799906163],[-122.545314,42.038409999061635],[-122.54559,42.038603999061614],[-122.54563800000001,42.038909999061644],[-122.54571700000002,42.03912299906163],[-122.545666,42.03931299906163],[-122.54576700000001,42.03958599906163],[-122.54593299999999,42.03976499906164],[-122.54598000000001,42.039956999061644],[-122.546491,42.04014899906163],[-122.547197,42.040465999061624],[-122.54809900000002,42.04107699906163],[-122.548446,42.041616999061624],[-122.54875900000002,42.04210199906162],[-122.549269,42.04267299906163],[-122.54989800000001,42.04288599906162],[-122.550325,42.04287099906162],[-122.55100299999998,42.04288099906162],[-122.55148800000002,42.04253099906162],[-122.55167600000004,42.04224399906162],[-122.55259399999998,42.04223499906162],[-122.55294200000002,42.04234099906163],[-122.55314900000002,42.042377999061614],[-122.553737,42.04226799906161],[-122.55422,42.042169999061635],[-122.55500200000002,42.042271999061626],[-122.555468,42.04246999906163],[-122.5557,42.04262199906164],[-122.55605900000002,42.04296399906161],[-122.55663900000003,42.04284799906162],[-122.55728999999998,42.04260599906161],[-122.55778100000002,42.04254099906161],[-122.55807700000001,42.04263199906161],[-122.55845700000002,42.04282499906163],[-122.55878200000001,42.04290499906161],[-122.55900899999999,42.04280899906162],[-122.55950400000003,42.042578999061625],[-122.56010999999998,42.04224999906163],[-122.56030400000002,42.04203999906163],[-122.560474,42.04174199906162],[-122.56061700000004,42.04143399906163],[-122.560759,42.04117499906163],[-122.56076600000003,42.04081799906164],[-122.56065800000002,42.04050099906163],[-122.560456,42.04034999906162],[-122.56030900000003,42.04002799906162],[-122.56033700000005,42.03988499906163],[-122.56039400000002,42.03982399906164],[-122.56078300000003,42.03978199906163],[-122.561305,42.039748999061636],[-122.56179699999998,42.039711999061645],[-122.56239299999999,42.03963999906163],[-122.56321299999999,42.03945099906163],[-122.56355,42.03939299906163],[-122.56376900000002,42.039198999061625],[-122.56369000000002,42.03911199906164],[-122.563865,42.03899499906163],[-122.564052,42.03881699906162],[-122.56444100000002,42.03865399906164],[-122.56496800000001,42.03850599906164],[-122.56548200000003,42.03839599906164],[-122.56585000000004,42.03833699906164],[-122.56601500000001,42.03815999906164],[-122.56610600000003,42.03790199906164],[-122.56629100000002,42.03755399906164],[-122.56648099999998,42.03739299906165],[-122.56657699999998,42.03737799906163],[-122.56670800000002,42.03735799906163],[-122.56696600000002,42.037425999061654],[-122.56728200000005,42.03766399906164],[-122.56764,42.03796699906163],[-122.56800400000006,42.038126999061646],[-122.56828500000002,42.03816199906163],[-122.56827900000005,42.03793199906164],[-122.56811299999998,42.03769799906164],[-122.56788800000001,42.03747099906165],[-122.56775900000002,42.03723699906164],[-122.567355,42.03646699906165],[-122.56726399999998,42.03629399906164],[-122.56736200000002,42.03603499906165],[-122.56751100000001,42.03596899906166],[-122.567827,42.036073999061635],[-122.56824199999998,42.03624999906164],[-122.56903600000001,42.03655399906167],[-122.56951599999998,42.036702999061646],[-122.57054800000002,42.03699699906163],[-122.57093100000003,42.03700399906164],[-122.57170400000003,42.03706299906165],[-122.57192700000002,42.037443999061644],[-122.57227700000003,42.03785899906163],[-122.57240300000002,42.038292999061646],[-122.572487,42.03847499906164],[-122.572805,42.03880199906163],[-122.57314099999999,42.039095999061644],[-122.57327099999999,42.03938099906163],[-122.57343000000002,42.03973999906164],[-122.57362599999999,42.04022499906162],[-122.573784,42.04054699906162],[-122.574116,42.04098599906163],[-122.574335,42.041199999061625],[-122.57448000000001,42.04138199906163],[-122.57470400000004,42.041745999061625],[-122.57491800000001,42.042119999061626],[-122.57511000000001,42.04238099906163],[-122.57530100000001,42.04252599906162],[-122.57531709472975,42.04253541385971]],[[-122.58343842606106,42.047090517785946],[-122.58380700000002,42.04729599906161],[-122.583917,42.04736499906159],[-122.58449399999999,42.047564999061606],[-122.58472200000003,42.04763099906161],[-122.585236,42.04789699906161],[-122.58585600000004,42.0481629990616],[-122.58644400000001,42.04838699906159],[-122.58671000000002,42.048512999061586],[-122.58697100000002,42.048647999061615],[-122.58727900000001,42.0487649990616],[-122.58750300000001,42.0488069990616],[-122.58777400000001,42.04876899906161],[-122.58809600000001,42.048708999061596],[-122.58862299999998,42.048624999061616],[-122.58897300000002,42.04856899906161],[-122.589342,42.048516999061604],[-122.589645,42.0485079990616],[-122.59014400000002,42.04854499906159],[-122.59052200000004,42.048628999061606],[-122.59098000000002,42.04880199906161],[-122.59124100000001,42.048894999061595],[-122.591423,42.04892799906159],[-122.59166099999999,42.04891899906159],[-122.591838,42.04887699906161],[-122.592104,42.0487599990616],[-122.59256200000004,42.048498999061586],[-122.59268800000002,42.04837699906161],[-122.592702,42.0482609990616],[-122.592599,42.04792899906161],[-122.59251,42.04769599906161],[-122.59255699999999,42.047550999061606],[-122.592702,42.04736899906161],[-122.593066,42.0471219990616],[-122.59338699999999,42.047000999061616],[-122.59400400000001,42.046992999061615],[-122.59465199999998,42.047065999061616],[-122.59503,42.0471549990616],[-122.595828,42.0471549990616],[-122.59641100000002,42.04715899906161],[-122.596878,42.04725299906161],[-122.597358,42.04739299906161],[-122.59797900000001,42.047532999061616],[-122.59854100000001,42.047691999061605],[-122.599131,42.047781999061606],[-122.59936399999998,42.04783899906162],[-122.59953000000003,42.0478629990616],[-122.599806,42.047843999061605],[-122.60005800000003,42.04778699906161],[-122.600559,42.04761599906161]],[[-122.58203769381592,42.04462035647246],[-122.58215600000001,42.04465799906161],[-122.58231,42.044732999061615],[-122.582403,42.04481699906162],[-122.58244999999998,42.04490999906162],[-122.58244500000004,42.04511999906161],[-122.582454,42.04530699906162],[-122.58252400000002,42.04544699906161],[-122.58257294441044,42.045517696683596]],[[-122.58265835499711,42.04563914446808],[-122.582888,42.04591799906162],[-122.58307,42.04615099906162],[-122.58307928953126,42.046173293990144]]]},"id":"003c00000000000007c1","properties":{"fullname":"40-2E-33","linearid":"110340482685","mtfcc":"S1400","rttyp":"M"}},{"type":"Feature","geometry":{"type":"LineString","coordinates":[[-122.47463299999998,42.06793399906155],[-122.475202,42.06781499906155],[-122.47534199999997,42.067813999061535],[-122.47546399999999,42.06796499906156],[-122.47558100000002,42.06810999906154],[-122.47549599999999,42.068438999061534],[-122.475633,42.068745999061534],[-122.47560800000001,42.06917499906154],[-122.475756,42.069332999061544],[-122.47585500000004,42.06967299906154],[-122.47589900000001,42.07018399906154],[-122.476147,42.07062699906154],[-122.4766,42.070981999061544],[-122.476913,42.071182999061534],[-122.477023,42.07176999906152],[-122.47702500000003,42.07212199906152],[-122.47729500000003,42.072443999061534],[-122.47750200000002,42.072564999061534]]},"id":"003c00000000000007a0","properties":{"fullname":"40-3E-28","linearid":"110340482689","mtfcc":"S1400","rttyp":"M"}},{"type":"Feature","geometry":{"type":"LineString","coordinates":[[-122.33663947809603,42.05367502582094],[-122.33728600000003,42.053284999061596],[-122.337871,42.052851999061595],[-122.338419,42.0523259990616],[-122.33896000000001,42.0515639990616]]},"id":"003c0000000000000bbf","properties":{"fullname":"40-5E-19","linearid":"110340482697","mtfcc":"S1400","rttyp":"M"}},{"type":"Feature","geometry":{"type":"LineString","coordinates":[[-122.339935,42.02952399906166],[-122.339937,42.02974399906167],[-122.340118,42.030055999061666],[-122.34031199999998,42.03034999906168],[-122.34066300000002,42.030638999061686],[-122.34078299999999,42.03090099906167],[-122.34059700000002,42.031257999061665],[-122.34071199999998,42.03167399906167],[-122.34139800000003,42.03227799906166],[-122.341211,42.03268999906167],[-122.34070499999999,42.033143999061664],[-122.34041900000003,42.03340099906166],[-122.34009299999998,42.03376399906166],[-122.339869,42.03417099906165],[-122.33968399999999,42.03471399906166],[-122.339634,42.03523499906166],[-122.33989400000002,42.03545799906164],[-122.339917,42.03547299906165],[-122.34020100000004,42.03565899906165],[-122.340301,42.035723999061645],[-122.340522,42.036204999061646],[-122.34074100000002,42.036663999061645],[-122.340818,42.036781999061645],[-122.34103400000002,42.03711099906164],[-122.341255,42.03766299906164],[-122.34116700000001,42.03822199906163],[-122.34113400000003,42.03856199906164],[-122.34138099999998,42.038866999061646],[-122.34142299999998,42.03910699906164],[-122.34248200000002,42.04007999906163],[-122.34313200000004,42.04063699906163],[-122.34332700000003,42.04101799906162],[-122.343854,42.041394999061644],[-122.34412700000003,42.041912999061644],[-122.34440000000002,42.04250299906163],[-122.34452300000002,42.04266099906162],[-122.34467000000002,42.04315299906162],[-122.34494099999999,42.04361699906162],[-122.34541499999999,42.04419799906163],[-122.34571600000002,42.04473199906162],[-122.345696,42.0450459990616],[-122.34541899999998,42.04538599906163],[-122.34490800000005,42.04585599906162],[-122.34435999999997,42.04632199906161],[-122.343892,42.04665899906161],[-122.34359000000002,42.04698899906161],[-122.34313100000001,42.04713899906161],[-122.34270500000001,42.04717899906161],[-122.342292,42.04748299906159],[-122.34165000000002,42.04775199906161],[-122.34104099999999,42.0483229990616],[-122.34067300000001,42.0486259990616],[-122.34018500000002,42.0490679990616],[-122.34001799999999,42.04996699906161],[-122.33973,42.050516999061585],[-122.339421,42.0508369990616],[-122.33906800000003,42.0513479990616]]},"id":"003c0000000000000bce","properties":{"fullname":"40-5E-19","linearid":"110340482696","mtfcc":"S1400","rttyp":"M"}},{"type":"Feature","geometry":{"type":"LineString","coordinates":[[-122.577957,42.0207299990617],[-122.577566,42.02060599906171],[-122.577371,42.02037299906169],[-122.577102,42.020084999061694],[-122.57696,42.0196379990617],[-122.57710600000001,42.01916499906171],[-122.57726199999999,42.018806999061695],[-122.57708100000005,42.01851799906171],[-122.57652600000002,42.01838799906171],[-122.57613299999998,42.0182439990617],[-122.57583600000001,42.01810999906171],[-122.57583900000002,42.017912999061714],[-122.57606900000002,42.017570999061704],[-122.576386,42.0171559990617],[-122.576581,42.016528999061705],[-122.57657800000001,42.016332999061696],[-122.57657400000002,42.01616799906172],[-122.576394,42.016010999061706],[-122.575963,42.015790999061714],[-122.57573100000005,42.01554699906171],[-122.57569600000004,42.0152619990617],[-122.575841,42.015150999061724],[-122.57619200000002,42.01497199906172],[-122.577014,42.01484799906172],[-122.577599,42.01460599906172],[-122.57790200000001,42.0144659990617],[-122.57820600000001,42.0143249990617],[-122.57830200000001,42.014005999061716],[-122.57825199999999,42.01366699906172],[-122.57798400000003,42.01347199906173],[-122.57778100000002,42.01323399906172],[-122.57739399999998,42.012985999061705],[-122.57681199999998,42.01265799906172],[-122.57624800000004,42.01239599906173],[-122.575633,42.01215599906172],[-122.57540799999997,42.01191199906174],[-122.57521800000004,42.01163999906172],[-122.57478500000002,42.01129399906172],[-122.57463400000002,42.01105499906173],[-122.574283,42.01073599906174],[-122.57381200000002,42.010351999061726],[-122.57343800000001,42.010081999061725],[-122.57319500000003,42.010007999061735],[-122.57287799999999,42.01003899906173],[-122.57256400000001,42.01011899906174],[-122.57230600000004,42.01010599906174],[-122.572148,42.009942999061735]]},"id":"003c00000000000007cf","properties":{"fullname":"41-2E-10","linearid":"110340482701","mtfcc":"S1400","rttyp":"M"}},{"type":"Feature","geometry":{"type":"MultiLineString","coordinates":[[[-122.33605597345019,42.028084260945946],[-122.33560300000002,42.02847199906168],[-122.33473599999999,42.02923999906168],[-122.332883,42.03051799906168],[-122.33222399999998,42.03115699906167],[-122.33217700000006,42.03173299906167],[-122.33210600000001,42.03271699906166],[-122.33462300000001,42.03751799906164],[-122.33430800000001,42.038866999061646],[-122.334161,42.03919299906163],[-122.33295600000001,42.039521999061634],[-122.331854,42.04118399906164],[-122.33168,42.04395099906161],[-122.33163800000004,42.04468999906162],[-122.331622,42.045444999061615],[-122.331943,42.045681999061614],[-122.336202,42.048831999061605],[-122.33773900000004,42.048901999061606],[-122.338547,42.049222999061605],[-122.339223,42.050450999061596],[-122.33906800000003,42.0513479990616],[-122.33896000000001,42.0515639990616],[-122.338938,42.05219399906159],[-122.33909000000001,42.052460999061594],[-122.33937300000001,42.05273499906157],[-122.339746,42.05301499906158],[-122.34083,42.055093999061576],[-122.34113700000002,42.05624599906158],[-122.34172500000003,42.057270999061586],[-122.341706,42.05769999906156],[-122.34137,42.05932599906158],[-122.3401,42.06068099906157],[-122.33909386687634,42.0612242146228]],[[-122.33910725335863,42.063485165470134],[-122.33946100000006,42.06442199906156],[-122.339382,42.06562399906154],[-122.33911166744728,42.06613639537817]],[[-122.33912954311963,42.08237085742244],[-122.33921500000005,42.08273199906149],[-122.33944429261884,42.08297324566549]],[[-122.34896607994277,42.12454190927285],[-122.348966,42.12454599906135]]]},"id":"003c0000000000000ba1","properties":{"fullname":"Copco Rd","linearid":"1105598219392","mtfcc":"S1400","rttyp":"M"}},{"type":"Feature","geometry":{"type":"LineString","coordinates":[[-122.199375,42.21640299906106],[-122.19942499999999,42.21648699906107],[-122.199498,42.216629999061055],[-122.19954200000001,42.21671499906107],[-122.19966000000001,42.21692099906106],[-122.200011,42.217484999061064],[-122.20010399999998,42.21761999906105],[-122.20021100000002,42.21774799906107],[-122.20032100000006,42.217848999061054],[-122.20047799999999,42.21796499906105],[-122.200577,42.218025999061055],[-122.20078500000001,42.218136999061045],[-122.20095599999999,42.21821699906105],[-122.20113300000001,42.218289999061064],[-122.201669,42.21849499906105],[-122.201763,42.21853599906106],[-122.20203600000004,42.21866999906106],[-122.20230600000004,42.21882199906106],[-122.20243200000003,42.21890599906105],[-122.202633,42.219070999061046],[-122.20286899999998,42.21929199906105],[-122.203134,42.21957099906106],[-122.20325700000001,42.21970799906105]]},"id":"003c00000000000017e6","properties":{"fullname":"Kent Spr","linearid":"1102304382496","mtfcc":"S1400","rttyp":"M"}},{"type":"Feature","geometry":{"type":"LineString","coordinates":[[-122.20370400000002,42.21671999906106],[-122.203725,42.21685599906105],[-122.20376500000003,42.21732999906104],[-122.20377200000001,42.21753599906106],[-122.20376800000003,42.217842999061055],[-122.20377400000002,42.217995999061046],[-122.20381700000002,42.21851899906106],[-122.20381700000002,42.21864199906107],[-122.20379700000001,42.21882699906105],[-122.20377600000003,42.21891799906106],[-122.20374500000001,42.21900299906107],[-122.20366399999999,42.21916899906105],[-122.20360500000001,42.219270999061045],[-122.20346599999999,42.21946999906106],[-122.20325700000001,42.21970799906105]]},"id":"003c00000000000017e9","properties":{"fullname":"Kent Spr","linearid":"1102314729454","mtfcc":"S1400","rttyp":"M"}},{"type":"Feature","geometry":{"type":"LineString","coordinates":[[-122.20325700000001,42.21970799906105],[-122.203459,42.21993299906105],[-122.20354199999997,42.22001499906104],[-122.20361899999999,42.22009999906105],[-122.20368800000001,42.22018699906105],[-122.20381,42.220365999061045],[-122.203886,42.220502999061054],[-122.20402499999999,42.220780999061056],[-122.204297,42.221242999061054],[-122.20442300000003,42.221490999061054],[-122.204491,42.221581999061044],[-122.204533,42.221622999061054],[-122.20465200000001,42.221710999061045],[-122.20471800000001,42.22175099906104],[-122.20482800000002,42.221804999061035],[-122.204959,42.221850999061054],[-122.20510300000004,42.22189599906105],[-122.20537900000001,42.22196499906105],[-122.20548399999998,42.22200099906104],[-122.20553799999998,42.22202599906103],[-122.205692,42.222109999061054],[-122.206136,42.22237099906105],[-122.20629100000002,42.222455999061054]]},"id":"003c00000000000017eb","properties":{"fullname":"Kent Spr","linearid":"1102314729453","mtfcc":"S1400","rttyp":"M"}},{"type":"Feature","geometry":{"type":"LineString","coordinates":[[-122.20629700000002,42.22257499906104],[-122.20650100000002,42.22262199906105],[-122.20662000000003,42.222642999061044],[-122.206735,42.22266999906105],[-122.206846,42.222702999061035],[-122.20698,42.222750999061034],[-122.20711,42.222807999061054],[-122.20717100000002,42.22284099906104],[-122.20722700000003,42.222876999061036],[-122.20727900000001,42.22291799906104],[-122.20734299999998,42.22297799906104],[-122.207397,42.22304299906105],[-122.20742900000002,42.223096999061035],[-122.207451,42.22315399906106],[-122.207508,42.22338799906103],[-122.20754200000003,42.22368299906104],[-122.20756300000001,42.22379899906103],[-122.20758800000002,42.223892999061036],[-122.20765,42.22407899906104],[-122.20769600000003,42.22417299906105],[-122.207809,42.22435499906104],[-122.20792400000002,42.22450099906104],[-122.20805800000001,42.22463899906104],[-122.20813199999999,42.224703999061035],[-122.208211,42.22476499906104],[-122.20835200000003,42.22486099906104],[-122.20842800000003,42.22490299906103],[-122.208512,42.22493999906103],[-122.20860200000003,42.22497099906103],[-122.20886100000003,42.225043999061036],[-122.209085,42.22509599906104],[-122.20923700000002,42.22512499906104],[-122.20961100000002,42.22518299906104],[-122.20972200000003,42.22519199906102],[-122.20983,42.225192999061036],[-122.21011100000004,42.22517499906104],[-122.21036899999999,42.22514299906104],[-122.210745,42.22507899906104],[-122.21082499999999,42.22506099906103]]},"id":"003c00000000000017f1","properties":{"fullname":"Kent Spr","linearid":"1102301835403","mtfcc":"S1400","rttyp":"M"}},{"type":"Feature","geometry":{"type":"LineString","coordinates":[[-122.227895,42.22768599906101],[-122.22798199999998,42.227731999061035],[-122.22812000000003,42.22781899906101],[-122.22826400000001,42.22789999906102],[-122.22841299999999,42.22797299906102],[-122.22856800000001,42.228040999061015],[-122.22881200000002,42.22813699906102],[-122.22924700000003,42.22829399906102],[-122.22932899999999,42.22832799906102],[-122.22940800000003,42.22836599906104],[-122.22947700000002,42.22840899906101],[-122.22985200000001,42.22866199906102],[-122.230099,42.228819999061024],[-122.23031100000001,42.22893999906104],[-122.230411,42.22900599906102],[-122.230532,42.22910199906102],[-122.230585,42.229154999061016],[-122.23071700000001,42.22932799906103],[-122.230781,42.22939999906101],[-122.23094199999998,42.22954299906101],[-122.23098600000002,42.22958799906101],[-122.23102300000004,42.22963499906102],[-122.231088,42.22978399906101],[-122.23114600000004,42.22986699906102],[-122.23119200000001,42.229908999061],[-122.23130400000002,42.229981999060996],[-122.23140500000001,42.230041999061015],[-122.23154000000001,42.23011499906102],[-122.23163400000003,42.23015899906101],[-122.23181700000002,42.230221999061015],[-122.23187,42.23024899906103],[-122.231919,42.230289999061014],[-122.231962,42.23033599906102],[-122.232078,42.23048899906102],[-122.232108,42.230542999061015],[-122.23212900000003,42.230598999061016],[-122.232138,42.23064699906101],[-122.23213800000003,42.23074799906101],[-122.23211800000001,42.23084599906101],[-122.23209200000001,42.23090399906102],[-122.231982,42.23107499906102],[-122.231924,42.23120299906102],[-122.23187499999999,42.231334999061026],[-122.23181400000003,42.231549999061],[-122.231738,42.23168599906101],[-122.23172200000002,42.23173299906101],[-122.23171200000003,42.23181099906102],[-122.23171700000003,42.23184999906102],[-122.23173899999999,42.23189299906101],[-122.23179099999999,42.23196699906102],[-122.231831,42.23203399906101],[-122.23186799999999,42.23213699906102],[-122.23189900000003,42.23227399906101],[-122.23190400000003,42.232347999061005]]},"id":"003c0000000000001806","properties":{"fullname":"Kent Spr","linearid":"1102281676037","mtfcc":"S1400","rttyp":"M"}},{"type":"Feature","geometry":{"type":"LineString","coordinates":[[-122.634028,42.05799499906157],[-122.63426299999999,42.05767399906157],[-122.63427499999999,42.05735799906158],[-122.63437200000001,42.056290999061595],[-122.63454800000002,42.055554999061584],[-122.63487200000003,42.05521599906158],[-122.63551199999999,42.05500399906158],[-122.63639599999998,42.05471999906159],[-122.63716900000003,42.05445599906158],[-122.63778800000001,42.05427799906158],[-122.63807600000001,42.054188999061594],[-122.638152,42.05382099906159],[-122.63812,42.0535219990616],[-122.638041,42.0531909990616],[-122.63776300000004,42.05287999906158],[-122.63735299999999,42.052654999061595],[-122.63709500000004,42.05230999906159],[-122.63699199999999,42.0518959990616],[-122.63702800000002,42.051661999061594],[-122.636766,42.05116699906161],[-122.63651,42.050872999061596],[-122.63642300000001,42.05027499906161],[-122.636434,42.0500789990616],[-122.636451,42.04979199906161],[-122.63648300000001,42.04904799906161]]},"id":"003c00000000000007e8","properties":{"fullname":"Nepal Rd","linearid":"110340475374","mtfcc":"S1400","rttyp":"M"}},{"type":"Feature","geometry":{"type":"LineString","coordinates":[[-122.18250900000001,42.20819999906109],[-122.18247300000002,42.208218999061074],[-122.182432,42.20825299906108],[-122.182282,42.208298999061086],[-122.182213,42.20829499906109],[-122.182147,42.208284999061085],[-122.182083,42.20826999906109],[-122.182024,42.20824799906108],[-122.18190899999998,42.20819599906109],[-122.18183500000004,42.20817399906108],[-122.18168100000001,42.2081449990611],[-122.18144700000003,42.20813299906107],[-122.181316,42.2081169990611],[-122.18092900000002,42.20804599906109],[-122.18060800000002,42.207992999061084],[-122.18044599999999,42.20797199906109],[-122.180288,42.20795999906108],[-122.17997000000001,42.20795099906109],[-122.179663,42.2079539990611],[-122.179516,42.20795899906109],[-122.17926900000002,42.20797499906108],[-122.17902300000002,42.2079989990611],[-122.17885600000001,42.20801999906109],[-122.178596,42.2080609990611],[-122.17848900000001,42.20807799906109],[-122.17828800000001,42.208114999061074],[-122.177701,42.208242999061085],[-122.177593,42.2082629990611],[-122.17738200000001,42.20828799906109],[-122.177275,42.20829299906107],[-122.17711699999998,42.208291999061096],[-122.177079,42.20828799906109]]},"id":"003c0000000000000e8b","properties":{"fullname":"Surveyor","linearid":"1102302392104","mtfcc":"S1400","rttyp":"M"}},{"type":"Feature","geometry":{"type":"LineString","coordinates":[[-122.494455,42.13299699906132],[-122.49468600000002,42.132796999061334],[-122.495014,42.13237299906134],[-122.495402,42.13225699906133],[-122.49615900000002,42.13226099906134],[-122.49650799999999,42.13249199906133],[-122.49656999999999,42.13260999906133],[-122.49678799999998,42.13281399906132],[-122.497082,42.132862999061324],[-122.49814200000004,42.13313599906133],[-122.49851000000002,42.13318399906134],[-122.498812,42.133288999061335],[-122.49905000000003,42.133264999061346],[-122.49931699999996,42.13322399906133],[-122.49974,42.13321999906133],[-122.49995399999999,42.13318899906133],[-122.500313,42.133208999061324],[-122.50052700000003,42.13320599906133],[-122.50092200000002,42.13322499906133],[-122.50117200000001,42.133193999061334],[-122.50152800000002,42.13316099906134],[-122.50184699999998,42.13304899906134],[-122.50205100000001,42.13272499906134],[-122.50250900000003,42.13218499906134],[-122.502565,42.13209699906133],[-122.50276500000002,42.13177999906133],[-122.50372000000002,42.13117699906135],[-122.50396399999998,42.13095899906135],[-122.504102,42.130796999061346],[-122.504315,42.130765999061346],[-122.50442300000002,42.130764999061334],[-122.504707,42.130705999061334],[-122.50488199999998,42.13056999906134],[-122.504947,42.13038199906134],[-122.504979,42.13024799906134],[-122.50522600000002,42.13006299906134],[-122.50551500000002,42.12993099906135],[-122.50626999999997,42.12986299906134],[-122.50693199999999,42.12994199906134],[-122.507769,42.13014499906134],[-122.508169,42.130377999061345],[-122.508933,42.13073699906134],[-122.50926099999997,42.13091799906133],[-122.50952,42.13117999906135],[-122.50988100000002,42.13127999906133],[-122.510651,42.13144499906133],[-122.511143,42.13155099906133],[-122.51197599999999,42.13185599906134],[-122.512191,42.13187799906133],[-122.51247500000001,42.13179299906134],[-122.51261300000002,42.13163099906133],[-122.51296500000001,42.13143799906132],[-122.51314100000005,42.13124799906134],[-122.51324099999998,42.13113999906133],[-122.51333800000003,42.13081899906133],[-122.51343299999998,42.13041699906134],[-122.51342899999999,42.130283999061334]]},"id":"003c0000000000000a4b","properties":{"fullname":"32-3-32.1","linearid":"110340484807","mtfcc":"S1400","rttyp":"M"}},{"type":"Feature","geometry":{"type":"LineString","coordinates":[[-122.56876,42.28810899906085],[-122.56835500000003,42.28841499906084],[-122.568156,42.28867699906085],[-122.56768700000005,42.289035999060836],[-122.567251,42.28936899906084],[-122.56633800000003,42.28996199906083],[-122.565936,42.29040799906082],[-122.56500600000001,42.290800999060835],[-122.56505299999999,42.29105699906083],[-122.56552,42.29149999906082],[-122.565867,42.291599999060836],[-122.56617199999998,42.29177199906082],[-122.56623600000003,42.29264899906083],[-122.56609500000002,42.293693999060814],[-122.566136,42.294243999060804],[-122.56626099999998,42.294666999060816],[-122.56707200000004,42.294938999060804],[-122.568164,42.29532699906082],[-122.56933600000004,42.29575999906083],[-122.57003000000003,42.296178999060814],[-122.57051700000004,42.296361999060814],[-122.57128599999999,42.29624899906081],[-122.57216699999998,42.29604899906081],[-122.572468,42.29614899906081],[-122.572541,42.29646799906081],[-122.57214499999999,42.297350999060804],[-122.57217099999997,42.298246999060815],[-122.572132,42.29877399906081],[-122.5723,42.299334999060804],[-122.572424,42.29950099906079],[-122.572799,42.300000999060806],[-122.573285,42.300529999060814],[-122.57374300000002,42.30080099906079],[-122.574199,42.3009999990608],[-122.574739,42.3010629990608],[-122.576144,42.300676999060805],[-122.57686899999999,42.300503999060794],[-122.577816,42.30030299906079],[-122.578629,42.30025099906081],[-122.57933099999998,42.3004339990608],[-122.57969900000002,42.3006609990608],[-122.57977599999998,42.300890999060805],[-122.57993300000003,42.30135899906081],[-122.579894,42.301704999060796],[-122.580145,42.301908999060785],[-122.58073299999998,42.30245499906079],[-122.58085031786462,42.30277065630628]]},"id":"003c0000000000001f4d","properties":{"fullname":"37-2E-7.2","linearid":"110340485040","mtfcc":"S1400","rttyp":"M"}},{"type":"Feature","geometry":{"type":"MultiLineString","coordinates":[[[-122.58502200000002,42.27632299906087],[-122.585647,42.277343999060875],[-122.58570900000001,42.277908999060884],[-122.58577199999996,42.27847699906088],[-122.58530400000001,42.27954399906087],[-122.58540800000002,42.280574999060875],[-122.58550699999998,42.28093499906086],[-122.58670099999996,42.28180299906086],[-122.58676299999996,42.282098999060864],[-122.58661699999999,42.28239899906087],[-122.584667,42.28335099906086],[-122.58419700000002,42.28334699906085],[-122.582623,42.282536999060866],[-122.582397,42.28252399906085],[-122.58194399999998,42.28249799906086],[-122.58093799999997,42.28309799906086],[-122.580791,42.28335799906086],[-122.58062699999999,42.28419999906085],[-122.58017099999999,42.28511199906085],[-122.57895500000002,42.28617999906085],[-122.57770400000004,42.28670699906086],[-122.576389,42.28688599906086],[-122.575477,42.28717399906085],[-122.57485400000002,42.28726299906084],[-122.572084,42.28812699906084],[-122.57128800000001,42.288257999060846],[-122.57016199999998,42.288368999060836],[-122.569167,42.28819499906085],[-122.56876,42.28810899906085],[-122.56801899999999,42.287711999060846],[-122.567077,42.28761199906084],[-122.563548,42.287624999060846],[-122.56307600000001,42.28753099906084],[-122.5613914306356,42.28716970346312]],[[-122.56087235527966,42.28423729240018],[-122.56087600000001,42.284097999060855],[-122.56070800000006,42.28395199906086],[-122.56040999999998,42.28369399906086],[-122.559777,42.283472999060855],[-122.55898000000002,42.283538999060845],[-122.55770399999999,42.283871999060864],[-122.556576,42.28390599906085],[-122.555904,42.28406899906086],[-122.555486,42.284067999060866],[-122.555306,42.28387699906086],[-122.55540000000003,42.28359199906085],[-122.55574700000001,42.283016999060855],[-122.555795,42.282940999060855]]]},"id":"003c0000000000001f70","properties":{"fullname":"38-2E-27C","linearid":"110340485110","mtfcc":"S1400","rttyp":"M"}},{"type":"Feature","geometry":{"type":"LineString","coordinates":[[-122.606498,42.2721949990609],[-122.60617000000003,42.2721499990609],[-122.60591699999999,42.272008999060894],[-122.60574800000002,42.27177199906088],[-122.605134,42.27116099906088],[-122.60475800000005,42.27036999906088],[-122.60413400000002,42.2699289990609],[-122.60313100000005,42.2694729990609],[-122.60217900000005,42.2688009990609],[-122.60189,42.26882799906089],[-122.60175299999999,42.26906699906089],[-122.60182,42.26934699906089],[-122.60233000000001,42.269832999060895],[-122.60275000000001,42.2702129990609],[-122.60322399999998,42.27050699906089],[-122.60340700000002,42.27076199906089],[-122.60316399999999,42.2713059990609],[-122.60295199999997,42.27191299906089],[-122.60304900000003,42.272191999060894],[-122.602767,42.27245599906089],[-122.60225100000002,42.27263799906088],[-122.60135600000002,42.27280599906089],[-122.60078400000003,42.27305399906089],[-122.60039,42.27342799906088],[-122.600256,42.27371899906087],[-122.600061,42.273884999060876],[-122.59987900000002,42.27398599906088],[-122.59963500000002,42.27416199906087],[-122.599218,42.2739889990609],[-122.59857899999996,42.2738709990609],[-122.59848900000001,42.27385399906088],[-122.59746200000005,42.27421599906089],[-122.59653700000003,42.27420499906088],[-122.59614900000003,42.27411199906089],[-122.59555600000002,42.27422299906089],[-122.59422200000006,42.27404799906089],[-122.593915,42.27406799906088],[-122.593576,42.2743179990609],[-122.592534,42.27484099906088],[-122.59132800000002,42.27515999906088],[-122.59084900000003,42.275400999060885],[-122.58979699999999,42.27615699906089],[-122.58931300000002,42.27625599906088],[-122.58612099999996,42.276443999060874],[-122.58566900000001,42.27642699906088],[-122.58502200000002,42.27632299906087]]},"id":"003c0000000000001f7d","properties":{"fullname":"38-2E-9.2","linearid":"110340485114","mtfcc":"S1400","rttyp":"M"}},{"type":"Feature","geometry":{"type":"LineString","coordinates":[[-122.59963500000002,42.27416199906087],[-122.599989,42.27438399906088],[-122.601189,42.27457599906088],[-122.60201999999998,42.27523199906088],[-122.602598,42.27526399906087],[-122.60318200000002,42.27545399906087],[-122.60364400000002,42.27544499906089],[-122.604168,42.27500599906087],[-122.60461499999998,42.27455499906088],[-122.605359,42.274354999060876],[-122.60651500000004,42.27440499906089],[-122.60690300000005,42.27449799906089],[-122.60692899999998,42.27469799906088],[-122.60669500000004,42.275158999060885],[-122.60668500000006,42.27600299906088],[-122.607057,42.27618199906087],[-122.607296,42.27643499906087],[-122.60705799999998,42.27736799906088],[-122.60722000000001,42.27757999906088],[-122.607639,42.27794399906087],[-122.60785299999999,42.278654999060876],[-122.60822000000002,42.279261999060864],[-122.608964,42.27963399906087],[-122.60971899999998,42.28032099906087],[-122.60992900000001,42.28027399906087],[-122.61006900000002,42.27987099906085],[-122.61000900000002,42.27921499906087],[-122.61009600000003,42.278940999060865],[-122.610392,42.27894499906086],[-122.61088200000003,42.27934099906087],[-122.61120200000002,42.27977799906087],[-122.61157299999999,42.27994299906086],[-122.61188200000002,42.27995199906087],[-122.61227900000003,42.27975799906088],[-122.61345200000002,42.27969299906086],[-122.61398900000003,42.27965499906087],[-122.614425,42.279445999060876],[-122.6151,42.27949099906086],[-122.61554100000001,42.27943999906086],[-122.615898,42.279175999060854],[-122.61646800000001,42.27895099906086],[-122.61730599999999,42.27867799906086],[-122.617676,42.27852999906087],[-122.61798800000001,42.27840499906086],[-122.618151,42.27886299906087],[-122.618615,42.27939499906087],[-122.619021,42.280041999060856],[-122.61921100000002,42.28041199906086],[-122.619587,42.28087699906085],[-122.61986000000002,42.28118199906086],[-122.62085599999997,42.28144799906085],[-122.621903,42.28169299906086],[-122.622744,42.28190799906088],[-122.62336,42.28220399906086],[-122.625615,42.28258499906085],[-122.62613400000001,42.282461999060864],[-122.62669500000004,42.282229999060846],[-122.627148,42.281803999060855],[-122.627296,42.28139399906086],[-122.627336,42.28139599906086],[-122.62773800000002,42.28149399906086],[-122.62823,42.28193199906085],[-122.62852299999999,42.28195599906087],[-122.62909200000003,42.28195499906086],[-122.62982799999999,42.282289999060865],[-122.62967300000001,42.282936999060844],[-122.629768,42.28349599906083],[-122.629998,42.283836999060846],[-122.630217,42.283977999060845],[-122.63050400000002,42.284199999060846]]},"id":"003c0000000000001f7b","properties":{"fullname":"38-2E-9.8","linearid":"110340485118","mtfcc":"S1400","rttyp":"M"}},{"type":"Feature","geometry":{"type":"LineString","coordinates":[[-122.39484500000002,42.19556399906113],[-122.394171,42.19512999906113],[-122.39356900000001,42.19457299906114],[-122.39302400000003,42.194258999061134],[-122.391748,42.194051999061145],[-122.39071899999999,42.19325799906114],[-122.39010900000002,42.19276099906115],[-122.389809,42.192424999061146],[-122.38998699999999,42.192210999061146],[-122.389178,42.19181899906114],[-122.38804100000003,42.191562999061134],[-122.387067,42.19140099906115],[-122.38663900000002,42.19133399906114]]},"id":"003c0000000000000ae0","properties":{"fullname":"39-4E-7.2","linearid":"110340485183","mtfcc":"S1400","rttyp":"M"}},{"type":"Feature","geometry":{"type":"LineString","coordinates":[[-122.394436,42.19200999906114],[-122.39374600000002,42.191329999061146],[-122.393328,42.19075199906115],[-122.39268900000002,42.19021199906115],[-122.39129500000003,42.19004299906115],[-122.390676,42.189854999061154],[-122.390323,42.189528999061146],[-122.39017700000001,42.189275999061145],[-122.38972699999998,42.18914899906114],[-122.389262,42.18899299906115],[-122.38931100000002,42.18851499906116],[-122.38913800000002,42.18798699906116],[-122.388098,42.18776999906115],[-122.38695799999998,42.188145999061156]]},"id":"003c0000000000000adf","properties":{"fullname":"39-4E-7.3","linearid":"110340485185","mtfcc":"S1400","rttyp":"M"}},{"type":"Feature","geometry":{"type":"LineString","coordinates":[[-122.38390799999998,42.19890499906112],[-122.38427700000001,42.198666999061125],[-122.384488,42.19817199906112],[-122.38483600000006,42.19792599906113],[-122.38548700000001,42.19789499906112],[-122.38597599999999,42.19776399906114],[-122.38616199999998,42.19751199906111],[-122.38567,42.197059999061125],[-122.385215,42.19659699906113],[-122.38527100000002,42.196073999061134],[-122.385473,42.19577799906113],[-122.385719,42.19544299906113],[-122.38570599999998,42.19524599906112],[-122.385921,42.19486099906113],[-122.38639600000002,42.19456599906113],[-122.38692200000001,42.194456999061146],[-122.38761600000001,42.194387999061135],[-122.38830900000002,42.19449899906114],[-122.38904099999999,42.194418999061135],[-122.38906599999999,42.19438099906115],[-122.389228,42.19412799906114],[-122.38853,42.19370299906114],[-122.38853200000001,42.193256999061134],[-122.387773,42.193073999061134],[-122.38701999999999,42.193121999061134],[-122.386295,42.19313099906114]]},"id":"003c0000000000000ac9","properties":{"fullname":"39-4E-8.3","linearid":"110340485188","mtfcc":"S1400","rttyp":"M"}},{"type":"Feature","geometry":{"type":"LineString","coordinates":[[-122.39876100000001,42.128432999061346],[-122.39832800000002,42.12839799906135],[-122.39807900000004,42.12808899906134],[-122.397602,42.127746999061344],[-122.39690199999998,42.12745399906135],[-122.39584799999999,42.12745099906134],[-122.395071,42.12768599906135],[-122.39497099999998,42.128322999061346],[-122.39458000000002,42.12947099906134],[-122.394481,42.12993299906135],[-122.39382800000001,42.13045299906134],[-122.39287400000003,42.13084599906134],[-122.392213,42.13142799906133],[-122.39194899999997,42.13221299906133],[-122.39183900000002,42.13317999906133],[-122.391916,42.13378499906133],[-122.39209,42.13440699906132],[-122.392594,42.135061999061335],[-122.39332499999996,42.13623499906132],[-122.39394300000001,42.13658799906132],[-122.39451499999998,42.13698599906132],[-122.39497799999998,42.13722299906132],[-122.39561000000002,42.1375269990613],[-122.396057,42.13814999906131],[-122.396371,42.13871099906132],[-122.39697299999999,42.13899899906132],[-122.39750199999999,42.13952799906131],[-122.39777899999999,42.140088999061305],[-122.397922,42.14055699906132],[-122.39811000000003,42.1412169990613],[-122.39838,42.1416629990613],[-122.39856799999998,42.14225699906131],[-122.39886900000002,42.1425879990613],[-122.39904500000003,42.142730999061314]]},"id":"003c0000000000000a57","properties":{"fullname":"40-4E-7.1","linearid":"110340485193","mtfcc":"S1400","rttyp":"M"}},{"type":"Feature","geometry":{"type":"LineString","coordinates":[[-122.555635,42.0223019990617],[-122.55539400000006,42.022714999061684],[-122.555113,42.023074999061684],[-122.554856,42.02346099906168],[-122.554538,42.023885999061676],[-122.55403000000001,42.02432999906168],[-122.553541,42.02456599906169],[-122.55290300000001,42.02475899906169],[-122.55225899999996,42.024919999061694],[-122.55160299999999,42.02491599906167],[-122.55075900000003,42.02472199906167],[-122.54983500000004,42.024436999061685],[-122.54934499999999,42.024249999061695],[-122.54847699999999,42.023859999061685],[-122.54789500000001,42.02341699906168],[-122.54743700000003,42.0229719990617],[-122.54685400000001,42.0224969990617],[-122.54642099999995,42.02208499906169],[-122.54605200000002,42.021666999061694],[-122.54578100000005,42.0212919990617],[-122.54578700000002,42.02120399906169],[-122.546215,42.0212759990617],[-122.546621,42.02130999906168],[-122.54698900000004,42.021267999061685],[-122.547407,42.0212799990617],[-122.547734,42.02136399906169],[-122.548016,42.021557999061685],[-122.54832300000002,42.021827999061685],[-122.548482,42.02200799906168],[-122.54869600000005,42.0221479990617],[-122.54897300000002,42.02226499906168],[-122.54911200000001,42.02230199906171]]},"id":"003c00000000000007c6","properties":{"fullname":"41-2E-3.1","linearid":"110340485197","mtfcc":"S1400","rttyp":"M"}},{"type":"Feature","geometry":{"type":"LineString","coordinates":[[-122.55126500000003,42.02246999906169],[-122.55126399999997,42.022442999061695],[-122.55132000000003,42.02222299906169],[-122.55129600000005,42.022047999061684],[-122.551181,42.02180799906169],[-122.55095500000002,42.0215369990617],[-122.550853,42.0212359990617],[-122.55093800000006,42.02095599906169],[-122.551111,42.02075099906169],[-122.552016,42.0207299990617],[-122.55256999999999,42.0207789990617],[-122.55327200000002,42.02097399906171],[-122.553763,42.021247999061686],[-122.55421100000002,42.02153899906169],[-122.55444099999998,42.02172299906171],[-122.55473900000003,42.02193899906169],[-122.555289,42.0221959990617],[-122.555635,42.0223019990617]]},"id":"003c00000000000007c7","properties":{"fullname":"41-2E-3.1","linearid":"110340485196","mtfcc":"S1400","rttyp":"M"}},{"type":"Feature","geometry":{"type":"LineString","coordinates":[[-122.555635,42.0223019990617],[-122.55580700000004,42.02235499906169],[-122.55624199999998,42.022294999061685],[-122.55672,42.0223339990617],[-122.557133,42.022312999061675],[-122.557507,42.0223299990617],[-122.558192,42.0222129990617],[-122.558883,42.0222059990617],[-122.55943900000001,42.0220299990617],[-122.55986400000003,42.02229299906169],[-122.55992900000001,42.02261099906168],[-122.559999,42.022888999061685],[-122.56016800000002,42.0231939990617],[-122.56028899999998,42.023422999061694],[-122.560294,42.02367999906168],[-122.560314,42.024003999061684],[-122.56037100000003,42.02432599906168],[-122.56074900000004,42.02479299906169],[-122.56081099999999,42.02499499906168],[-122.56092000000001,42.02541599906167],[-122.56108799999998,42.02569899906168],[-122.56146000000001,42.025864999061675],[-122.56186599999998,42.02602499906167],[-122.56237000000002,42.026166999061694],[-122.56280700000002,42.026320999061674],[-122.563474,42.02651699906169],[-122.56404400000002,42.026663999061675],[-122.56440899999998,42.02688399906169],[-122.564746,42.027236999061664],[-122.56482300000002,42.02760399906167]]},"id":"003c00000000000007c8","properties":{"fullname":"41-2E-3.1","linearid":"110340485198","mtfcc":"S1400","rttyp":"M"}},{"type":"Feature","geometry":{"type":"LineString","coordinates":[[-122.23150700000001,42.22088199906105],[-122.23150900000002,42.220824999061044],[-122.23148800000001,42.22074399906105],[-122.23146299999999,42.22067399906105],[-122.23143000000003,42.220605999061036],[-122.23139000000003,42.220539999061046],[-122.23134300000002,42.22047799906104],[-122.23121700000003,42.22035899906105],[-122.231145,42.22030499906104],[-122.23094699999999,42.22018499906105],[-122.2307,42.22002099906105],[-122.23047000000001,42.21985499906105],[-122.23036500000002,42.219792999061056],[-122.23029100000004,42.21975499906104],[-122.23017400000006,42.219705999061055],[-122.23005200000003,42.21966999906105],[-122.229967,42.21965199906106],[-122.22970600000004,42.21957099906105],[-122.229526,42.21948499906106],[-122.22936800000002,42.219373999061055],[-122.22920599999999,42.21926699906105],[-122.22886,42.219052999061056],[-122.22843300000002,42.21877899906105],[-122.22767300000001,42.21832299906105],[-122.22748499999999,42.218199999061056],[-122.22722100000001,42.21800199906105],[-122.22709499999999,42.21789799906104],[-122.22693300000005,42.21775499906105],[-122.22677800000001,42.21760699906107],[-122.22653700000001,42.217364999061054],[-122.22627500000002,42.21708799906106],[-122.225782,42.21658299906106],[-122.22535900000003,42.21612899906106],[-122.22479900000005,42.21550699906106],[-122.22460399999999,42.21529799906106],[-122.22440000000003,42.21509399906107],[-122.22410400000003,42.214817999061076],[-122.22394800000002,42.21468399906107],[-122.223764,42.21453399906108],[-122.22366600000002,42.214464999061065],[-122.22348800000003,42.21435699906105],[-122.22339400000001,42.21430899906108],[-122.223296,42.21426599906106],[-122.22310399999999,42.21420099906106],[-122.223004,42.21417699906106],[-122.22283300000001,42.21415499906106],[-122.22265799999998,42.21414799906107],[-122.222456,42.21414499906108],[-122.222226,42.214149999061064],[-122.22211200000001,42.21415799906106],[-122.22199900000003,42.21417199906107],[-122.221884,42.21419399906107],[-122.22137299999999,42.21431999906107],[-122.22109100000002,42.21439599906107],[-122.22065400000002,42.21452599906107],[-122.21995100000001,42.21475399906107],[-122.21983200000003,42.21478399906109],[-122.21973100000001,42.214799999061064],[-122.21962800000004,42.21480899906108],[-122.219315,42.214818999061066],[-122.21900099999998,42.21483399906107],[-122.21879100000001,42.21483999906107],[-122.218583,42.21483199906107],[-122.218415,42.214810999061065],[-122.218221,42.21477399906108],[-122.218095,42.214740999061064],[-122.21799399999999,42.21470799906107],[-122.217799,42.21462999906106],[-122.21763700000002,42.21455599906107],[-122.21732300000001,42.21437399906106],[-122.21719099999999,42.21430799906107],[-122.217058,42.21424999906106],[-122.21698900000001,42.21422399906108],[-122.21691900000003,42.21420299906105],[-122.216843,42.21418899906107],[-122.216474,42.21416099906106],[-122.215938,42.21415599906107],[-122.215804,42.21414899906107],[-122.215672,42.214134999061066],[-122.21555499999997,42.21411799906107],[-122.21532400000001,42.21407399906108],[-122.21520600000001,42.21404199906106],[-122.21509,42.214004999061075],[-122.21498000000003,42.21396299906106],[-122.21487197921114,42.21390833005407]]},"id":"003c00000000000018ad","properties":{"fullname":"Cold Kent","linearid":"1102302050277","mtfcc":"S1400","rttyp":"M"}},{"type":"Feature","geometry":{"type":"LineString","coordinates":[[-122.25878300000002,42.25154299906095],[-122.25875899999998,42.251637999060954],[-122.258751,42.25173499906096],[-122.258757,42.25196499906094],[-122.25876700000002,42.25203099906095],[-122.258785,42.25209499906095],[-122.25883900000004,42.252208999060954],[-122.25887599999999,42.252261999060956],[-122.25891700000003,42.25230699906094],[-122.258964,42.25234899906096],[-122.25907099999999,42.252422999060954],[-122.259105,42.25244099906095],[-122.259213,42.252484999060954],[-122.25933799999999,42.25252799906094],[-122.25949200000001,42.25257099906094],[-122.259658,42.252605999060954],[-122.26009800000001,42.252658999060955],[-122.26029100000004,42.25269499906095],[-122.260385,42.252717999060955],[-122.26043400000002,42.25273399906094],[-122.26057500000002,42.25279099906095],[-122.26067100000002,42.25282299906094],[-122.26079499999999,42.252851999060944],[-122.260857,42.25285799906094],[-122.26091900000003,42.25285399906094],[-122.26098,42.252842999060945],[-122.2611,42.25280999906094],[-122.261252,42.252756999060956],[-122.261325,42.25272599906096],[-122.26142600000001,42.25267399906093],[-122.26152300000003,42.252615999060964],[-122.26169900000001,42.25252399906096],[-122.26210100000002,42.25235799906095],[-122.262457,42.252205999060955],[-122.26262200000002,42.252144999060945],[-122.26340000000002,42.25187199906094],[-122.263868,42.25173299906096],[-122.26402000000002,42.25167999906097],[-122.26417200000003,42.25161499906096],[-122.26468800000004,42.251377999060956],[-122.26479799999997,42.251331999060945],[-122.26491299999999,42.25129399906096],[-122.26498599999998,42.25127399906096],[-122.265138,42.25123999906095],[-122.26521400000003,42.25123099906095],[-122.2653,42.25122799906096],[-122.26538700000003,42.25122999906095],[-122.26547200000002,42.25123899906096],[-122.26554499999999,42.251252999060945],[-122.26568500000002,42.25129599906096],[-122.26587300000001,42.25134099906095],[-122.26599,42.25136299906095],[-122.26611000000001,42.251378999060954],[-122.26621000000003,42.251386999060955],[-122.26641300000001,42.251388999060964],[-122.26659200000003,42.251377999060956],[-122.26667900000002,42.25136499906095],[-122.26675600000003,42.251346999060964],[-122.266903,42.25129699906096],[-122.26701400000003,42.251248999060955],[-122.26713000000002,42.25118599906095],[-122.26727400000001,42.25108799906096],[-122.267464,42.25094299906095],[-122.26769999999999,42.25070499906096],[-122.26775100000002,42.25065999906095],[-122.26780600000001,42.25061899906096],[-122.26786700000001,42.25058199906096],[-122.26799700000002,42.250516999060956],[-122.26806500000004,42.25048899906094],[-122.26813500000006,42.250466999060954],[-122.26820200000002,42.250452999060954],[-122.26827100000001,42.250444999060946],[-122.268341,42.250442999060944],[-122.26855599999999,42.250447999060945],[-122.268915,42.250446999060955],[-122.269489,42.25046299906096],[-122.269888,42.250485999060956],[-122.269966,42.25049699906095],[-122.27017799999999,42.250566999060936],[-122.27027400000001,42.25062599906095],[-122.27046300000002,42.25075299906096],[-122.27064200000002,42.250891999060954],[-122.27075599999999,42.25099899906097],[-122.27080800000002,42.25105599906095],[-122.27085300000002,42.251114999060945],[-122.27092100000003,42.25124699906095],[-122.27097600000002,42.25138299906095],[-122.27102099999999,42.251521999060955],[-122.271036,42.25159099906096],[-122.27103899999999,42.25171699906094],[-122.271032,42.25177199906095],[-122.271008,42.25185899906094],[-122.27085700000003,42.25214699906096],[-122.270837,42.252201999060944],[-122.27079600000002,42.25223499906094],[-122.270553,42.25238099906095],[-122.270359,42.25248999906094],[-122.270218,42.25255999906095],[-122.270082,42.25261199906093],[-122.26990000000002,42.252659999060945],[-122.26961700000001,42.25271399906095],[-122.26914500000004,42.25277999906096],[-122.26901000000004,42.25280999906095],[-122.26815699999999,42.253029999060956],[-122.267813,42.253110999060944],[-122.26769600000003,42.25313199906096],[-122.26756500000002,42.253148999060954],[-122.267432,42.253159999060955],[-122.267318,42.253160999060945],[-122.26708900000004,42.253148999060954],[-122.266975,42.253149999060945],[-122.266822,42.25315899906094],[-122.266672,42.25317899906095],[-122.26660100000005,42.25319699906095],[-122.26652600000001,42.253225999060945],[-122.26645499999998,42.253262999060944],[-122.26619699999998,42.253413999060946],[-122.265964,42.25356399906096],[-122.26574800000003,42.25370899906096],[-122.26533200000004,42.25401099906094],[-122.264175,42.25488999906094],[-122.26377399999998,42.25518799906094],[-122.263636,42.25528299906094],[-122.26328500000001,42.25549899906095],[-122.263005,42.25565699906094],[-122.262436,42.25596599906093],[-122.26200400000002,42.25621099906095],[-122.26178499999999,42.25634199906093],[-122.26162499999997,42.256443999060934],[-122.26149100000005,42.256548999060925],[-122.261412,42.25662199906093],[-122.26134100000002,42.25669799906094],[-122.26129000000005,42.25676599906093],[-122.26124500000002,42.25683599906093],[-122.26120599999999,42.256909999060944],[-122.26117300000001,42.25698599906093],[-122.26102200000003,42.25725699906095],[-122.26074999999999,42.25769299906094],[-122.26059599999999,42.25789099906094]]},"id":"003c0000000000001867","properties":{"fullname":"Old Baldy","linearid":"1102314621900","mtfcc":"S1400","rttyp":"M"}},{"type":"Feature","geometry":{"type":"LineString","coordinates":[[-122.273802,42.22894799906103],[-122.27356200000001,42.22884599906102],[-122.27350100000001,42.228815999061034],[-122.27343800000001,42.228793999061025],[-122.273371,42.22877899906103],[-122.27326600000002,42.22876899906102],[-122.273215,42.22877199906101],[-122.27316199999999,42.22878399906102],[-122.27306200000002,42.22882299906102],[-122.27298500000005,42.22886099906101],[-122.272794,42.22898499906103],[-122.272658,42.22908999906102],[-122.27228499999998,42.229401999061025],[-122.27209100000003,42.229569999061034],[-122.27174699999999,42.22988199906102],[-122.271569,42.23002899906102],[-122.271473,42.230095999061014],[-122.27133000000002,42.23017599906103],[-122.271254,42.23021199906102],[-122.27117499999999,42.23024399906102],[-122.27099500000001,42.230300999061015],[-122.27094500000003,42.23031199906101],[-122.27090500000001,42.230313999061],[-122.27084600000002,42.230310999061025],[-122.27074799999998,42.230283999061015],[-122.270674,42.23025499906101],[-122.27059700000002,42.23020899906103],[-122.27045400000004,42.23010699906101],[-122.27029699999999,42.22998199906101],[-122.27019000000001,42.229905999060996],[-122.270013,42.22979799906102]]},"id":"003c0000000000001885","properties":{"fullname":"T-Forks A","linearid":"1102304397615","mtfcc":"S1400","rttyp":"M"}},{"type":"Feature","geometry":{"type":"LineString","coordinates":[[-122.27827600000008,42.22316999906106],[-122.278045,42.22330699906103],[-122.277934,42.22339199906103],[-122.27784100000001,42.22348299906104],[-122.277767,42.22357999906102],[-122.27771,42.22368199906104],[-122.277685,42.223752999061034],[-122.277657,42.22390199906104],[-122.277649,42.22397699906103],[-122.27764100000002,42.224199999061035],[-122.277566,42.224568999061034],[-122.27750200000003,42.22476599906103],[-122.27747800000003,42.22481799906103],[-122.27744700000001,42.22486699906103],[-122.27736600000001,42.22495699906104],[-122.27731800000001,42.22499699906104],[-122.27725299999997,42.22503899906104],[-122.27712600000001,42.22510499906102],[-122.277065,42.225131999061034],[-122.27700199999998,42.22515299906103],[-122.276938,42.225167999061036],[-122.27688400000002,42.22517599906104],[-122.27684900000001,42.22518099906103],[-122.276756,42.225183999061024],[-122.276712,42.225177999061025],[-122.27667199999998,42.22516699906103],[-122.276625,42.22514199906102],[-122.276582,42.22510999906104],[-122.27654500000003,42.225074999061036],[-122.27652,42.22504099906104],[-122.27650200000001,42.22500399906104],[-122.27641800000004,42.22476499906104],[-122.276395,42.22472799906104],[-122.27635100000002,42.224684999061054],[-122.27620999999998,42.22457899906103],[-122.275919,42.22440599906103],[-122.27582300000003,42.22435399906104],[-122.27566700000001,42.22428099906104],[-122.275548,42.224233999061035],[-122.275456,42.22420799906102],[-122.27536200000002,42.22419399906103],[-122.27523000000005,42.22419199906103],[-122.27510300000003,42.22420799906103],[-122.27503500000002,42.22422699906103],[-122.27496900000001,42.22425199906103],[-122.27484400000002,42.224312999061034],[-122.27476300000001,42.22435899906102],[-122.27460800000003,42.224455999061036],[-122.27451100000003,42.22450099906104],[-122.27440999999999,42.224540999061034],[-122.27409500000002,42.224641999061035],[-122.27393599999999,42.22468699906105],[-122.272917,42.22494199906103],[-122.27257099999999,42.22503399906105],[-122.27229,42.225114999061034],[-122.271941,42.22522399906103],[-122.27177300000004,42.22528799906103],[-122.27169500000001,42.22532699906103],[-122.27159900000001,42.22538799906104],[-122.27133100000002,42.22557599906102],[-122.27107199999999,42.22576799906103],[-122.27077300000006,42.225972999061035],[-122.270647,42.22603699906102],[-122.270283,42.22618999906103],[-122.27021999999998,42.22621899906104],[-122.270161,42.22625199906103],[-122.27006300000002,42.226325999061046],[-122.26998299999998,42.22640399906103],[-122.269953,42.22644699906105],[-122.26993100000001,42.22650099906104],[-122.269909,42.226614999061034],[-122.269902,42.22670399906104],[-122.269916,42.22688399906103],[-122.26994400000001,42.227025999061034],[-122.269974,42.22727399906103],[-122.269973,42.227314999061015],[-122.26995800000002,42.22735799906102],[-122.269917,42.22741999906102],[-122.269864,42.22746399906102],[-122.26984099999996,42.22747699906103],[-122.26982299999999,42.22748699906102],[-122.269779,42.22750599906102],[-122.26972300000003,42.22751799906103],[-122.269603,42.22752799906102],[-122.26934200000002,42.22753199906102],[-122.26921200000001,42.22752799906102],[-122.26908200000001,42.227528999061015],[-122.26871000000001,42.22755299906103],[-122.26858699999998,42.22756599906103],[-122.26846600000002,42.22758499906102],[-122.26834600000001,42.227608999061026],[-122.26821300000002,42.22764499906103],[-122.267675,42.22782399906102],[-122.267186,42.22799499906102],[-122.267083,42.228037999061016],[-122.26695000000002,42.22810899906102],[-122.26688800000004,42.22814899906102],[-122.266831,42.22819299906102],[-122.26677899999999,42.228242999061024],[-122.266691,42.228353999061014],[-122.26663999999997,42.228430999061025],[-122.266596,42.228511999061034],[-122.26649800000003,42.22865799906103]]},"id":"003c000000000000188c","properties":{"fullname":"T-Forks B","linearid":"1102304291070","mtfcc":"S1400","rttyp":"M"}},{"type":"Feature","geometry":{"type":"LineString","coordinates":[[-122.27017499999998,42.222316999061036],[-122.270266,42.222302999061036],[-122.27029600000003,42.222297999061034],[-122.27062699999999,42.222210999061055],[-122.27099700000002,42.22212399906105],[-122.271273,42.22204799906105],[-122.271365,42.22201699906104],[-122.27172800000004,42.22188199906104],[-122.27213800000001,42.221716999061044],[-122.27236599999999,42.22161899906104],[-122.27247499999999,42.22156499906105],[-122.27254900000001,42.221521999061046],[-122.27258,42.22150599906104],[-122.27270900000002,42.221421999061036],[-122.27283199999998,42.22133199906104],[-122.27291900000002,42.22125499906103],[-122.27308,42.22109299906106],[-122.27316800000004,42.22101699906105],[-122.273346,42.22088999906103],[-122.27344400000001,42.22083299906105],[-122.27354100000001,42.22078899906106],[-122.27374799999998,42.22071299906105],[-122.27390500000003,42.22066299906105],[-122.274065,42.220618999061045],[-122.27439199999999,42.22053999906104],[-122.27456000000004,42.22050499906105],[-122.27473,42.22047799906104],[-122.27493899999999,42.22045199906105],[-122.27504400000002,42.220447999061044],[-122.27521000000002,42.22046099906105],[-122.27529300000002,42.22047399906104],[-122.275457,42.220506999061044],[-122.275538,42.22052899906105],[-122.27561500000004,42.22055599906104],[-122.27567799999998,42.22058799906104],[-122.27573699999999,42.22062599906105],[-122.27584200000003,42.220710999061055],[-122.27605100000001,42.22091999906103],[-122.276163,42.22103799906105],[-122.276357,42.22128299906103],[-122.27639,42.22131899906104],[-122.27643,42.221349999061054],[-122.27651300000001,42.221391999061055],[-122.27655800000001,42.221404999061036],[-122.27660899999998,42.221407999061036],[-122.27666299999999,42.221404999061036],[-122.276763,42.22138099906105],[-122.276853,42.22133399906104],[-122.27692800000001,42.22128399906104],[-122.27694900000004,42.22126599906104],[-122.277021,42.22120299906104],[-122.27716300000003,42.221046999061045],[-122.27729000000005,42.22084199906104],[-122.27734800000007,42.22076799906104],[-122.27747600000002,42.22062499906106],[-122.27755200000001,42.220551999061044],[-122.27771500000003,42.22041299906105],[-122.27790300000001,42.22027999906104],[-122.278021,42.22018399906105],[-122.27813100000002,42.220083999061046],[-122.27826300000001,42.21994999906104],[-122.27835500000003,42.21986999906105],[-122.27845299999998,42.219792999061056],[-122.27855600000002,42.219720999061046],[-122.27866600000002,42.219651999061064],[-122.27874500000003,42.21959599906104],[-122.27903700000002,42.219497999061055],[-122.27923600000001,42.21951699906106]]},"id":"003c000000000000188f","properties":{"fullname":"T-Forks C","linearid":"1102314692815","mtfcc":"S1400","rttyp":"M"}},{"type":"Feature","geometry":{"type":"LineString","coordinates":[[-122.56333353736049,42.21481673928228],[-122.56302499999998,42.21429799906105],[-122.56235000000004,42.213755999061064],[-122.56220699999999,42.213389999061064],[-122.56197900000002,42.21307099906106],[-122.56274400000002,42.21329699906107],[-122.56349300000001,42.21343099906105],[-122.56397000000004,42.21359799906106],[-122.56433299999999,42.213691999061076],[-122.56463100000002,42.21368699906107],[-122.565475,42.214049999061075],[-122.56600000000002,42.21415999906107],[-122.56628100000002,42.21404399906107],[-122.56536300000002,42.21181899906107],[-122.56478699999998,42.211284999061064],[-122.564217,42.20942199906109],[-122.563828,42.20819299906109],[-122.56382600000002,42.207759999061096],[-122.56414800000003,42.206968999061104],[-122.56457100000004,42.2066479990611],[-122.56465399999999,42.2065909990611],[-122.56498400000002,42.206363999061104],[-122.56526499999997,42.20634199906108],[-122.566098,42.207482999061085],[-122.56655,42.2080129990611],[-122.567179,42.2084319990611],[-122.567892,42.20919799906108],[-122.56855800000001,42.209669999061084],[-122.569304,42.210328999061076],[-122.56978300000002,42.21061599906108],[-122.5707,42.21097499906108],[-122.571544,42.21136299906107],[-122.57209700000003,42.21164899906109],[-122.572463,42.21180299906108],[-122.57299900000004,42.21157799906108],[-122.57342300000003,42.211301999061085],[-122.573924,42.211130999061076],[-122.57470400000004,42.21065999906107],[-122.57497900000003,42.210072999061104],[-122.57498800000003,42.20941699906109],[-122.57497600000002,42.20904099906108],[-122.575216,42.20865999906109],[-122.575488,42.2081169990611]]},"id":"003c0000000000000a74","properties":{"fullname":"38-2E-34.1","linearid":"110340487405","mtfcc":"S1400","rttyp":"M"}},{"type":"Feature","geometry":{"type":"LineString","coordinates":[[-122.49545799999997,42.242940999060984],[-122.49502799999999,42.24291599906099],[-122.49477799999998,42.24278399906099],[-122.49423000000002,42.241638999060974],[-122.494017,42.241353999061],[-122.49345399999999,42.241013999060996],[-122.49306199999998,42.240895999060996],[-122.49299799999999,42.24088099906099],[-122.492778,42.24086199906099],[-122.49224200000002,42.240852999060984],[-122.49140999999999,42.240911999061],[-122.490595,42.241129999060995],[-122.48960799999999,42.24132499906099],[-122.489133,42.24146099906099],[-122.48835199999999,42.24165299906098],[-122.48780899999997,42.241814999060985],[-122.48736700000003,42.24192499906097],[-122.48652200000001,42.24226999906099],[-122.48615200000002,42.24247999906098],[-122.48591700000003,42.24263699906098],[-122.48516400000003,42.24264999906099],[-122.48467099999999,42.24220099906098],[-122.484602,42.24220199906098],[-122.48467200000002,42.242251999060976]]},"id":"003c0000000000000a95","properties":{"fullname":"38-3E-29.1","linearid":"110340487409","mtfcc":"S1400","rttyp":"M"}},{"type":"Feature","geometry":{"type":"LineString","coordinates":[[-122.49713500000001,42.24231699906099],[-122.49768399999999,42.24092399906099],[-122.49797999999997,42.239976999060985],[-122.497956,42.239217999061],[-122.497906,42.23892999906101],[-122.497542,42.23843499906099],[-122.496716,42.23753799906099],[-122.495969,42.23718599906101],[-122.49556000000001,42.236974999061005],[-122.49513100000003,42.23684799906099],[-122.49274600000001,42.236164999060996],[-122.49171899999999,42.236015999061],[-122.49113600000003,42.235383999061],[-122.490879,42.234936999061006],[-122.491051,42.234294999061014],[-122.49130500000001,42.233925999061],[-122.49178300000001,42.23353799906101],[-122.49234200000004,42.233117999061015],[-122.49280800000003,42.23297299906102],[-122.49408700000002,42.23271399906102]]},"id":"003c0000000000000a92","properties":{"fullname":"38-3E-29.3","linearid":"110340487413","mtfcc":"S1400","rttyp":"M"}},{"type":"Feature","geometry":{"type":"LineString","coordinates":[[-122.49306199999998,42.240895999060996],[-122.49220599999998,42.24036799906099],[-122.49158999999999,42.24028799906099],[-122.49080999999998,42.24036199906098],[-122.49016000000002,42.240373999060985],[-122.48967100000002,42.240366999060996],[-122.48934199999998,42.24031199906099],[-122.488928,42.24016699906098],[-122.48865900000003,42.240080999061],[-122.48832700000004,42.23990499906099],[-122.48803200000002,42.239650999060984],[-122.48767400000003,42.239307999061005],[-122.487398,42.23900899906099],[-122.487267,42.238737999060994],[-122.48714899999999,42.238253999060994],[-122.486946,42.237664999061],[-122.486625,42.237214999061],[-122.48551399999998,42.23750399906099],[-122.48506900000004,42.23751199906099],[-122.48479900000001,42.23761899906099]]},"id":"003c0000000000000a94","properties":{"fullname":"38-3E-29.7","linearid":"110340487416","mtfcc":"S1400","rttyp":"M"}},{"type":"Feature","geometry":{"type":"LineString","coordinates":[[-122.51039600000003,42.232577999061],[-122.510808,42.23168099906101],[-122.51081900000003,42.231438999061005],[-122.51070599999998,42.23131899906102],[-122.51053800000005,42.23117399906101],[-122.510402,42.23089299906101],[-122.51048500000002,42.23066299906101],[-122.510624,42.230470999061026],[-122.51071299999998,42.230401999061016],[-122.51114600000001,42.23035399906102]]},"id":"003c0000000000000a85","properties":{"fullname":"38-3E-30.1","linearid":"110340487420","mtfcc":"S1400","rttyp":"M"}},{"type":"Feature","geometry":{"type":"LineString","coordinates":[[-122.47012299999999,42.222839999061044],[-122.46997600000002,42.22266499906103],[-122.46989099999999,42.22214199906104],[-122.47007200000002,42.22166499906105],[-122.47042199999999,42.22128099906103],[-122.470814,42.22103099906104],[-122.471421,42.220824999061044],[-122.47222799999997,42.22037799906104],[-122.47257900000001,42.21991299906104],[-122.47290800000002,42.219347999061036],[-122.47319100000001,42.21877199906106],[-122.473364,42.218189999061046],[-122.47361300000003,42.21758599906105],[-122.474133,42.21711599906106],[-122.47473400000001,42.21672299906106],[-122.474971,42.21639999906107],[-122.47494699999999,42.215805999061075],[-122.474919,42.215393999061064],[-122.475196,42.21503799906107],[-122.47555800000006,42.214720999061065]]},"id":"003c0000000000000a90","properties":{"fullname":"38-3E-33.3","linearid":"110340487422","mtfcc":"S1400","rttyp":"M"}},{"type":"Feature","geometry":{"type":"LineString","coordinates":[[-122.47329599999999,42.224472999061035],[-122.47334100000002,42.22395899906104],[-122.47384600000001,42.22345999906103],[-122.47394199999998,42.22300099906104],[-122.474144,42.221812999061044],[-122.474592,42.22138599906104],[-122.47514300000002,42.221023999061046],[-122.475826,42.220835999061045],[-122.477138,42.22052099906105],[-122.477871,42.220255999061045],[-122.47851700000002,42.219745999061054],[-122.47939699999999,42.21921299906105],[-122.47979300000002,42.21901499906105],[-122.48002600000001,42.218692999061055],[-122.48034900000002,42.21832499906107],[-122.48033399999998,42.21795399906105],[-122.479958,42.21754999906106],[-122.479591,42.21702599906106],[-122.47941400000003,42.21635499906106],[-122.47912699999999,42.21594599906106],[-122.47883900000004,42.21547099906106],[-122.47896300000001,42.21481499906106],[-122.47901500000002,42.214727999061076]]},"id":"003c0000000000000a87","properties":{"fullname":"38-3E-33.4","linearid":"110340487425","mtfcc":"S1400","rttyp":"M"}},{"type":"Feature","geometry":{"type":"LineString","coordinates":[[-122.48117399999998,42.22798099906104],[-122.48058699999997,42.22764699906104],[-122.47999300000001,42.22739699906103],[-122.47951700000002,42.22702199906102],[-122.47894399999998,42.22654599906103],[-122.478278,42.22622599906102],[-122.47763000000006,42.226107999061036],[-122.47720600000001,42.226114999061046],[-122.47662699999998,42.225932999061015],[-122.47617600000001,42.22575899906103],[-122.47568800000002,42.22564499906103],[-122.47561099999999,42.22556899906103],[-122.47553299999998,42.22541299906102],[-122.475531,42.225361999061036]]},"id":"003c0000000000000a91","properties":{"fullname":"38-3E-33.6","linearid":"1104755829259","mtfcc":"S1400","rttyp":"M"}},{"type":"Feature","geometry":{"type":"LineString","coordinates":[[-122.463849,42.22872299906103],[-122.46307299999998,42.22889699906103],[-122.462319,42.22899799906102],[-122.46159499999999,42.22915899906102],[-122.46097300000002,42.229380999061014],[-122.45993800000002,42.22942499906102],[-122.45930499999999,42.229311999061025],[-122.45873800000001,42.22902299906102],[-122.45800300000003,42.228264999061025],[-122.45762299999998,42.22791099906102],[-122.45710800000003,42.22767799906103],[-122.45664900000003,42.22759799906103],[-122.456154,42.227660999061015]]},"id":"003c0000000000000a8d","properties":{"fullname":"38-3E-35.1","linearid":"110340487433","mtfcc":"S1400","rttyp":"M"}},{"type":"Feature","geometry":{"type":"LineString","coordinates":[[-122.504759,42.17408599906119],[-122.50571600000002,42.1741249990612],[-122.50667500000002,42.1742319990612],[-122.50750000000001,42.174310999061206],[-122.50811299999998,42.1742559990612],[-122.508549,42.1741779990612],[-122.508805,42.17385499906119],[-122.50926099999997,42.1740349990612],[-122.50993,42.174139999061204],[-122.51078799999998,42.17398299906121],[-122.51129,42.1739269990612],[-122.51170599999999,42.173721999061186],[-122.512197,42.173439999061195],[-122.51314600000003,42.17316799906121],[-122.51418400000001,42.1727639990612],[-122.51439900000003,42.17273899906121],[-122.514837,42.172571999061205],[-122.51527599999999,42.17229499906121],[-122.51571300000003,42.17221699906121],[-122.515582,42.172523999061205],[-122.514881,42.17309499906119],[-122.51421899999998,42.173556999061184],[-122.51368200000002,42.1738929990612],[-122.51294000000003,42.174276999061206],[-122.51237299999998,42.17466799906119],[-122.51200000000001,42.175098999061184],[-122.51186300000002,42.175372999061196],[-122.511793,42.17566399906119]]},"id":"003c0000000000000a6a","properties":{"fullname":"39-3E-18.3","linearid":"110340487436","mtfcc":"S1400","rttyp":"M"}},{"type":"Feature","geometry":{"type":"LineString","coordinates":[[-122.51418400000001,42.1727639990612],[-122.51479499999999,42.17241799906121],[-122.51563600000001,42.171786999061204],[-122.51607999999999,42.1711419990612],[-122.51634599999998,42.17048399906121],[-122.51673900000002,42.16979999906122],[-122.517481,42.169465999061224],[-122.51831,42.16941199906122],[-122.51877000000003,42.16971899906122],[-122.51906599999998,42.17025999906122],[-122.519439,42.170560999061216],[-122.51999000000002,42.170713999061206],[-122.52028400000002,42.170743999061216],[-122.52100199999998,42.17062899906122],[-122.521483,42.17056199906122],[-122.52156,42.17024899906121]]},"id":"003c0000000000000a6b","properties":{"fullname":"39-3E-18.4","linearid":"110340487439","mtfcc":"S1400","rttyp":"M"}},{"type":"Feature","geometry":{"type":"LineString","coordinates":[[-122.40514600000002,42.168754999061214],[-122.40504400000002,42.16921499906122],[-122.404879,42.16992299906122],[-122.404686,42.17048699906121],[-122.40464600000001,42.171119999061204],[-122.40465699999999,42.17190599906121],[-122.40555400000005,42.17258099906121],[-122.406251,42.1730269990612],[-122.40683100000001,42.173610999061204],[-122.40724,42.174444999061194],[-122.40745799999999,42.175156999061194],[-122.407465,42.17521999906119]]},"id":"003c0000000000000ae3","properties":{"fullname":"39-3E-19.3","linearid":"110340487441","mtfcc":"S1400","rttyp":"M"}},{"type":"Feature","geometry":{"type":"LineString","coordinates":[[-122.37625299999999,42.177738999061184],[-122.37665899999999,42.177843999061196],[-122.377432,42.17821499906119],[-122.378396,42.17874499906118],[-122.379246,42.17952799906118],[-122.37992699999998,42.18037599906117],[-122.38066000000003,42.181246999061166],[-122.381224,42.18190799906118],[-122.382468,42.18247799906116],[-122.383308,42.18277099906118],[-122.38503299999999,42.18309599906117]]},"id":"003c0000000000000ae1","properties":{"fullname":"39-4E-17.1","linearid":"110340487444","mtfcc":"S1400","rttyp":"M"}},{"type":"Feature","geometry":{"type":"LineString","coordinates":[[-122.414049,42.18271099906117],[-122.413648,42.182383999061166],[-122.413174,42.182070999061175],[-122.41280200000003,42.18173799906117],[-122.41272700000002,42.18123099906117],[-122.412973,42.180594999061164],[-122.413458,42.180209999061184],[-122.414009,42.17990099906118],[-122.41432000000005,42.179331999061176],[-122.414389,42.17863999906119],[-122.41437100000003,42.177880999061166],[-122.41452900000004,42.17723899906119],[-122.414621,42.176925999061176],[-122.41430199999998,42.17647199906119],[-122.41348099999999,42.17615599906119],[-122.41248799999998,42.17590399906119],[-122.41151700000002,42.1757569990612],[-122.41055700000001,42.17579699906119],[-122.409456,42.175902999061194],[-122.40805899999998,42.17603699906119],[-122.40753000000002,42.17587799906119],[-122.407465,42.17521999906119]]},"id":"003c0000000000000adb","properties":{"fullname":"39-4E-19.3","linearid":"110340487448","mtfcc":"S1400","rttyp":"M"}},{"type":"Feature","geometry":{"type":"LineString","coordinates":[[-122.326253,42.164281999061224],[-122.32655900000003,42.164771999061244],[-122.32713200000003,42.16496299906123],[-122.32764400000002,42.164796999061245],[-122.32832500000005,42.16456299906123],[-122.329466,42.16425899906123],[-122.330108,42.16422799906123],[-122.33103,42.16443999906123],[-122.33190100000003,42.164337999061225],[-122.33247299999998,42.16384999906123],[-122.33365,42.16347999906124],[-122.33458200000003,42.16324099906124],[-122.335426,42.16295799906123],[-122.336395,42.16271899906124],[-122.337407,42.162661999061235],[-122.33815799999999,42.16290099906124],[-122.33882800000002,42.16317699906122],[-122.33919700000003,42.16329999906123],[-122.33973399999999,42.16331799906123],[-122.33943900000001,42.16255299906124],[-122.339662,42.16216899906124],[-122.33939100000003,42.161864999061244],[-122.33943200000002,42.16139299906124],[-122.33900900000005,42.160758999061244],[-122.33895300000003,42.160285999061244],[-122.33925799999999,42.159934999061235],[-122.339885,42.15994299906125],[-122.340748,42.16012099906124],[-122.341382,42.160282999061245],[-122.34198700000002,42.16040499906124],[-122.34252599999999,42.16041799906124],[-122.342859,42.160380999061246],[-122.34318700000003,42.15983199906125],[-122.34285,42.159467999061235],[-122.34225599999999,42.15888899906125],[-122.341899,42.15836599906125],[-122.34176199999997,42.15772799906125],[-122.341796,42.15718299906125],[-122.34207100000005,42.15683799906126],[-122.342813,42.15651599906126],[-122.34395699999997,42.15650299906125],[-122.34491600000003,42.15654399906126],[-122.345478,42.15641899906126],[-122.34585,42.15607999906127],[-122.34565000000002,42.15522199906124],[-122.34555099999999,42.154462999061266],[-122.34580000000001,42.153902999061266],[-122.346408,42.15344799906126],[-122.346892,42.15297699906128],[-122.34685999999999,42.152388999061266],[-122.34655499999997,42.151672999061255],[-122.34636800000007,42.15101799906128],[-122.34654799999998,42.15045299906129],[-122.34690600000005,42.15018399906128],[-122.347696,42.15016999906127],[-122.348411,42.150149999061284],[-122.34887799999998,42.14990999906128],[-122.34891000000002,42.14956399906128],[-122.34885899999999,42.14946399906127]]},"id":"003c0000000000000ae8","properties":{"fullname":"39-4E-23.3","linearid":"110340487453","mtfcc":"S1400","rttyp":"M"}},{"type":"Feature","geometry":{"type":"LineString","coordinates":[[-122.55695000000001,42.104469999061415],[-122.556684,42.104276999061405],[-122.55645500000001,42.10426799906141],[-122.55615400000002,42.104303999061415],[-122.555853,42.10434999906142],[-122.55567100000002,42.10401199906141],[-122.555568,42.10369499906144],[-122.55525,42.10359999906144],[-122.55458600000003,42.103578999061426],[-122.55392600000002,42.103677999061425],[-122.55319,42.103761999061426],[-122.55264400000003,42.10371799906143],[-122.55219600000004,42.10381499906141],[-122.55184599999998,42.103988999061414],[-122.55149,42.104188999061414],[-122.551118,42.10442299906142],[-122.550769,42.104700999061414],[-122.550343,42.10473199906141],[-122.549944,42.10463699906141],[-122.54958800000001,42.10458599906142],[-122.54938700000001,42.10440699906142],[-122.54918599999999,42.10390999906143],[-122.549046,42.10357699906144],[-122.54881600000002,42.103457999061426],[-122.548543,42.103449999061425],[-122.54815300000001,42.10342599906142],[-122.547836,42.10342899906143]]},"id":"003c0000000000000a46","properties":{"fullname":"40-2E-11.1","linearid":"110340487456","mtfcc":"S1400","rttyp":"M"}},{"type":"Feature","geometry":{"type":"LineString","coordinates":[[-122.55962500000003,42.099576999061426],[-122.559489,42.09916099906144],[-122.55930300000003,42.09897599906146],[-122.55890100000002,42.09913399906143],[-122.55728699999999,42.10026299906143],[-122.55672400000003,42.10050399906144],[-122.556102,42.100695999061415],[-122.555551,42.10081099906144],[-122.55506900000003,42.10101899906144],[-122.55471500000006,42.101076999061426],[-122.554289,42.10106999906143],[-122.55408200000002,42.10102299906143],[-122.55418299999997,42.10051699906143],[-122.55399100000004,42.10005299906144],[-122.55371200000003,42.100159999061425],[-122.553478,42.10060599906142],[-122.55314300000005,42.10084499906142],[-122.55256299999999,42.100954999061436],[-122.552038,42.10086099906143],[-122.55122000000003,42.10081399906142],[-122.550578,42.10072199906144],[-122.55021299999999,42.10048999906144],[-122.549553,42.10025999906143],[-122.54864200000002,42.10003799906143],[-122.54831500000002,42.09987699906143],[-122.548431,42.099431999061444],[-122.54836200000005,42.09889499906143],[-122.54843800000002,42.09857099906144],[-122.54829100000002,42.09819899906145],[-122.54808600000003,42.097910999061455]]},"id":"003c0000000000000a44","properties":{"fullname":"40-2E-11.2","linearid":"110340487460","mtfcc":"S1400","rttyp":"M"}},{"type":"Feature","geometry":{"type":"LineString","coordinates":[[-122.51991400000003,42.08224699906149],[-122.51939600000001,42.082611999061484],[-122.519058,42.082888999061495],[-122.518727,42.08308299906149],[-122.51845600000001,42.08323299906147],[-122.51810300000001,42.08336099906147],[-122.51766999999998,42.08348399906148],[-122.51704300000003,42.08370199906149],[-122.51677100000005,42.08376399906149],[-122.516314,42.083810999061484],[-122.51583500000001,42.08382999906149],[-122.51533300000001,42.08378299906149],[-122.51458600000001,42.083776999061485],[-122.513966,42.0837309990615],[-122.51332800000004,42.0835969990615],[-122.51258899999999,42.0834799990615],[-122.511744,42.083094999061494],[-122.51129000000003,42.08289999906149],[-122.51071899999998,42.08273899906148],[-122.50961300000002,42.082217999061484],[-122.509153,42.0819399990615],[-122.50867400000001,42.081980999061486],[-122.50813399999998,42.0818629990615],[-122.50755600000002,42.081641999061496],[-122.50693300000002,42.08153499906149],[-122.50606599999998,42.08122199906149],[-122.50556900000002,42.08098299906148],[-122.50504100000002,42.08067799906149],[-122.504958,42.08049199906149],[-122.50516200000001,42.08024399906151],[-122.50592000000002,42.080046999061516],[-122.50638600000002,42.08004499906149],[-122.506934,42.0796849990615],[-122.507309,42.079473999061506],[-122.50775800000005,42.07936099906149],[-122.50819099999998,42.0791279990615],[-122.50847600000004,42.07876399906151],[-122.50858699999999,42.07808799906152],[-122.50869300000001,42.077592999061515],[-122.508762,42.0771589990615],[-122.50877699999998,42.076664999061514],[-122.50848,42.07649599906151],[-122.50791999999998,42.07665899906151],[-122.50754800000004,42.07699599906151],[-122.50719800000003,42.077332999061504],[-122.506417,42.077501999061504],[-122.50611400000001,42.07748199906151],[-122.50598,42.077382999061506],[-122.50581300000002,42.077237999061516]]},"id":"003c00000000000007ad","properties":{"fullname":"40-3E-19.1","linearid":"110340487463","mtfcc":"S1400","rttyp":"M"}},{"type":"Feature","geometry":{"type":"LineString","coordinates":[[-122.39256000000002,42.03272199906166],[-122.39250300000002,42.03276699906167],[-122.39220900000001,42.03292699906165],[-122.39174199999997,42.03317099906165],[-122.39126599999999,42.03332199906166],[-122.39081900000001,42.033521999061655],[-122.39029399999998,42.033798999061645],[-122.38940399999998,42.034379999061656],[-122.38908999999998,42.03465599906166],[-122.38911100000001,42.03504399906165],[-122.38946200000004,42.03543699906166],[-122.38984200000003,42.03577399906165],[-122.39026899999999,42.036274999061646],[-122.39061199999998,42.03665699906165],[-122.39098,42.03705399906165],[-122.39130200000002,42.037473999061646],[-122.391514,42.03791099906165],[-122.391727,42.038391999061645],[-122.392042,42.03881099906163],[-122.392258,42.03913199906164],[-122.39255199999998,42.03938499906163],[-122.392819,42.039727999061625],[-122.39307,42.04000999906163],[-122.39362000000004,42.040643999061636],[-122.39418,42.04115799906163],[-122.39453000000002,42.041761999061634],[-122.39475500000002,42.042214999061635],[-122.39544899999996,42.04300199906163],[-122.39551199999998,42.04336399906163],[-122.39561000000002,42.04369799906163],[-122.395831,42.04392999906162],[-122.395859,42.04419999906163],[-122.39558600000002,42.04466099906162],[-122.395552,42.04497499906163],[-122.395606,42.045364999061626],[-122.39581200000002,42.045619999061614],[-122.39593800000004,42.04586499906162],[-122.396174,42.04613599906162],[-122.39641,42.04639699906161],[-122.39676,42.046516999061616],[-122.397017,42.046732999061604],[-122.39702799999999,42.047073999061595],[-122.397497,42.04726999906161],[-122.397659,42.04748699906161],[-122.39760100000002,42.04776299906161],[-122.397438,42.048051999061606],[-122.39735800000001,42.0483059990616],[-122.39714800000004,42.04872799906161],[-122.39782399999999,42.05092799906159],[-122.39802799999998,42.051095999061594],[-122.39834000000002,42.05142599906161],[-122.39860500000003,42.0516689990616],[-122.39909300000002,42.05245899906161],[-122.39935200000001,42.05280099906159],[-122.39940000000001,42.05316299906159],[-122.39967899999999,42.0533679990616],[-122.39994000000004,42.05349599906159],[-122.400079,42.05369699906159],[-122.40031299999998,42.05388499906159],[-122.40067899999998,42.05402799906158],[-122.401071,42.05410899906159],[-122.40135699999999,42.054313999061584],[-122.40125100000003,42.05469499906159],[-122.401057,42.055099999061596],[-122.40092,42.05547599906159],[-122.40082599999998,42.05579699906159],[-122.400574,42.05626899906159],[-122.400311,42.05659199906158],[-122.40005400000003,42.05692699906158],[-122.399698,42.057091999061576],[-122.39972700000004,42.05732299906159],[-122.399911,42.05754499906158],[-122.400167,42.05773899906157],[-122.399327,42.05802199906157],[-122.39894999999999,42.057984999061574],[-122.398642,42.05776399906157],[-122.398251,42.05777099906158],[-122.398019,42.057939999061574],[-122.39762200000003,42.05821599906159],[-122.397029,42.05834099906157],[-122.39687100000003,42.05875099906157],[-122.39694300000002,42.059194999061575],[-122.39659599999999,42.059970999061576],[-122.39651,42.06028099906157],[-122.39688300000002,42.06068199906157],[-122.397338,42.06086099906156],[-122.39723199999999,42.06108299906157],[-122.396924,42.06110499906156],[-122.396514,42.061187999061566],[-122.396218,42.06140199906158],[-122.395466,42.06166199906156],[-122.395291,42.06197899906158],[-122.39505199999999,42.06216999906156],[-122.39481400000003,42.062327999061566],[-122.394771,42.06285099906157],[-122.39479900000003,42.06310899906157],[-122.39530699999999,42.06328799906156],[-122.39554,42.063514999061546],[-122.39590300000003,42.06374599906156],[-122.39653200000005,42.06383399906156],[-122.39703899999999,42.06405099906156],[-122.396891,42.064284999061556],[-122.39662100000002,42.06441599906156],[-122.396655,42.064574999061556],[-122.39676899999999,42.06490899906156],[-122.39681300000001,42.065413999061555],[-122.39697600000002,42.06565899906154],[-122.39716499999999,42.06581499906155],[-122.39735399999999,42.066064999061545],[-122.39734100000001,42.06634599906154],[-122.39764800000003,42.06650099906154],[-122.39801800000002,42.06655499906155],[-122.39843699999997,42.06671899906155],[-122.398881,42.06707999906155],[-122.39920900000003,42.06715099906153],[-122.39944499999999,42.06738999906153],[-122.399714,42.06783099906155],[-122.39994899999999,42.06827799906155],[-122.39981999999999,42.06865399906154],[-122.39960100000005,42.069031999061544],[-122.398999,42.06988399906153],[-122.39888899999998,42.070385999061536],[-122.39891399999998,42.07077599906153],[-122.39906200000003,42.07127999906153],[-122.399485,42.071624999061534],[-122.39974600000004,42.071950999061535],[-122.399803,42.072378999061534],[-122.40041699999999,42.07246799906152],[-122.40101399999999,42.07246899906153],[-122.40167899999999,42.07276599906153],[-122.40225800000002,42.07287699906154],[-122.40292500000001,42.07298199906152],[-122.40343400000006,42.07325999906153],[-122.40427000000001,42.073775999061525],[-122.40461299999997,42.073987999061536],[-122.40522300000003,42.07446999906153],[-122.40532699999999,42.074622999061525],[-122.405632,42.074763999061524],[-122.40606799999999,42.07494899906151],[-122.406556,42.07513299906152],[-122.40715900000001,42.075432999061526],[-122.40734,42.07553299906152],[-122.40761000000003,42.07568299906152],[-122.40815700000003,42.07573599906153],[-122.408718,42.07577099906151],[-122.409177,42.075768999061516],[-122.40982699999999,42.075825999061514],[-122.410169,42.07598399906151],[-122.410435,42.07612599906151],[-122.41114500000005,42.07623799906151],[-122.41132900000001,42.07614899906152],[-122.41176999999999,42.07600399906152],[-122.41216099999998,42.07589799906152],[-122.412486,42.07593999906152],[-122.41284899999997,42.07609799906152],[-122.413137,42.07613499906153],[-122.41366,42.07599999906153],[-122.41392,42.07614199906152],[-122.41396,42.076432999061524],[-122.41384000000004,42.076573999061516],[-122.413726,42.07670799906152],[-122.41348500000004,42.0768959990615],[-122.413141,42.0772329990615],[-122.41309700000002,42.07736199906151],[-122.41302600000003,42.077568999061505],[-122.41321400000001,42.077967999061514],[-122.413142,42.0781449990615],[-122.41300700000002,42.078688999061505],[-122.413122,42.0791169990615],[-122.41338800000001,42.0793459990615],[-122.413744,42.079332999061506],[-122.41438600000001,42.079362999061516],[-122.41485099999998,42.079409999061504],[-122.415164,42.07957399906151],[-122.41533,42.08001799906151],[-122.415401,42.0805059990615],[-122.41543400000003,42.0808189990615],[-122.41537800000003,42.08119299906149],[-122.41538,42.08142899906148],[-122.41538200000002,42.08157199906151],[-122.41551100000001,42.0818889990615],[-122.41551300000003,42.082196999061495],[-122.415399,42.082680999061495],[-122.415543,42.08290499906149],[-122.41550100000002,42.083289999061485],[-122.415542,42.083673999061496],[-122.41583500000002,42.08428199906149],[-122.41590600000004,42.08479799906147],[-122.416058,42.08512699906147],[-122.41607499999999,42.08543999906148],[-122.415933,42.085829999061495],[-122.415677,42.086259999061475],[-122.415755,42.086583999061475],[-122.41588199999997,42.08682499906148],[-122.41572500000001,42.08728699906147],[-122.41538200000002,42.08768899906147],[-122.41504500000005,42.08798699906148],[-122.41465000000001,42.088444999061466],[-122.414528,42.088867999061456],[-122.41474500000002,42.08921299906148],[-122.41472600000003,42.089503999061456],[-122.414692,42.089822999061475],[-122.41508,42.09021699906147],[-122.415428,42.09039099906147],[-122.41571800000003,42.090542999061455],[-122.41592600000001,42.09066799906147],[-122.416114,42.091023999061456],[-122.41654999999999,42.09103899906147],[-122.41704,42.09127799906147],[-122.417905,42.091388999061465],[-122.41829000000003,42.09162899906146],[-122.41813299999998,42.091794999061456],[-122.41810800000002,42.091821999061466],[-122.41780700000002,42.09191699906147],[-122.41750400000002,42.09194599906147],[-122.41697500000004,42.09209699906146],[-122.416335,42.09251699906146],[-122.415606,42.092844999061455],[-122.415308,42.09319199906146],[-122.41513300000001,42.09358299906146],[-122.414948,42.09414399906147],[-122.414835,42.09478099906147],[-122.41471599999998,42.09539699906146],[-122.41467000000002,42.09594099906145],[-122.414704,42.096441999061454],[-122.414737,42.09692299906145],[-122.414706,42.09747799906144],[-122.414584,42.09789099906145],[-122.414573,42.09825999906143],[-122.41482500000001,42.09855799906144],[-122.41537900000002,42.09899199906143],[-122.41589499999999,42.09906299906145],[-122.416548,42.09919299906144],[-122.417306,42.09924099906145],[-122.41793500000001,42.09947199906145],[-122.41808,42.09979099906144]]},"id":"003c0000000000000798","properties":{"fullname":"40-4E-12.1","linearid":"110340487466","mtfcc":"S1400","rttyp":"M"}},{"type":"Feature","geometry":{"type":"LineString","coordinates":[[-122.40271300000003,42.01771299906171],[-122.40273499999999,42.01766599906171],[-122.40301,42.01734199906172],[-122.40328899999997,42.01716399906172],[-122.40337500000001,42.01710899906172],[-122.403747,42.01694799906172],[-122.40434799999998,42.01665899906171],[-122.40460099999997,42.01646099906172],[-122.40523700000004,42.016116999061715],[-122.40565499999998,42.01594499906171],[-122.40613199999999,42.015913999061716],[-122.406418,42.01587899906172],[-122.40657300000001,42.01581899906172],[-122.407091,42.015617999061725],[-122.40771899999999,42.01550899906173],[-122.40832299999998,42.015473999061726],[-122.408728,42.015417999061725],[-122.409456,42.01515799906172],[-122.410201,42.01531399906173],[-122.41102200000002,42.01551899906172],[-122.41179100000001,42.015805999061705],[-122.41275199999998,42.016108999061714],[-122.41362300000002,42.01637299906172],[-122.41469399999998,42.016620999061715],[-122.41561599999999,42.01673199906171],[-122.41641500000001,42.01718299906172],[-122.41709099999997,42.01759099906171],[-122.417695,42.017812999061704],[-122.41803700000001,42.01797499906171],[-122.41844999999999,42.01818199906171],[-122.41963300000002,42.01847199906171],[-122.42079699999996,42.018423999061696],[-122.42138699999998,42.018416999061714],[-122.42212599999998,42.018735999061704],[-122.42250399999999,42.019007999061714],[-122.42262400000001,42.01925399906171],[-122.423775,42.0201139990617],[-122.42535300000004,42.020265999061714],[-122.426297,42.0203939990617],[-122.42724900000003,42.02044499906171],[-122.42913000000004,42.0203989990617],[-122.42991500000001,42.019947999061706],[-122.43020999999999,42.01991399906171],[-122.430588,42.0201689990617],[-122.43091300000005,42.020342999061704],[-122.43146000000002,42.02046099906171],[-122.43199,42.020540999061716],[-122.43203099999998,42.0209509990617],[-122.431989,42.02126799906169],[-122.432074,42.0216839990617],[-122.43225300000002,42.0220709990617],[-122.43251100000005,42.0220649990617],[-122.43280599999997,42.02197099906168],[-122.433367,42.022099999061695],[-122.43408199999998,42.02199799906169],[-122.43455900000001,42.0217179990617],[-122.435265,42.0214409990617],[-122.43565499999998,42.021384999061695],[-122.43577800000001,42.0211959990617],[-122.43593099999998,42.0209579990617],[-122.43575100000001,42.0205649990617],[-122.43587999999998,42.020027999061696],[-122.436172,42.0197319990617],[-122.43672299999999,42.019450999061704],[-122.437163,42.019103999061706],[-122.43738100000002,42.01876999906171],[-122.437788,42.018193999061715],[-122.438184,42.0177059990617],[-122.43886000000002,42.01737499906171],[-122.43919000000002,42.0172859990617],[-122.43980700000002,42.01695499906171],[-122.440219,42.016865999061714],[-122.44090000000001,42.01640999906172],[-122.44178300000002,42.01610499906171],[-122.44297700000001,42.0160949990617],[-122.44347499999999,42.015720999061706],[-122.44369200000001,42.015167999061724],[-122.44362299999996,42.01472499906171],[-122.443555,42.01448499906172],[-122.44375699999999,42.01406299906173],[-122.44383700000004,42.013810999061725],[-122.44384000000004,42.01324199906173],[-122.44392400000001,42.01277199906172],[-122.44423299999998,42.012562999061736],[-122.444555,42.01252299906174],[-122.44474199999999,42.012784999061736],[-122.44485,42.01331499906172],[-122.44501599999998,42.01383399906173],[-122.44504500000004,42.01386599906173],[-122.445225,42.01411199906171],[-122.44547499999999,42.01400099906173],[-122.445981,42.01370899906173],[-122.44635000000004,42.01366399906173],[-122.44689400000006,42.01371099906173],[-122.44724000000005,42.01346399906172],[-122.44710900000001,42.01281899906173],[-122.44687799999998,42.01249199906173],[-122.446948,42.01213599906173],[-122.44706600000002,42.01203199906172],[-122.447602,42.01178899906174],[-122.448361,42.01169799906173],[-122.448455,42.01154999906172],[-122.44849600000002,42.01118899906174],[-122.448473,42.01086099906173],[-122.44831300000001,42.01053899906173],[-122.44810700000001,42.01034799906173],[-122.44809000000005,42.010216999061726],[-122.448383,42.00987699906173],[-122.44855000000001,42.00949899906174],[-122.448473,42.00918199906174],[-122.44860500000003,42.00903399906173],[-122.44894900000001,42.008911999061745],[-122.44934,42.00875699906174],[-122.449692,42.00854799906173],[-122.450074,42.00845399906175],[-122.45022200000002,42.00855699906174],[-122.45037900000001,42.008791999061735],[-122.45036800000004,42.00914699906174],[-122.45026500000002,42.00939399906175],[-122.45026700000001,42.009573999061736],[-122.45034900000005,42.009797999061725],[-122.45060200000003,42.009878999061726],[-122.450927,42.00996499906175],[-122.45114300000003,42.01022099906173],[-122.451233,42.010586999061736],[-122.45066500000003,42.01128999906173],[-122.450689,42.011529999061736],[-122.45077200000001,42.01178699906173],[-122.45107600000004,42.01208599906173],[-122.451506,42.012423999061724],[-122.451855,42.01257499906171],[-122.452305,42.01268799906171],[-122.452653,42.01279599906173],[-122.45276500000001,42.01306899906174],[-122.45268500000002,42.01330499906173],[-122.45274100000002,42.01374199906173],[-122.45292099999999,42.01393799906171],[-122.453091,42.01408499906172],[-122.45317399999998,42.01437999906171],[-122.453117,42.01461599906171],[-122.453245,42.014953999061724],[-122.45326200000004,42.01519499906172],[-122.45373700000003,42.01561399906171],[-122.45426900000002,42.015703999061714],[-122.45463799999999,42.0158449990617],[-122.45493600000002,42.01605699906171],[-122.45488499999999,42.01631399906172],[-122.45492500000003,42.01664199906171],[-122.455481,42.017033999061724],[-122.45595500000003,42.01721799906171],[-122.45636799999998,42.01731499906171],[-122.457343,42.01748599906171],[-122.45808199999999,42.01774999906169],[-122.458909,42.017954999061715],[-122.459263,42.0179149990617],[-122.459498,42.017651999061705],[-122.45923,42.0174389990617],[-122.45886100000001,42.01748499906172],[-122.45850600000001,42.017299999061706],[-122.458357,42.017119999061705],[-122.457878,42.017121999061715],[-122.45738900000005,42.0168839990617],[-122.457334,42.016364999061715],[-122.457244,42.01606399906172],[-122.45677399999998,42.01563899906173],[-122.45665400000001,42.015333999061724],[-122.45665000000005,42.01492899906172],[-122.45682499999998,42.01462799906172],[-122.457154,42.01431399906172],[-122.45757499999999,42.01430199906172],[-122.45788099999999,42.01398299906171],[-122.458028,42.01391699906172],[-122.45848499999998,42.01393699906171],[-122.458585,42.014236999061715],[-122.458645,42.01443999906173],[-122.45887300000001,42.01451499906172],[-122.45918200000004,42.01445899906172],[-122.459294,42.01455699906173],[-122.459531,42.01460499906173],[-122.459912,42.014417999061706],[-122.46021499999998,42.014416999061716],[-122.46052600000002,42.01462899906171],[-122.46067500000001,42.01487399906172],[-122.46081099999999,42.01522299906171],[-122.461057,42.01550099906172],[-122.46136700000002,42.01570799906172],[-122.46166500000001,42.01598599906171],[-122.461919,42.01629099906171],[-122.46212999999999,42.01689699906171],[-122.46234600000003,42.017157999061716],[-122.46243600000003,42.01737699906172],[-122.46224900000003,42.01775499906171],[-122.46229300000003,42.01792999906171],[-122.46273400000004,42.0176929990617],[-122.463105,42.017942999061695],[-122.46365899999998,42.018169999061705],[-122.464212,42.018145999061716],[-122.46496000000003,42.0184599990617],[-122.46549800000003,42.01854499906171],[-122.46601500000001,42.0184829990617],[-122.46617100000002,42.018443999061695],[-122.466219,42.018432999061694],[-122.466413,42.01867799906172],[-122.46713199999999,42.01901399906171],[-122.467299,42.01881099906172],[-122.46703300000001,42.01860399906171],[-122.46662200000004,42.0181409990617],[-122.46597099999998,42.017864999061715],[-122.465779,42.01772399906171],[-122.46569500000001,42.01731899906172],[-122.46571399999999,42.016985999061724],[-122.465035,42.01699899906171],[-122.464572,42.017121999061715],[-122.46417400000003,42.01712899906172],[-122.46394499999997,42.01690599906172],[-122.463999,42.01645699906171],[-122.46418700000001,42.016083999061706],[-122.464525,42.01588099906172],[-122.46485700000001,42.01602099906171],[-122.465214,42.01625499906172],[-122.46559799999999,42.01636299906171],[-122.46643599999999,42.01612999906171],[-122.46709100000004,42.01584799906171],[-122.46744399999999,42.01578599906173],[-122.46793199999998,42.015942999061714],[-122.468334,42.01632899906172],[-122.46840399999999,42.01679399906172],[-122.46831799999998,42.017214999061714],[-122.46911600000003,42.01732699906172],[-122.46973600000004,42.01743899906171],[-122.47018599999998,42.01748099906172],[-122.47078900000001,42.017324999061714],[-122.47147399999999,42.01723999906172],[-122.471925,42.01741899906172],[-122.471839,42.01766499906172],[-122.47207,42.01796499906171],[-122.472115,42.01818899906171],[-122.47197699999997,42.0183539990617],[-122.47203100000003,42.01866499906171],[-122.47227600000001,42.0187409990617],[-122.47268700000001,42.01869499906171],[-122.47299100000001,42.01875399906171],[-122.473168,42.018900999061714],[-122.473207,42.01912999906171],[-122.47314300000001,42.019441999061705],[-122.47296399999998,42.0199519990617],[-122.473237,42.0200219990617],[-122.473354,42.019889999061704],[-122.47348499999998,42.0196489990617],[-122.47362299999999,42.0193529990617],[-122.473663,42.01900299906172],[-122.47374299999998,42.01873399906171],[-122.473799,42.018427999061714],[-122.47376700000002,42.018214999061705],[-122.47363400000003,42.018028999061706],[-122.473397,42.01796499906172],[-122.47321199999999,42.01782299906171],[-122.47312700000002,42.01746799906172],[-122.47312500000002,42.017183999061714],[-122.47303500000001,42.016877999061705],[-122.47259700000004,42.01671599906171],[-122.472087,42.01658699906172],[-122.47186400000001,42.01641799906172],[-122.47164100000002,42.01616799906172],[-122.47151200000002,42.015746999061726],[-122.471466,42.015341999061725],[-122.47142499999998,42.01492199906172],[-122.47135599999999,42.01460999906172],[-122.47149299999997,42.01433099906172],[-122.47140999999999,42.014106999061724],[-122.47118100000003,42.01399299906171],[-122.47088500000001,42.013911999061726],[-122.470781,42.01370499906173],[-122.470883,42.01352899906173],[-122.47115499999998,42.01347299906173],[-122.47145600000002,42.013444999061726],[-122.47191500000001,42.013529999061724],[-122.47254199999999,42.01368099906173],[-122.472788,42.01403499906173],[-122.472725,42.014406999061734],[-122.472918,42.014652999061724],[-122.473237,42.01484299906172],[-122.47365900000001,42.01498299906173],[-122.47401400000001,42.015156999061716],[-122.474193,42.01526499906171],[-122.474571,42.01545999906172],[-122.47514799999999,42.01574799906171],[-122.47543000000002,42.01604699906171],[-122.475735,42.01639099906171],[-122.47621699999999,42.016595999061714],[-122.47677200000003,42.01686199906171],[-122.47698800000002,42.01711299906171],[-122.47762399999998,42.017377999061715],[-122.47820899999998,42.017730999061705],[-122.47856400000003,42.01796999906171],[-122.47927700000002,42.018321999061705],[-122.47989300000002,42.0188939990617],[-122.480467,42.0189079990617],[-122.481005,42.018866999061714],[-122.481579,42.01868899906171],[-122.48198400000003,42.018501999061705],[-122.48234200000002,42.01823199906171],[-122.48272300000002,42.0179019990617],[-122.48324399999997,42.017609999061705],[-122.48369199999998,42.01733999906172],[-122.483948,42.01730599906172],[-122.48409599999998,42.01733899906171],[-122.48417099999999,42.01737699906172],[-122.48460100000001,42.01762599906171],[-122.485506,42.01826799906171],[-122.485936,42.01863199906172],[-122.48634499999999,42.018996999061706],[-122.48647300000003,42.01927999906171],[-122.48686000000002,42.01969399906171],[-122.48716500000002,42.01995599906171],[-122.487209,42.0199439990617],[-122.48735700000002,42.0201569990617],[-122.48750099999998,42.0205169990617],[-122.48747500000003,42.0207849990617],[-122.48774099999999,42.021051999061704],[-122.487853,42.0211829990617],[-122.488201,42.02139999906171],[-122.488453,42.0215299990617],[-122.48889,42.02165999906169],[-122.489184,42.02163699906169],[-122.48937700000002,42.0217609990617],[-122.48958500000003,42.0219679990617],[-122.48975599999999,42.0221479990617],[-122.49008299999998,42.022310999061695],[-122.49036100000002,42.022265999061695],[-122.490576,42.0222369990617],[-122.49094499999998,42.02232899906169],[-122.491381,42.02231599906169],[-122.49177800000002,42.02229799906171],[-122.492145,42.0220879990617],[-122.49272699999999,42.02206399906169],[-122.49314900000002,42.02224799906169],[-122.493401,42.022399999061705],[-122.493639,42.022649999061706],[-122.49421099999999,42.02305799906169],[-122.494287,42.023412999061684],[-122.494729,42.024181999061675],[-122.49545000000003,42.02485699906169],[-122.495675,42.025271999061694],[-122.49616300000004,42.02538399906169],[-122.49652499999999,42.02536099906168],[-122.49709899999999,42.02537499906168],[-122.49734500000002,42.02557599906168],[-122.49747099999996,42.02576099906168],[-122.49786299999998,42.02587399906167],[-122.49820400000002,42.02601999906168],[-122.498713,42.02603499906168],[-122.49922199999999,42.026124999061686],[-122.499704,42.026292999061674],[-122.500029,42.026514999061675],[-122.500254,42.026913999061684],[-122.50043500000001,42.027284999061685],[-122.50077799999998,42.027643999061674],[-122.501104,42.028068999061674],[-122.50152900000003,42.02841199906168],[-122.50180699999999,42.028604999061685],[-122.50183,42.02861199906169],[-122.50234999999999,42.02874199906168],[-122.502932,42.02875499906169],[-122.50365500000001,42.02881199906167],[-122.50420099999998,42.02873899906168],[-122.50460499999998,42.028626999061686],[-122.50492399999999,42.02878399906167],[-122.50523600000001,42.02908399906167],[-122.50532000000001,42.02929699906168],[-122.50537400000005,42.02971199906166],[-122.505742,42.030409999061675],[-122.506142,42.03052899906167],[-122.50712199999998,42.03056799906167],[-122.50766299999995,42.030723999061664],[-122.50769500000003,42.03107999906165],[-122.50792500000003,42.03124799906167],[-122.50839700000002,42.031267999061654],[-122.50884199999999,42.03156699906167],[-122.509404,42.03173899906165],[-122.50958799999997,42.031693999061666],[-122.50968300000001,42.03148599906167],[-122.509828,42.03124499906166],[-122.509958,42.03100399906165],[-122.510207,42.03078399906167],[-122.51047200000005,42.03065699906167],[-122.51054200000002,42.03045399906167],[-122.51062200000003,42.030179999061666],[-122.51070300000002,42.03005899906168],[-122.511066,42.03031499906167],[-122.51119899999999,42.030494999061666],[-122.51130499999998,42.03075099906167],[-122.51159500000001,42.03102899906166],[-122.51196500000002,42.031119999061666],[-122.51231300000002,42.031117999061664],[-122.513027,42.03118099906166],[-122.51340400000001,42.03128299906166],[-122.51385600000005,42.03150499906167],[-122.514212,42.03174399906167],[-122.51447100000001,42.03182499906167],[-122.51459500000001,42.03168799906167],[-122.51493400000001,42.03164199906168],[-122.515149,42.03168499906166],[-122.51599200000001,42.03195399906166],[-122.516458,42.032093999061665],[-122.516478,42.031962999061655],[-122.51607800000001,42.03168099906167],[-122.51596599999999,42.031516999061665],[-122.51578599999999,42.03128799906167],[-122.51557,42.03093399906166],[-122.515678,42.03074199906167],[-122.51589799999998,42.03054399906167],[-122.51606600000001,42.030373999061666],[-122.515989,42.03006199906168],[-122.515728,42.02983899906166],[-122.515601,42.02956099906167],[-122.51598299999998,42.02935699906167],[-122.516557,42.02935399906167],[-122.517074,42.02938499906167],[-122.51779800000001,42.029593999061674],[-122.518004,42.029396999061674],[-122.518277,42.02935699906167],[-122.51861700000002,42.02952999906167],[-122.51922300000003,42.02970799906167],[-122.51924900000002,42.02998699906168],[-122.51919000000001,42.03011799906168],[-122.519316,42.03024899906166],[-122.519544,42.03025299906167],[-122.51983200000001,42.03021899906167],[-122.520415,42.03012899906167],[-122.52091600000003,42.03019199906167],[-122.52134700000002,42.03044199906168],[-122.52130500000001,42.03073199906167],[-122.52163000000004,42.03094399906166],[-122.52197799999999,42.03088199906167],[-122.52223999999998,42.030628999061676],[-122.52245799999999,42.03037599906167],[-122.52285499999998,42.03011199906167],[-122.52307300000002,42.029924999061684],[-122.52343100000002,42.02930499906168],[-122.523523,42.02903699906168],[-122.523748,42.028652999061684],[-122.524095,42.02863499906168],[-122.524442,42.02871499906168],[-122.52475799999999,42.02870299906169],[-122.52499499999999,42.028787999061684],[-122.52526100000003,42.028812999061685],[-122.525525,42.02877199906168],[-122.52557899999998,42.02867399906168],[-122.52563100000002,42.028577999061675],[-122.52569000000001,42.02846799906167],[-122.525633,42.02829299906167],[-122.52557300000001,42.028107999061675],[-122.52534600000003,42.02780399906167],[-122.52515000000002,42.02756499906166],[-122.524957,42.02743499906167],[-122.524772,42.02737699906168],[-122.524682,42.027472999061686],[-122.524199,42.02722399906168],[-122.52374100000002,42.027006999061676],[-122.523214,42.026702999061676],[-122.52270999999999,42.02649799906167],[-122.52186699999999,42.02619599906167],[-122.520713,42.025757999061675],[-122.52015800000002,42.02556899906168],[-122.519869,42.02543399906167],[-122.519373,42.025309999061676],[-122.51888400000003,42.02502799906168],[-122.518478,42.024816999061684],[-122.5181,42.02456699906167],[-122.51783799999998,42.024272999061694],[-122.51754100000004,42.024033999061686],[-122.51732300000003,42.02372899906169],[-122.517308,42.02358099906169],[-122.517449,42.02356399906168],[-122.51758100000002,42.02360699906168],[-122.51794499999998,42.023834999061684],[-122.51836700000004,42.024018999061695],[-122.51884100000004,42.02426299906167],[-122.519257,42.02448499906168],[-122.51978799999999,42.0247119990617],[-122.52017300000001,42.024885999061695],[-122.52042400000003,42.024894999061694],[-122.52099400000003,42.02499699906167],[-122.521526,42.02517999906166],[-122.52191199999999,42.02537999906168],[-122.522309,42.025416999061676],[-122.52265000000001,42.02542599906168],[-122.52311199999998,42.025259999061674],[-122.52350000000001,42.02509999906169],[-122.523831,42.024851999061696],[-122.52396999999999,42.024697999061694],[-122.524315,42.024613999061685],[-122.524642,42.02449599906168],[-122.52477300000002,42.024395999061674],[-122.524894,42.02433899906167],[-122.525627,42.02398699906168],[-122.525961,42.02366499906168],[-122.526388,42.02320599906169],[-122.526711,42.023196999061696],[-122.52736999999999,42.02343099906168],[-122.52791699999999,42.02353999906168],[-122.52849900000001,42.023571999061694],[-122.52896499999997,42.02369299906169],[-122.52938899999998,42.02387499906168],[-122.52951700000001,42.023686999061695],[-122.529212,42.023465999061685],[-122.52871500000005,42.0232409990617],[-122.52853200000001,42.02293599906171],[-122.52862499999999,42.022726999061696],[-122.52842299999999,42.022569999061695],[-122.52812300000005,42.02269999906169],[-122.527513,42.02279399906168],[-122.52708500000001,42.02268299906169],[-122.526844,42.022422999061696],[-122.526207,42.022182999061684],[-122.52581100000002,42.022225999061696],[-122.525461,42.022448999061695],[-122.52522400000001,42.022735999061695],[-122.525006,42.02299099906169],[-122.52430900000003,42.02307999906171],[-122.523432,42.023050999061695],[-122.52288800000004,42.022728999061684],[-122.522764,42.022362999061684],[-122.5229,42.022136999061686],[-122.523399,42.02196699906169],[-122.52397799999999,42.02181799906169],[-122.52449100000001,42.021702999061695],[-122.52475500000001,42.021661999061685],[-122.52530399999999,42.0213979990617],[-122.52602,42.0211279990617],[-122.526636,42.02092899906169],[-122.52735799999999,42.0206259990617],[-122.527831,42.02028599906169],[-122.52808399999999,42.019954999061696],[-122.52825500000006,42.0196079990617],[-122.52824800000006,42.0191689990617],[-122.52839,42.01891599906171],[-122.529174,42.018605999061705],[-122.52943400000007,42.01836199906171],[-122.52948699999999,42.018054999061704],[-122.529678,42.01757599906171],[-122.52991800000004,42.017381999061705],[-122.530151,42.01724199906172],[-122.53050900000001,42.017522999061704],[-122.53073400000001,42.017750999061704],[-122.531038,42.01780199906172],[-122.531287,42.017788999061715],[-122.531518,42.017594999061714],[-122.53171500000005,42.0174829990617],[-122.53204700000002,42.017506999061716],[-122.53229799999998,42.01797499906169],[-122.532732,42.017832999061696],[-122.53309200000002,42.017829999061696],[-122.533428,42.0176999990617],[-122.533707,42.01765299906171],[-122.53403900000002,42.0176769990617],[-122.53420400000002,42.01744499906171],[-122.534083,42.016826999061706],[-122.53404,42.016432999061706],[-122.53416700000002,42.016146999061704],[-122.534398,42.01628099906169],[-122.534805,42.01684699906171],[-122.535314,42.01727399906171],[-122.53564300000001,42.01754399906171],[-122.53615200000002,42.01766499906172],[-122.536418,42.017727999061705],[-122.53658399999999,42.01757299906171],[-122.53671800000001,42.01717099906171],[-122.536863,42.017043999061706],[-122.53706499999998,42.01681099906172],[-122.53733299999998,42.01655599906172],[-122.53824000000003,42.016572999061715],[-122.53841200000002,42.0163529990617],[-122.53826699999998,42.01601999906169],[-122.538262,42.01581699906171],[-122.53842000000002,42.015513999061724],[-122.538357,42.01526799906172],[-122.53782,42.01496699906171],[-122.53734300000004,42.01460499906173],[-122.536517,42.01443399906173],[-122.53599100000001,42.014296999061706],[-122.53573700000003,42.01404199906172],[-122.53566100000003,42.01358799906173],[-122.53536800000002,42.01316399906174],[-122.53496900000005,42.01275199906173],[-122.534907,42.012472999061714],[-122.53526299999999,42.01222799906173],[-122.535623,42.01217999906173],[-122.53617500000003,42.01214699906172],[-122.53663000000002,42.01203199906172],[-122.53714900000001,42.01181299906172],[-122.53745899999997,42.01150299906173],[-122.53779900000004,42.01114799906173],[-122.53811599999999,42.01077199906173],[-122.53873000000003,42.01040399906174],[-122.53919900000002,42.009965999061734],[-122.539432,42.00993599906174],[-122.53967000000003,42.00990599906174],[-122.540012,42.01006699906173],[-122.54017600000002,42.01023999906173],[-122.54028500000004,42.01052399906173],[-122.54063500000001,42.01077799906173],[-122.541124,42.010914999061725],[-122.54159200000002,42.01115599906173],[-122.541771,42.01136299906173],[-122.541696,42.011653999061735],[-122.542095,42.012591999061726],[-122.54255899999998,42.01260899906172],[-122.54326100000003,42.01278199906173],[-122.544006,42.013239999061724],[-122.54460300000002,42.01370499906174],[-122.54511400000003,42.01431299906173],[-122.54529000000001,42.014622999061714],[-122.54568899999998,42.01479999906173],[-122.54618400000001,42.01524299906172],[-122.546942,42.01561899906172],[-122.547578,42.0158719990617],[-122.54766699999999,42.0159069990617],[-122.54792,42.01603599906171],[-122.54810200000004,42.01585299906171],[-122.548897,42.01423799906171],[-122.54890700000001,42.01354199906172],[-122.549004,42.01317399906171],[-122.54925,42.012929999061726],[-122.54959200000003,42.01270199906172],[-122.54994100000006,42.01241299906172],[-122.55058799999999,42.01200599906172],[-122.55116700000002,42.01180299906174],[-122.55156100000002,42.011589999061734],[-122.55270499999999,42.01089199906173],[-122.55335400000004,42.01053499906172],[-122.55399100000004,42.010379999061726],[-122.55454,42.01057599906174],[-122.55487800000002,42.01096199906172],[-122.555333,42.01135099906173],[-122.555733,42.01187299906174],[-122.55599800000002,42.01225399906172],[-122.55631900000002,42.01250799906172],[-122.55679500000001,42.01276499906172],[-122.55748899999998,42.01289999906174],[-122.55810099999998,42.012986999061724],[-122.558826,42.01308299906172],[-122.559314,42.013219999061725],[-122.55976900000003,42.01362599906172],[-122.56005200000001,42.014224999061724],[-122.560083,42.01465799906171],[-122.559958,42.01517999906173],[-122.56001999999998,42.01546599906173],[-122.56007199999999,42.01570999906172],[-122.56023499999999,42.01620699906172],[-122.56059,42.01674599906172],[-122.56113199999999,42.01740299906173],[-122.56178500000001,42.0180639990617],[-122.56266099999999,42.018431999061704],[-122.56314199999997,42.018563999061705],[-122.56349200000002,42.01880099906171],[-122.563828,42.0191209990617],[-122.56411899999999,42.01918099906172],[-122.56422800000004,42.01920399906171],[-122.56493399999998,42.0191079990617],[-122.56565099999999,42.018757999061705],[-122.56573599999999,42.018715999061705],[-122.56577399999999,42.01842499906171],[-122.56600599999999,42.01818699906171],[-122.56631999999999,42.018013999061715],[-122.56665,42.01791699906171],[-122.567284,42.01793699906171],[-122.56779499999999,42.01776699906172],[-122.567907,42.01742099906172],[-122.56821200000002,42.01716499906172],[-122.56870199999999,42.01690799906172],[-122.56882999999999,42.01688199906171],[-122.56907500000001,42.016831999061715],[-122.56937900000003,42.01696599906171],[-122.569664,42.01721999906171],[-122.57015999999999,42.01743399906171],[-122.570364,42.01764499906171],[-122.57036799999999,42.017924999061705],[-122.57012,42.018009999061704],[-122.56991499999998,42.0180939990617],[-122.57006500000004,42.01823999906171],[-122.57035300000001,42.018258999061715],[-122.57085100000005,42.01817099906171],[-122.57139600000001,42.01818199906171],[-122.57199300000002,42.01814199906171],[-122.572204,42.018084999061706],[-122.57265200000002,42.01793799906171],[-122.572744,42.01790299906172],[-122.573441,42.01763799906171],[-122.57378300000003,42.01733899906169],[-122.57428699999997,42.017190999061704],[-122.57483700000003,42.017052999061704],[-122.57540799999997,42.01684399906171],[-122.57657800000001,42.016332999061696]]},"id":"003c0000000000000777","properties":{"fullname":"41-2E-10.1","linearid":"110340487474","mtfcc":"S1400","rttyp":"M"}},{"type":"Feature","geometry":{"type":"LineString","coordinates":[[-122.40271300000003,42.01771299906171],[-122.40262799999998,42.01788599906172],[-122.40263300000002,42.01824199906172],[-122.40267399999998,42.019141999061695],[-122.40265099999999,42.0196339990617],[-122.40281699999996,42.0198569990617],[-122.40314599999999,42.0202169990617],[-122.403335,42.02054899906169],[-122.40346000000001,42.0210529990617],[-122.40339599999999,42.0217709990617],[-122.40321600000001,42.0225109990617],[-122.40298600000003,42.022988999061695],[-122.4025,42.02355599906169],[-122.40211000000002,42.023963999061685],[-122.401791,42.0243609990617],[-122.40152700000003,42.024639999061684],[-122.40145100000004,42.02469599906168],[-122.40065500000004,42.02465799906169],[-122.399969,42.024612999061674],[-122.39939700000005,42.02475399906169],[-122.39871099999999,42.025057999061694]]},"id":"003c0000000000000791","properties":{"fullname":"41-2E-10.1","linearid":"110340487476","mtfcc":"S1400","rttyp":"M"}},{"type":"Feature","geometry":{"type":"LineString","coordinates":[[-122.40214399999999,42.00862899906174],[-122.40214800000001,42.008733999061725],[-122.40211100000002,42.00909299906174],[-122.40195100000003,42.010117999061734],[-122.401581,42.010409999061736],[-122.401185,42.01066699906173],[-122.401128,42.01070399906173],[-122.40058900000001,42.011062999061735],[-122.40005,42.011482999061734],[-122.399635,42.011687999061735],[-122.39944600000001,42.01190299906173],[-122.39925299999999,42.01240199906174],[-122.399087,42.012627999061735],[-122.399048,42.01298399906173],[-122.39903799999998,42.01325799906173],[-122.399177,42.013717999061726],[-122.399659,42.01399899906173],[-122.40020300000003,42.01452199906173],[-122.400578,42.01492999906172],[-122.40104800000005,42.01545899906173],[-122.40124300000002,42.01569299906173],[-122.401983,42.016525999061706],[-122.40232,42.01697899906171],[-122.402356,42.01694599906172],[-122.40271300000003,42.01771299906171]]},"id":"003c0000000000000792","properties":{"fullname":"41-2E-10.1","linearid":"110340487475","mtfcc":"S1400","rttyp":"M"}},{"type":"Feature","geometry":{"type":"LineString","coordinates":[[-122.56882999999999,42.01688199906171],[-122.56886000000003,42.016669999061705],[-122.56906200000002,42.01649799906171],[-122.569361,42.01641599906172],[-122.56937900000003,42.016396999061705],[-122.56964700000002,42.01588899906171],[-122.569839,42.01546499906172],[-122.570076,42.01512199906171],[-122.57034700000001,42.01462099906171],[-122.57092000000003,42.01454299906172],[-122.571573,42.01448699906171],[-122.57187300000001,42.01436299906172],[-122.57199000000004,42.01427899906172]]},"id":"003c00000000000007d0","properties":{"fullname":"41-2E-10.2","linearid":"110340487485","mtfcc":"S1400","rttyp":"M"}},{"type":"Feature","geometry":{"type":"LineString","coordinates":[[-122.20737799999999,42.24198399906098],[-122.207907,42.241877999060975],[-122.209926,42.241490999060986],[-122.21052800000001,42.241381999060984],[-122.21160300000001,42.241156999061],[-122.21255499999998,42.24097299906099],[-122.21313700000002,42.240868999060986],[-122.21347900000002,42.240812999060985],[-122.21365200000002,42.24079299906098],[-122.21385000000004,42.24077799906098],[-122.21424800000001,42.24076499906099],[-122.21487300000004,42.240757999060975],[-122.215603,42.24072499906099],[-122.21615400000002,42.24071299906098],[-122.21664600000003,42.24072199906099],[-122.21788300000003,42.240779999061],[-122.21819900000001,42.240791999060974],[-122.21887300000003,42.240799999061],[-122.219672,42.240807999061],[-122.21990200000005,42.24081799906098],[-122.22010700000003,42.240832999061],[-122.22031199999999,42.240852999060984],[-122.22051599999999,42.240878999060975],[-122.22067800000002,42.24090799906099],[-122.22099900000003,42.240976999061],[-122.221161,42.24100399906098],[-122.22136100000002,42.241023999060985],[-122.22176400000001,42.241049999061],[-122.222174,42.24107999906097],[-122.22234900000001,42.24108299906099],[-122.22252499999996,42.241080999061005],[-122.22294800000003,42.24105999906098],[-122.22323100000001,42.24105799906098],[-122.223371,42.24106499906099],[-122.223525,42.241080999061005],[-122.223677,42.241103999060975],[-122.22381900000002,42.241131999061],[-122.22464899999997,42.24132399906099],[-122.224927,42.24137999906098],[-122.225161,42.24141899906099],[-122.225397,42.24145199906099],[-122.225598,42.241469999060975],[-122.22621300000002,42.24150699906099],[-122.22663299999998,42.24152399906098],[-122.22686200000001,42.24151999906099],[-122.22777700000002,42.24148199906097],[-122.22789799999997,42.24148499906098],[-122.22800000000001,42.24149299906098],[-122.22820300000002,42.24152399906098],[-122.22841100000004,42.24157899906099],[-122.22902599999999,42.24176499906098],[-122.22936100000003,42.24187699906099],[-122.229587,42.241946999060985],[-122.22996500000002,42.242045999060984],[-122.23044600000001,42.24214299906098],[-122.23054299999998,42.24215799906098],[-122.23064100000002,42.242167999060975],[-122.23079400000002,42.24217199906098],[-122.23095999999998,42.24216199906098],[-122.231069,42.24214899906099],[-122.231178,42.24212999906099],[-122.23128600000003,42.242105999060975],[-122.231391,42.24209499906098],[-122.23162599999999,42.24201999906098],[-122.23184300000001,42.241967999060975],[-122.23221900000003,42.241863999060975],[-122.23237900000005,42.24181599906098],[-122.23253299999999,42.24176099906097],[-122.232669,42.241703999060974],[-122.23280100000004,42.24163999906097],[-122.233055,42.241502999060984],[-122.23319399999998,42.24141999906098],[-122.23346000000002,42.24124299906098],[-122.23407100000001,42.24082499906099],[-122.234222,42.24071199906098],[-122.23445099999999,42.24051399906097]]},"id":"003c000000000000180a","properties":{"fullname":"N Surveyor","linearid":"1102281939939","mtfcc":"S1400","rttyp":"M"}},{"type":"Feature","geometry":{"type":"LineString","coordinates":[[-122.257109,42.23767399906098],[-122.257116,42.237642999060995],[-122.25715299999999,42.237190999061],[-122.25719200000002,42.23698399906099],[-122.25721700000004,42.23688399906099],[-122.25728400000003,42.236725999061],[-122.257328,42.23665099906099],[-122.25744499999998,42.236498999061],[-122.257521,42.236422999061],[-122.25763300000001,42.236248999061004]]},"id":"003c000000000000189e","properties":{"fullname":"N Surveyor","linearid":"1102291062671","mtfcc":"S1400","rttyp":"M"}},{"type":"Feature","geometry":{"type":"LineString","coordinates":[[-122.25334300000002,42.24305799906097],[-122.25332300000007,42.24295099906099],[-122.25328000000002,42.24249999906098],[-122.25328400000001,42.242434999060976],[-122.25329900000003,42.242371999060985]]},"id":"003c00000000000018a0","properties":{"fullname":"N Surveyor","linearid":"1102304486541","mtfcc":"S1400","rttyp":"M"}},{"type":"Feature","geometry":{"type":"LineString","coordinates":[[-122.577957,42.0207299990617],[-122.57808400000002,42.02066599906169],[-122.578516,42.02061199906168]]},"id":"003c00000000000007ce","properties":{"fullname":"Pilot Rock","linearid":"110340488399","mtfcc":"S1400","rttyp":"M"}},{"type":"Feature","geometry":{"type":"LineString","coordinates":[[-122.193182,42.23128499906101],[-122.19312200000002,42.23125899906103],[-122.19297,42.23118099906101],[-122.19281300000002,42.231106999061026],[-122.192371,42.230922999061015],[-122.192289,42.23088399906102],[-122.19214500000004,42.23078999906102],[-122.19183800000002,42.23055999906101],[-122.191645,42.23045399906102],[-122.191569,42.23039499906103],[-122.19150100000002,42.23032999906102],[-122.191427,42.23016799906101]]},"id":"003c00000000000017c3","properties":{"fullname":"Rock Slide","linearid":"1102282462418","mtfcc":"S1400","rttyp":"M"}},{"type":"Feature","geometry":{"type":"LineString","coordinates":[[-122.17675600000001,42.22414799906103],[-122.17689200000001,42.22415799906105],[-122.176941,42.22415699906103],[-122.17698799999998,42.22414799906103],[-122.17705200000003,42.22412199906105],[-122.17712600000002,42.224060999061024],[-122.17716700000003,42.22402199906104],[-122.177326,42.223908999061024],[-122.17746499999998,42.22382099906104],[-122.177638,42.22371999906104],[-122.17772899999999,42.22367499906105],[-122.177823,42.22363499906104],[-122.17792699999998,42.223598999061046],[-122.17803400000003,42.223567999061046],[-122.17814400000002,42.22354499906105],[-122.17828200000001,42.22352399906103],[-122.17835300000002,42.22351799906104],[-122.17842300000004,42.223516999061026],[-122.17849300000003,42.22352199906105],[-122.178577,42.22353699906105],[-122.178782,42.22359299906104],[-122.17890200000002,42.22363199906105],[-122.179019,42.223676999061034],[-122.17913100000001,42.22372599906103],[-122.179239,42.223781999061025],[-122.17975400000003,42.22407599906103],[-122.18081700000003,42.22464799906104],[-122.18105200000002,42.22478999906103],[-122.18119600000003,42.224886999061034],[-122.18133500000002,42.224987999061035],[-122.181537,42.22514399906104],[-122.18182100000003,42.22538099906103],[-122.18192000000005,42.22547799906103],[-122.18203900000003,42.22561499906103],[-122.182093,42.22568699906103],[-122.182186,42.22583499906102],[-122.182223,42.225910999061036],[-122.18225700000002,42.22600499906103],[-122.182358,42.22635099906103],[-122.18241300000004,42.22650399906102],[-122.18248200000001,42.226654999061026],[-122.18255999999998,42.22680299906103],[-122.18266500000001,42.226965999061015],[-122.18271100000001,42.227048999061026],[-122.182753,42.22714899906103],[-122.18278600000001,42.22725199906104],[-122.182814,42.227385999061035],[-122.18284799999999,42.22747399906103],[-122.18308100000003,42.22793099906102],[-122.18313100000002,42.228054999061015],[-122.18317700000006,42.228205999061025],[-122.183184,42.22827699906102],[-122.183172,42.22842099906102],[-122.18310500000003,42.22861999906101],[-122.18308300000004,42.228668999061014]]},"id":"003c00000000000017c7","properties":{"fullname":"Rock Slide","linearid":"1102314593318","mtfcc":"S1400","rttyp":"M"}},{"type":"Feature","geometry":{"type":"LineString","coordinates":[[-122.17607000000001,42.22642299906103],[-122.175995,42.22638099906105],[-122.175951,42.22634699906103],[-122.1759,42.22629199906104],[-122.175869,42.226236999061044],[-122.175848,42.226164999061034],[-122.17585199999999,42.226085999061034],[-122.175863,42.226047999061024],[-122.175923,42.22596099906103],[-122.176061,42.225884999061016]]},"id":"003c00000000000017d2","properties":{"fullname":"Rock Slide","linearid":"1102284012260","mtfcc":"S1400","rttyp":"M"}},{"type":"Feature","geometry":{"type":"LineString","coordinates":[[-122.26037700000002,42.23765499906099],[-122.26020700000001,42.23755399906099],[-122.26004000000003,42.237469999061],[-122.25987300000001,42.23736399906099],[-122.25959800000001,42.23715599906099],[-122.25953700000001,42.237102999060994],[-122.259436,42.236994999061],[-122.259397,42.236939999061],[-122.25937400000005,42.236892999061],[-122.25935800000003,42.236844999061],[-122.25934800000002,42.23679499906101],[-122.25934900000003,42.236698999061005],[-122.259334,42.23661199906101],[-122.25931600000003,42.236571999061],[-122.25929200000003,42.23654199906101],[-122.25926,42.23651499906099],[-122.25898000000002,42.23635399906098],[-122.25885300000002,42.236286999060994],[-122.25872200000002,42.23622399906098],[-122.25858500000002,42.236135999061],[-122.258223,42.235889999060994]]},"id":"003c000000000000189b","properties":{"fullname":"W Fork Spr","linearid":"1102302501693","mtfcc":"S1400","rttyp":"M"}},{"type":"Feature","geometry":{"type":"LineString","coordinates":[[-122.55347499999999,42.10941399906142],[-122.55351299999998,42.1095439990614],[-122.55357000000004,42.109827999061416],[-122.553547,42.110195999061396],[-122.55350299999999,42.110585999061406],[-122.55338699999999,42.1110419990614],[-122.553262,42.111503999061405],[-122.553091,42.1118509990614],[-122.553139,42.11203099906139],[-122.55340000000002,42.112154999061396],[-122.55374100000002,42.112271999061406],[-122.553974,42.11214899906139],[-122.55437300000003,42.111821999061405],[-122.554745,42.1115929990614],[-122.555217,42.1119949990614],[-122.55548200000001,42.11242499906139],[-122.555762,42.112751999061395],[-122.556297,42.11306499906139],[-122.55688699999999,42.113453999061385],[-122.55826800000001,42.11433999906139],[-122.55875,42.11460399906139],[-122.55902400000002,42.11501799906139],[-122.55918400000004,42.11530099906139],[-122.55974100000003,42.11552599906139],[-122.56025300000002,42.115685999061384],[-122.560729,42.11598799906138],[-122.56087799999997,42.116414999061384],[-122.560756,42.11696899906138],[-122.56151,42.11752099906139],[-122.56178400000005,42.11760699906139],[-122.56227899999999,42.11765699906137],[-122.56307799999999,42.11784099906138],[-122.563319,42.11809099906137],[-122.563518,42.11848399906137],[-122.56385499999999,42.11875399906138],[-122.56438699999998,42.11924799906137],[-122.56501900000004,42.11991099906136],[-122.56556100000005,42.12050399906136],[-122.566289,42.12122599906137],[-122.56680700000001,42.12171999906137],[-122.566884,42.12193299906137],[-122.56752300000001,42.12252999906136],[-122.567809,42.12294399906136],[-122.56769300000002,42.12305999906137],[-122.56741000000002,42.123226999061366],[-122.567037,42.12338399906137],[-122.56686200000001,42.12351199906136],[-122.566581,42.12382199906137],[-122.56646799999999,42.12400899906135],[-122.56640800000001,42.12444299906136],[-122.56631199999998,42.12476799906136],[-122.56634100000002,42.12513499906136],[-122.566458,42.12548499906134],[-122.56665100000002,42.12599299906136],[-122.56640500000002,42.12686999906134],[-122.56638399999999,42.12712499906135],[-122.566355,42.12746899906136],[-122.56634199999999,42.12762099906134],[-122.56631999999999,42.12811799906135],[-122.56625300000003,42.12837199906134],[-122.56608799999998,42.12869299906134],[-122.565712,42.12914099906135],[-122.565506,42.12923099906134],[-122.56537700000003,42.12928699906134],[-122.56468500000001,42.129271999061345],[-122.564297,42.129362999061314],[-122.564088,42.12949899906133],[-122.56413200000001,42.12970399906133],[-122.56440199999996,42.12984899906134],[-122.56495282895033,42.13011201576852]]},"id":"003c0000000000000a27","properties":{"fullname":"39-2E-34 Rd","linearid":"110340482655","mtfcc":"S1400","rttyp":"M"}},{"type":"Feature","geometry":{"type":"LineString","coordinates":[[-122.255495,42.25986499906094],[-122.255614,42.25980899906092],[-122.25576599999998,42.25976299906092],[-122.255913,42.25972599906094],[-122.25607000000001,42.25967899906093],[-122.25693600000002,42.25935699906093],[-122.259001,42.258533999060916],[-122.259806,42.25822299906093],[-122.26006799999999,42.25811599906094],[-122.26059599999999,42.25789099906094],[-122.26078800000003,42.25782899906094],[-122.261004,42.25774899906092],[-122.26135999999998,42.25760799906094],[-122.262509,42.257118999060935],[-122.26481599999998,42.25615599906092],[-122.26512200000003,42.25603299906095],[-122.265694,42.25581899906095],[-122.26582600000002,42.25577399906094],[-122.266029,42.255717999060934],[-122.266165,42.25569099906093],[-122.266236,42.25568599906093],[-122.26630799999998,42.25568699906094],[-122.266378,42.25569399906093],[-122.266447,42.25570799906093],[-122.26651399999999,42.255726999060954],[-122.266622,42.255764999060936],[-122.26674200000002,42.255820999060944],[-122.26681800000001,42.255863999060935],[-122.26701000000001,42.25598999906092],[-122.267314,42.256218999060955],[-122.26808700000002,42.25685399906094],[-122.26814400000002,42.256893999060935],[-122.26820500000002,42.25692999906094],[-122.268282,42.256961999060934],[-122.268447,42.25700999906094],[-122.26853400000003,42.257028999060935],[-122.268623,42.25704199906093],[-122.26880500000001,42.25705699906094],[-122.26902999999999,42.25706799906093],[-122.26916500000002,42.257067999060936],[-122.26929399999999,42.257058999060924],[-122.26942200000003,42.25704299906094],[-122.26970299999999,42.25698899906094],[-122.269742,42.256972999060935],[-122.270821,42.25665099906094],[-122.27157300000002,42.25644199906093],[-122.271827,42.25638099906093],[-122.272082,42.256325999060934],[-122.272599,42.25622999906094],[-122.273016,42.256167999060935],[-122.27314699999998,42.25620699906094],[-122.27407300000003,42.25633299906094],[-122.274938,42.25643999906094],[-122.27569300000002,42.25651799906093],[-122.276142,42.25655199906092],[-122.27638900000002,42.25655699906095],[-122.276627,42.256544999060935],[-122.276878,42.25651499906094],[-122.27744600000001,42.25645599906094],[-122.27760400000003,42.25644299906094],[-122.27776200000001,42.256434999060936],[-122.27792999999998,42.25643599906095],[-122.27880900000002,42.25646599906093],[-122.27907900000002,42.25648099906094],[-122.279388,42.25650799906093],[-122.279697,42.25654199906094],[-122.28042500000001,42.256634999060935],[-122.280583,42.25668499906093],[-122.28080900000002,42.25676399906093],[-122.28091700000002,42.25681099906094],[-122.28105899999998,42.25688499906093],[-122.28118200000007,42.25696599906093],[-122.28122900000002,42.25711599906094],[-122.28123599999998,42.257203999060934],[-122.28122400000004,42.25726699906093],[-122.28117600000004,42.25744599906095],[-122.28113600000002,42.25764399906093],[-122.28110599999998,42.257885999060925],[-122.281081,42.25815399906093],[-122.28107700000004,42.25828899906093],[-122.28108,42.258460999060915],[-122.28109,42.25854599906093],[-122.28111700000002,42.258648999060924],[-122.28118200000007,42.258853999060925],[-122.28139800000004,42.259482999060936],[-122.28158900000003,42.26006299906093],[-122.28162300000001,42.26019399906092],[-122.28165100000001,42.260361999060926],[-122.28165400000006,42.26044599906094],[-122.28164400000007,42.2605369990609],[-122.28158099999999,42.26079499906093],[-122.28151,42.26101799906092],[-122.28147500000003,42.26110799906092],[-122.28138299999998,42.261257999060916],[-122.281061,42.261716999060916],[-122.28103199999998,42.26177199906093],[-122.28101200000006,42.26182899906092],[-122.28100500000001,42.26188199906091],[-122.28101,42.26199099906093],[-122.281022,42.262076999060916],[-122.28104299999998,42.26216299906092],[-122.281101,42.26230399906092],[-122.28117,42.26241499906091],[-122.28121200000001,42.26246699906092],[-122.28134600000006,42.262576999060926],[-122.28157399999999,42.26273699906092],[-122.28164800000003,42.26279399906091],[-122.281768,42.26290899906092],[-122.281822,42.26296999906093],[-122.28186900000001,42.263033999060916],[-122.28194700000002,42.263174999060915],[-122.281991,42.26326799906091],[-122.28202700000003,42.26336299906092],[-122.28204699999998,42.2634419990609],[-122.28208100000003,42.26372299906091],[-122.28210099999998,42.2640889990609],[-122.28217199999999,42.264924999060916],[-122.282284,42.26606399906091],[-122.282315,42.266302999060905],[-122.28232300000003,42.26642199906091],[-122.282321,42.2665919990609],[-122.282312,42.26667699906091],[-122.282296,42.2667599990609],[-122.28224800000001,42.26692399906091],[-122.28220200000001,42.267050999060906],[-122.282149,42.26717599906089],[-122.282072,42.267337999060906],[-122.28202700000003,42.26741699906091],[-122.28197199999998,42.26749799906091],[-122.28179700000001,42.2677079990609],[-122.28175431499383,42.26773864472521]]},"id":"003c00000000000016b9","properties":{"fullname":"Baldy Ridge","linearid":"1102286029661","mtfcc":"S1400","rttyp":"M"}},{"type":"Feature","geometry":{"type":"LineString","coordinates":[[-122.32116800000001,42.222448999061044],[-122.320887,42.22263599906105],[-122.320086,42.22280999906104],[-122.31862900000003,42.22314399906104],[-122.3178,42.22353199906103],[-122.31714600000004,42.22381199906104],[-122.316624,42.22403999906103],[-122.31613000000004,42.224466999061036],[-122.31592900000004,42.22486799906104],[-122.31580900000002,42.225388999061025],[-122.315729,42.22569699906102],[-122.31556899999998,42.22590999906103],[-122.315275,42.22615099906103],[-122.31507400000004,42.22633799906103],[-122.31478,42.22677899906104],[-122.314687,42.227099999061046],[-122.31466000000003,42.22760799906102],[-122.31471300000001,42.22788799906104],[-122.31486000000001,42.228074999061015],[-122.315021,42.22832899906103],[-122.315021,42.22855699906103],[-122.31495400000001,42.228863999061026],[-122.31478,42.22934499906101],[-122.31479400000002,42.229625999061014],[-122.31495400000001,42.22987999906103],[-122.31520800000001,42.23013299906102],[-122.315341,42.23032099906102],[-122.315341,42.23046799906103],[-122.31523500000002,42.23064099906101],[-122.31478,42.23082799906102],[-122.31432400000003,42.23097299906102],[-122.31396499999998,42.23114899906102],[-122.31371100000001,42.23140299906102],[-122.313585,42.23163999906101],[-122.313367,42.23208599906102],[-122.31311200000002,42.232663999060996],[-122.31272500000004,42.23304999906101],[-122.31195400000001,42.23351399906099],[-122.31147000000001,42.23395999906101],[-122.31115600000001,42.23433499906101],[-122.310922,42.234742999061005],[-122.310934,42.235545999060996],[-122.310778,42.23627199906099],[-122.31053600000006,42.236723999061006],[-122.310111,42.237081999061004],[-122.30949800000002,42.23777099906099],[-122.30884599999999,42.238338999061],[-122.308325,42.238972999061],[-122.30793900000002,42.23961199906099],[-122.30759900000002,42.240574999060975],[-122.30744299999999,42.24141699906098],[-122.30734400000006,42.24214899906099],[-122.30726900000002,42.24305099906098],[-122.30730255032964,42.243551517033424]]},"id":"003c000000000000187b","properties":{"fullname":"Big Draw Rd","linearid":"110340482898","mtfcc":"S1400","rttyp":"M"}},{"type":"Feature","geometry":{"type":"LineString","coordinates":[[-122.45589034286431,41.97490205636548],[-122.45603499999999,41.97513599906185],[-122.456109,41.975238999061844],[-122.45622999999999,41.97537799906185],[-122.456579,41.975714999061864],[-122.45660900000001,41.97572799906185],[-122.45668699999999,41.97574499906185]]},"id":"003c00000000000006ec","properties":{"fullname":"Big Rock Rd","linearid":"1101917549069","mtfcc":"S1400","rttyp":"M"}},{"type":"Feature","geometry":{"type":"LineString","coordinates":[[-122.34616099999998,42.18583299906116],[-122.34689800000002,42.18568999906117],[-122.34851699999999,42.18640599906115],[-122.350252,42.18763999906115],[-122.35099900000003,42.189261999061145],[-122.35025299999998,42.19105699906115],[-122.349468,42.19151599906115],[-122.34842000000003,42.19324199906114],[-122.34884400000003,42.194051999061145],[-122.35044799999999,42.194247999061126],[-122.35260199999998,42.19614399906113],[-122.35260800000003,42.19640499906114]]},"id":"003c0000000000000abe","properties":{"fullname":"Blue Jay Rd","linearid":"110340482914","mtfcc":"S1400","rttyp":"M"}},{"type":"Feature","geometry":{"type":"LineString","coordinates":[[-122.187777,42.220122999061054],[-122.18738200000001,42.21991899906106],[-122.187243,42.219840999061056],[-122.18711200000001,42.21976099906104],[-122.18611200000001,42.21910899906106],[-122.18594999999998,42.21900699906106],[-122.18568299999998,42.21885399906106],[-122.185544,42.218782999061055],[-122.18531400000003,42.21868099906105],[-122.18504600000001,42.218583999061046],[-122.184897,42.218541999061046],[-122.18459500000002,42.218465999061046],[-122.18431200000003,42.218372999061046],[-122.18417700000003,42.21831899906107],[-122.18407900000001,42.21826999906105],[-122.18398500000004,42.21821699906105],[-122.18361399999999,42.21798999906106],[-122.18343099999998,42.217869999061044],[-122.18325300000005,42.21774499906106],[-122.18300000000004,42.217548999061044],[-122.182752,42.217342999061046],[-122.18234300000002,42.216981999061076],[-122.182048,42.216711999061076],[-122.181991,42.21664999906107],[-122.18194400000003,42.216574999061066],[-122.18190599999998,42.21649499906106],[-122.18186300000005,42.21641799906105],[-122.18176399999999,42.21627999906106],[-122.181706,42.21621499906106],[-122.18163799999999,42.21615099906106],[-122.18156300000003,42.21609099906107],[-122.181401,42.21598199906106],[-122.18130300000001,42.21592699906107],[-122.18119999999999,42.21587799906106],[-122.181093,42.21583299906107],[-122.18079100000003,42.21571599906108],[-122.180364,42.21557099906106],[-122.18026900000001,42.21554299906106],[-122.179979,42.21546999906107],[-122.17939200000002,42.21534099906105],[-122.179199,42.21529199906106],[-122.17867799999999,42.21513399906107],[-122.17835900000003,42.21502999906105],[-122.17804399999999,42.214920999061064],[-122.17773200000002,42.214806999061075],[-122.177464,42.21470199906107],[-122.1772,42.214592999061075],[-122.176971,42.21449199906107],[-122.17674500000001,42.21438699906106],[-122.17652399999997,42.21427699906107],[-122.17630700000001,42.21416199906106],[-122.176055,42.21402099906106],[-122.17593299999999,42.21394699906107],[-122.17572599999998,42.213803999061064],[-122.17555500000005,42.21366499906108],[-122.175476,42.21359199906106],[-122.17540300000003,42.213515999061066],[-122.17533299999998,42.213427999061075],[-122.175212,42.21324199906108],[-122.175145,42.21315299906108],[-122.17498800000001,42.21298099906106],[-122.17490400000001,42.21289799906108],[-122.174722,42.21273999906107],[-122.17456200000001,42.21262499906108],[-122.17436500000002,42.212508999061065],[-122.17423599999996,42.21242799906108],[-122.17411500000004,42.21233999906107],[-122.173999,42.212246999061065],[-122.173518,42.211842999061076],[-122.17258400000003,42.21102899906107],[-122.172473,42.21094899906107]]},"id":"003c00000000000017da","properties":{"fullname":"Catch Up Rd","linearid":"1102302120262","mtfcc":"S1400","rttyp":"M"}},{"type":"Feature","geometry":{"type":"LineString","coordinates":[[-122.62064699999999,42.07419999906151],[-122.62068599999999,42.07419799906152],[-122.62071700000001,42.07419599906152]]},"id":"003c0000000000000812","properties":{"fullname":"Colestin Rd","linearid":"110340483123","mtfcc":"S1400","rttyp":"M"}},{"type":"Feature","geometry":{"type":"LineString","coordinates":[[-122.21618600000001,42.222171999061054],[-122.21630800000001,42.222057999061036],[-122.21639400000002,42.221991999061046],[-122.21647300000001,42.221922999061036],[-122.21654500000001,42.22184999906105],[-122.216654,42.22170699906104],[-122.21683500000003,42.22144899906104],[-122.216883,42.22138999906103],[-122.216937,42.22133499906105],[-122.21699800000002,42.22128399906104],[-122.21713300000002,42.22118999906103],[-122.217212,42.22115099906105],[-122.21738400000002,42.221084999061055],[-122.217464,42.221045999061054],[-122.217591,42.22096599906105],[-122.217648,42.22092199906106],[-122.21769800000004,42.220872999061044],[-122.21773400000002,42.22082199906105],[-122.217798,42.22071599906106],[-122.21783600000002,42.22067299906104],[-122.21792400000001,42.220593999061045],[-122.217972,42.220557999061036],[-122.21807899999999,42.22049199906106],[-122.21819400000001,42.22043599906105],[-122.21829800000002,42.22039499906106],[-122.21843300000002,42.22035299906105],[-122.21851400000001,42.22031599906105],[-122.21858900000002,42.22027399906106],[-122.21880599999999,42.22013799906105],[-122.219323,42.21983899906105],[-122.21967100000003,42.21962099906106],[-122.21973299999999,42.21957199906104]]},"id":"003c00000000000017ef","properties":{"fullname":"Forked Horn","linearid":"1102302045918","mtfcc":"S1400","rttyp":"M"}},{"type":"Feature","geometry":{"type":"LineString","coordinates":[[-122.23246800000001,42.234528999061006],[-122.231922,42.233975999061],[-122.23169299999998,42.233758999060996],[-122.23159100000004,42.233675999061006],[-122.231483,42.233595999061],[-122.23136900000003,42.23352099906101],[-122.23130300000001,42.233488999061],[-122.23127900000003,42.233468999060996],[-122.23126799999999,42.23344599906101],[-122.231264,42.233418999061],[-122.231267,42.23339399906101],[-122.23128199999996,42.233365999061014],[-122.23135700000003,42.233297999061],[-122.231498,42.233230999061014],[-122.23154900000003,42.23319999906101],[-122.23159700000001,42.23315699906101],[-122.23163900000003,42.233109999061014],[-122.231676,42.23305999906101],[-122.23170500000003,42.23300699906102],[-122.23172600000001,42.23295499906101],[-122.23179199999998,42.23272599906099],[-122.23188800000001,42.23243499906101],[-122.23190400000003,42.232347999061005]]},"id":"003c0000000000001804","properties":{"fullname":"Forked Horn","linearid":"1102282523744","mtfcc":"S1400","rttyp":"M"}},{"type":"Feature","geometry":{"type":"LineString","coordinates":[[-122.337977,42.186090999061165],[-122.33723100000005,42.186695999061165],[-122.33710699999999,42.18676799906116],[-122.33655600000004,42.18708899906117],[-122.33545999999998,42.18752599906115],[-122.33525899999998,42.18755599906116],[-122.33413700000003,42.18772499906116],[-122.33307299999998,42.18768299906116],[-122.332387,42.187559999061165],[-122.331471,42.18755699906115],[-122.33086599999999,42.18754499906116],[-122.33014299999998,42.187382999061164],[-122.329466,42.187006999061154],[-122.32900500000001,42.186515999061164],[-122.32862700000001,42.18602599906116]]},"id":"003c0000000000000aec","properties":{"fullname":"Jenny Creek","linearid":"110340489413","mtfcc":"S1400","rttyp":"M"}},{"type":"Feature","geometry":{"type":"LineString","coordinates":[[-122.30703531231279,42.17229476486943],[-122.30834899999999,42.17163399906121],[-122.30876400000002,42.171504999061206]]},"id":"003c0000000000000af1","properties":{"fullname":"Jenny Creek","linearid":"110340489412","mtfcc":"S1400","rttyp":"M"}},{"type":"Feature","geometry":{"type":"LineString","coordinates":[[-122.253335,42.22818599906103],[-122.25333700000002,42.22825499906102],[-122.253356,42.228447999061025],[-122.25336700000001,42.228640999061035],[-122.25337299999998,42.22904699906102],[-122.253351,42.22915199906101],[-122.25330100000002,42.22925399906103],[-122.25322500000003,42.229388999061015],[-122.25298200000002,42.22987099906102],[-122.252914,42.230034999061026],[-122.252849,42.230215999061016],[-122.25282100000001,42.230307999061026],[-122.25280100000003,42.23039999906102],[-122.25278999999999,42.23048699906102],[-122.25278700000001,42.230716999061016],[-122.25281,42.230883999061014],[-122.25282000000001,42.23099599906101],[-122.25282000000001,42.23110999906103],[-122.252799,42.231337999061026],[-122.25278300000002,42.23145199906101],[-122.25271899999997,42.23172199906101],[-122.25270999999998,42.23181099906102],[-122.25271100000003,42.23191499906101],[-122.252722,42.23201899906102],[-122.252734,42.232070999060994],[-122.25275200000002,42.23211999906102],[-122.252777,42.23216799906102],[-122.25282899999999,42.23224499906102],[-122.25285999999998,42.23228199906101],[-122.252894,42.232313999061],[-122.25292200000001,42.232331999060996],[-122.25293200000002,42.232338999061014],[-122.25296500000002,42.23235099906102],[-122.25300099999998,42.232357999061016],[-122.25308,42.232360999061015],[-122.25320700000002,42.232345999061],[-122.253356,42.232313999061],[-122.25349100000001,42.23226499906102],[-122.25355300000001,42.23223599906102],[-122.25362600000001,42.232193999061],[-122.25369400000001,42.23214599906102],[-122.25386200000003,42.23200499906101],[-122.253983,42.23188899906101],[-122.25405700000002,42.231807999061026],[-122.25419600000001,42.23164099906102],[-122.254368,42.231412999061014],[-122.25442600000002,42.231343999061],[-122.25448800000001,42.23128799906101],[-122.254555,42.23123499906102],[-122.25468000000001,42.23114599906102],[-122.254927,42.231016999061026],[-122.25503899999998,42.230943999061026],[-122.25508599999999,42.230901999061025],[-122.25511,42.23087399906103],[-122.25525800000001,42.23066499906103],[-122.255305,42.23060999906101],[-122.255347,42.23057499906102],[-122.25544500000001,42.23051599906102],[-122.255554,42.23046599906101],[-122.25575099999999,42.23039999906102],[-122.25593000000002,42.230323999061035],[-122.25603900000002,42.230249999061016]]},"id":"003c0000000000001894","properties":{"fullname":"Johnson Too","linearid":"1102304382449","mtfcc":"S1400","rttyp":"M"}},{"type":"Feature","geometry":{"type":"LineString","coordinates":[[-122.21702499999999,42.234984999061005],[-122.21709200000004,42.23480799906101],[-122.21714900000003,42.23459899906101],[-122.217207,42.23450399906101],[-122.21727799999998,42.23434099906101],[-122.21737300000002,42.234189999061],[-122.21744900000002,42.234096999061],[-122.217534,42.23400899906102],[-122.21763,42.233925999061],[-122.21773599999999,42.233848999060996],[-122.217999,42.233702999060995],[-122.21808199999998,42.233644999061006],[-122.21819799999997,42.23355199906101],[-122.218324,42.23341999906102],[-122.21839799999998,42.23331399906102],[-122.21842499999998,42.233258999061015],[-122.218442,42.233210999061],[-122.21846599999996,42.23311199906101],[-122.21846900000001,42.233010999061015],[-122.218461,42.23296199906102],[-122.21841899999998,42.23285699906102],[-122.21835400000003,42.23275599906102],[-122.21830900000003,42.23270299906102],[-122.21825799999999,42.23265299906103],[-122.21813899999998,42.232553999061025],[-122.218069,42.23250799906101],[-122.21791900000002,42.232421999061],[-122.21740899999999,42.23216499906101],[-122.21726300000002,42.23208199906101],[-122.21717100000002,42.232023999061006],[-122.217,42.23189699906101],[-122.21692400000003,42.231832999061],[-122.21687500000002,42.231781999061006],[-122.21684600000003,42.231726999061],[-122.216826,42.23165099906101],[-122.216828,42.23161299906101],[-122.21683800000002,42.231571999061],[-122.216882,42.231493999061016],[-122.21691200000001,42.23146299906101],[-122.216988,42.231409999061],[-122.21714299999998,42.23132899906103],[-122.21742700000001,42.23120399906101],[-122.21769800000001,42.23107699906102],[-122.21782699999999,42.23100699906101],[-122.21806699999999,42.23084199906101],[-122.21818999999999,42.23076199906101],[-122.21830400000002,42.23069899906102],[-122.21842300000003,42.230640999061],[-122.21852899999999,42.230598999061016],[-122.21886299999998,42.23049399906102],[-122.21931999999998,42.23033399906101],[-122.21958300000001,42.23025999906102],[-122.219755,42.23021899906101],[-122.22022000000001,42.23012999906101],[-122.22048800000003,42.230120999061015],[-122.22064200000003,42.230131999061015],[-122.220797,42.23013599906102],[-122.22095000000002,42.230131999061015],[-122.221188,42.23010999906103],[-122.22141800000001,42.23007399906101],[-122.22152999999997,42.23005199906102],[-122.221638,42.23002399906102],[-122.22169100000002,42.23000599906103],[-122.22184300000002,42.229940999061014],[-122.22200900000001,42.22988199906102],[-122.22220400000005,42.229832999061],[-122.222701,42.229722999061],[-122.22299500000004,42.229651999061026],[-122.22328800000001,42.229569999061034],[-122.223582,42.229473999061014],[-122.22381300000002,42.22938499906102]]},"id":"003c00000000000017ff","properties":{"fullname":"Kent Spur A","linearid":"1102314769808","mtfcc":"S1400","rttyp":"M"}},{"type":"Feature","geometry":{"type":"LineString","coordinates":[[-122.21247999999999,42.231498999061],[-122.212283,42.23124499906102],[-122.212253,42.23121699906102],[-122.21215699999999,42.23110799906102],[-122.21206700000003,42.230995999061015],[-122.211973,42.23086099906102],[-122.21180500000001,42.230583999061025],[-122.21165300000003,42.230300999061015],[-122.21159600000003,42.23020599906101],[-122.211588,42.230173999061016],[-122.211592,42.23013499906101],[-122.21162399999999,42.23005799906102],[-122.21165000000002,42.23002199906101],[-122.211683,42.22998899906102],[-122.21186100000004,42.22983599906101],[-122.21192100000002,42.22977299906103],[-122.21202000000001,42.229635999061],[-122.21210600000002,42.22949399906101],[-122.21217599999999,42.229388999061015],[-122.21229199999999,42.229230999061016],[-122.212358,42.229150999061034],[-122.212397,42.22911599906102],[-122.21244200000002,42.229084999061016],[-122.212511,42.229050999061016],[-122.212664,42.228996999061],[-122.21277600000002,42.22896399906102],[-122.21312300000001,42.22888199906102],[-122.21331499999998,42.228827999061025],[-122.21340600000002,42.22879499906102],[-122.21349,42.228751999061025],[-122.21381199999999,42.22856299906103],[-122.21389500000004,42.22851999906103],[-122.21398200000003,42.22848199906101],[-122.21407400000001,42.22845399906102],[-122.214265,42.228406999061015],[-122.21547000000001,42.228091999061014],[-122.21602200000002,42.22794099906103],[-122.21622399999998,42.227874999061015],[-122.216408,42.22779599906103],[-122.21685400000001,42.22756899906102],[-122.21716499999997,42.22739999906103],[-122.21752300000001,42.22717799906103],[-122.217662,42.227105999061024],[-122.218066,42.226928999061016],[-122.21830000000003,42.226874999061025],[-122.21849600000004,42.22686199906103],[-122.21869100000002,42.226857999061046],[-122.218886,42.226860999061024],[-122.218981,42.226867999061035],[-122.219267,42.22690099906104],[-122.219362,42.226901999061035],[-122.21954699999999,42.22687899906102],[-122.21995400000006,42.226812999061025],[-122.220065,42.22680199906102],[-122.22014700000003,42.22680199906102],[-122.22031100000001,42.226812999061025],[-122.220392,42.22680999906105],[-122.220432,42.22680399906103],[-122.220993,42.226667999061014],[-122.22115900000001,42.22663499906103]]},"id":"003c00000000000017f5","properties":{"fullname":"Kent Spur B","linearid":"1102284002513","mtfcc":"S1400","rttyp":"M"}},{"type":"Feature","geometry":{"type":"LineString","coordinates":[[-122.19402900000001,42.25253899906094],[-122.19406999999997,42.25229799906095],[-122.194148,42.252097999060936],[-122.19419,42.25194199906094],[-122.1942,42.25188599906095],[-122.194221,42.251659999060955],[-122.19423700000002,42.251546999060956],[-122.19429400000001,42.25127299906096],[-122.19433000000001,42.25113699906095],[-122.19437400000002,42.251002999060944],[-122.19446500000001,42.25078399906095],[-122.19450000000002,42.250729999060944],[-122.19458299999997,42.25030799906095],[-122.19462100000001,42.250059999060944],[-122.194661,42.249675999060976],[-122.194683,42.24914199906096],[-122.19460300000001,42.24890599906095]]},"id":"003c000000000000183f","properties":{"fullname":"Lost Road 1","linearid":"1102282384374","mtfcc":"S1400","rttyp":"M"}},{"type":"Feature","geometry":{"type":"LineString","coordinates":[[-122.18983800000001,42.250301999060966],[-122.189876,42.25037299906096],[-122.189938,42.250471999060956],[-122.19000900000002,42.250567999060955],[-122.190071,42.25063999906096],[-122.19013799999999,42.25070899906096],[-122.190244,42.25079899906096],[-122.19036200000004,42.25087899906094],[-122.19049000000001,42.25095099906096],[-122.19062400000006,42.25101499906095],[-122.190761,42.25107299906096],[-122.191002,42.25115699906095],[-122.191091,42.25118099906095],[-122.191275,42.25122299906095],[-122.19146299999997,42.25125399906095],[-122.19165399999999,42.25127499906093],[-122.19174900000003,42.25128199906096],[-122.19192900000003,42.251287999060956],[-122.19218400000001,42.251280999060945],[-122.192353,42.25126799906096],[-122.19247800000001,42.25125399906095],[-122.192725,42.251212999060954],[-122.19296899999999,42.25115899906097],[-122.19332699999995,42.251063999060946],[-122.19343100000002,42.251031999060956],[-122.19394199999999,42.25085999906096],[-122.19417899999999,42.250795999060955],[-122.19442000000001,42.25073899906096],[-122.19450000000002,42.250729999060944]]},"id":"003c0000000000001841","properties":{"fullname":"Lost Road 2","linearid":"1102637300608","mtfcc":"S1400","rttyp":"M"}},{"type":"Feature","geometry":{"type":"LineString","coordinates":[[-122.19769799999999,42.25111099906096],[-122.19737200000002,42.25105699906096],[-122.19643700000002,42.250918999060964],[-122.196184,42.250862999060956],[-122.196099,42.250847999060944],[-122.19601200000001,42.25083999906094],[-122.19587000000004,42.25084199906096],[-122.19576,42.25085499906096],[-122.19564400000002,42.250878999060944],[-122.19553500000004,42.25089099906096],[-122.19542600000001,42.250897999060946],[-122.19523999999998,42.250897999060946],[-122.19514600000002,42.25089399906096],[-122.19496299999999,42.250872999060945],[-122.19487300000002,42.25085599906095],[-122.19476500000002,42.25082999906096],[-122.194659,42.25079899906096],[-122.19455500000001,42.25076099906095],[-122.19450000000002,42.250729999060944]]},"id":"003c0000000000001844","properties":{"fullname":"Lost Road 3","linearid":"1102637300596","mtfcc":"S1400","rttyp":"M"}},{"type":"Feature","geometry":{"type":"LineString","coordinates":[[-122.27179600000001,42.238717999060995],[-122.27188800000002,42.238688999061],[-122.27198,42.23866999906098],[-122.27206800000002,42.23864499906099],[-122.27215299999996,42.23861599906099],[-122.27223500000004,42.238582999060995],[-122.27237500000003,42.23850699906098],[-122.27251800000006,42.238409999061],[-122.27266900000002,42.238296999061],[-122.272759,42.238244999060974],[-122.27294799999999,42.23814999906099],[-122.27313799999999,42.238061999060974],[-122.273331,42.23797799906097],[-122.27352,42.23788899906099],[-122.27395500000002,42.237646999061006],[-122.274131,42.237539999061006],[-122.27420899999998,42.237508999061],[-122.27425100000002,42.23749799906099],[-122.27435300000002,42.237489999061],[-122.27441099999999,42.237492999061],[-122.274461,42.237504999060995],[-122.27451000000002,42.237521999060995],[-122.27461600000001,42.23757099906099],[-122.275007,42.237835999061],[-122.275116,42.23791899906098],[-122.27528800000007,42.238071999061],[-122.27544100000004,42.238192999061],[-122.27564600000001,42.238326999060995],[-122.275829,42.23843299906099],[-122.27598799999998,42.23853399906099],[-122.276074,42.23857399906098],[-122.27612199999999,42.238588999060994],[-122.27617300000003,42.23859999906099],[-122.27626,42.23860799906099],[-122.27633499999999,42.23859999906099],[-122.27640199999998,42.238575999060984],[-122.276628,42.238450999060994],[-122.27682800000001,42.23830099906098],[-122.27689800000003,42.23825399906099],[-122.27717899999999,42.238105999061],[-122.27729900000001,42.23802799906099],[-122.277413,42.237944999061],[-122.277742,42.237686999061005],[-122.27830900000001,42.237214999061],[-122.278772,42.236810999061],[-122.27884500000002,42.236739999061],[-122.278912,42.236664999061],[-122.278943,42.23662199906099],[-122.27902500000002,42.236483999060994],[-122.27908500000002,42.23639599906099],[-122.27915299999998,42.236321999061005],[-122.279394,42.236117999061],[-122.27946900000002,42.236047999061],[-122.279595,42.235911999060995],[-122.27971400000001,42.235771999060994],[-122.27994700000002,42.235482999061006],[-122.28017100000001,42.23518299906101],[-122.28029200000002,42.235036999061],[-122.28041900000002,42.234900999061004],[-122.28060200000004,42.234732999061],[-122.28078599999998,42.23458099906101],[-122.281061,42.234377999060996],[-122.281382,42.23415799906101],[-122.28149000000002,42.234104999061],[-122.28168900000001,42.234056999060996],[-122.28195300000004,42.23398299906102],[-122.28235299999999,42.233857999061],[-122.28262299999999,42.233760999061005],[-122.282732,42.233709999061006],[-122.28294000000002,42.23359499906102],[-122.283035,42.23352999906101],[-122.28326500000001,42.233345999061],[-122.28360800000004,42.233105999061],[-122.28342599999999,42.23296599906101],[-122.28327400000002,42.232834999061026],[-122.28315499999998,42.232710999061005]]},"id":"003c0000000000001876","properties":{"fullname":"Lower Horse","linearid":"1102314647230","mtfcc":"S1400","rttyp":"M"}},{"type":"Feature","geometry":{"type":"LineString","coordinates":[[-122.16859368558912,42.23960795915767],[-122.16861100000001,42.23961399906099]]},"id":"003c00000000000017a5","properties":{"fullname":"N Rockslide","linearid":"1102304555454","mtfcc":"S1400","rttyp":"M"}},{"type":"Feature","geometry":{"type":"LineString","coordinates":[[-122.18739000000002,42.23447799906101],[-122.187096,42.234446999061],[-122.18647499999999,42.23444099906099],[-122.18627400000001,42.234434999061],[-122.186074,42.234423999061],[-122.18589299999998,42.234407999061006],[-122.185713,42.234385999061004],[-122.18537300000001,42.23432199906101],[-122.185183,42.234281999061004],[-122.18480600000001,42.23419099906101],[-122.18461999999998,42.23413999906101],[-122.18433600000003,42.23404899906101],[-122.18403500000004,42.23394099906101],[-122.18389599999996,42.233894999061],[-122.18347600000001,42.23376699906102],[-122.18328999999999,42.233717999061014],[-122.182754,42.233585999061006],[-122.182441,42.233501999061005],[-122.18237800000003,42.233487999061026]]},"id":"003c00000000000017c1","properties":{"fullname":"N Rockslide","linearid":"1102282314812","mtfcc":"S1400","rttyp":"M"}},{"type":"Feature","geometry":{"type":"LineString","coordinates":[[-122.23635700000005,42.23888999906099],[-122.23647800000002,42.238814999060985],[-122.23689500000005,42.23864099906099],[-122.237681,42.238298999060994],[-122.23788500000002,42.23822299906099],[-122.23820600000006,42.238122999061],[-122.238521,42.23800999906099],[-122.23882400000001,42.23787599906098],[-122.23932000000003,42.23761999906099],[-122.23949200000001,42.23752499906098],[-122.239575,42.237434999060994]]},"id":"003c000000000000180e","properties":{"fullname":"Pork Chop C","linearid":"1102284190572","mtfcc":"S1400","rttyp":"M"}},{"type":"Feature","geometry":{"type":"LineString","coordinates":[[-122.23396800000002,42.237821999061],[-122.234315,42.237765999061],[-122.23442600000003,42.23774099906098],[-122.234542,42.23770999906099],[-122.23465599999999,42.237672999061004],[-122.234877,42.23758799906098],[-122.23504799999999,42.237512999060975],[-122.23545200000001,42.23731599906099],[-122.23566699999999,42.23720599906101],[-122.23588500000002,42.23708499906101],[-122.23609700000002,42.236958999060995],[-122.236305,42.23682899906101],[-122.236378,42.23677899906099],[-122.23665900000003,42.236568999061],[-122.23673399999998,42.23652199906101],[-122.23686800000002,42.23645699906101],[-122.236923,42.236434999061004],[-122.23715400000002,42.236358999061004],[-122.23733900000002,42.236308999060995],[-122.23754700000002,42.23626199906101],[-122.23768800000002,42.236236999061],[-122.23782900000002,42.236217999061004],[-122.238089,42.23619599906099],[-122.23826499999998,42.23619299906101],[-122.238352,42.23619799906099],[-122.238512,42.236218999060995],[-122.23858599999998,42.236232999060995],[-122.238656,42.236252999060994],[-122.238716,42.236276999061005],[-122.23877200000001,42.23630599906099],[-122.23882600000002,42.236339999060995],[-122.23887500000004,42.23637899906099],[-122.23893500000001,42.23645199906099],[-122.23895400000002,42.23656599906099],[-122.23893500000001,42.236605999061],[-122.23889199999999,42.236672999061014],[-122.238816,42.236756999061],[-122.23872200000004,42.236843999060994],[-122.238681,42.236904999061004],[-122.23869000000003,42.236945999061]]},"id":"003c000000000000180c","properties":{"fullname":"Pork Chop D","linearid":"1102284193079","mtfcc":"S1400","rttyp":"M"}},{"type":"Feature","geometry":{"type":"LineString","coordinates":[[-122.27211100000001,42.231745999061026],[-122.272104,42.23189199906101],[-122.27207200000001,42.23197899906102],[-122.27203000000002,42.23206199906102],[-122.27191600000002,42.232214999061014],[-122.27175400000004,42.23239799906102],[-122.271582,42.232571999061],[-122.27136700000001,42.23276999906102],[-122.27128799999998,42.23282999906101],[-122.27115999999998,42.23291299906102],[-122.27092600000003,42.233035999061],[-122.270417,42.233330999061],[-122.27020800000001,42.233443999060995],[-122.27016299999998,42.23346599906099],[-122.26992500000001,42.23358399906102],[-122.26977999999997,42.233648999061],[-122.26962999999999,42.23370699906101],[-122.269362,42.23379499906101],[-122.26922400000001,42.23382899906101],[-122.269056,42.233861999061006],[-122.268797,42.233891999061],[-122.26862200000002,42.23389999906101],[-122.26853500000001,42.23389899906102],[-122.26836099999998,42.23388999906101],[-122.268125,42.233857999061],[-122.26797700000002,42.233826999060994],[-122.26785399999999,42.233783999061]]},"id":"003c0000000000001880","properties":{"fullname":"W Fork Thin","linearid":"1102304420956","mtfcc":"S1400","rttyp":"M"}},{"type":"Feature","geometry":{"type":"LineString","coordinates":[[-122.63726400000003,42.03165899906166],[-122.637637,42.031218999061664],[-122.63773300000003,42.02953899906166],[-122.63771299999999,42.02933899906168],[-122.637529,42.02918099906167],[-122.63776200000001,42.02889999906168],[-122.63848200000001,42.02757199906167],[-122.63855600000005,42.02743699906167],[-122.6386,42.02721599906168],[-122.638487,42.026598999061676],[-122.63868700000003,42.02632999906169],[-122.638765,42.026041999061675],[-122.63906800000004,42.02553599906168],[-122.63923199999999,42.02512299906168],[-122.63924799999998,42.024639999061684],[-122.63920100000003,42.02430499906167],[-122.63888900000002,42.02354899906169],[-122.63862400000001,42.02325299906169],[-122.63848400000002,42.02315899906168],[-122.63848400000002,42.02304999906169],[-122.638546,42.0228629990617],[-122.638655,42.02275399906169],[-122.63902900000001,42.02255199906169],[-122.639466,42.0225199990617],[-122.63998960053225,42.022315525338136]]},"id":"003c00000000000007d3","properties":{"fullname":"Colestine Rd","linearid":"1104472208796","mtfcc":"S1400","rttyp":"M"}},{"type":"Feature","geometry":{"type":"LineString","coordinates":[[-122.63702300000001,42.03194399906167],[-122.636826,42.03217799906166],[-122.63605200000002,42.03271699906166],[-122.63601400000002,42.03386199906164],[-122.635907,42.03409199906166],[-122.635797,42.03499099906164],[-122.635591,42.03531899906166],[-122.635442,42.03572199906164]]},"id":"003c00000000000007d6","properties":{"fullname":"Colestine Rd","linearid":"1103690832397","mtfcc":"S1400","rttyp":"M"}},{"type":"Feature","geometry":{"type":"LineString","coordinates":[[-122.63726400000003,42.03165899906166],[-122.63702300000001,42.03194399906167]]},"id":"003c00000000000007d7","properties":{"fullname":"Colestine Rd","linearid":"1103690832398","mtfcc":"S1400","rttyp":"M"}},{"type":"Feature","geometry":{"type":"LineString","coordinates":[[-122.63726400000003,42.03165899906166],[-122.63721500000001,42.031735999061674],[-122.63714400000003,42.03182299906166],[-122.637069,42.031907999061666],[-122.63702300000001,42.03194399906167]]},"id":"003c00000000000007d8","properties":{"fullname":"Colestine Rd","linearid":"1103510305961","mtfcc":"S1400","rttyp":"M"}},{"type":"Feature","geometry":{"type":"LineString","coordinates":[[-122.635442,42.03572199906164],[-122.635304,42.03609799906166],[-122.63524100000002,42.03666899906164],[-122.63479500000001,42.03747899906164],[-122.63467399999999,42.03766199906164],[-122.63434099999999,42.03766799906163],[-122.634151,42.03808199906164],[-122.63421899999997,42.038260999061634],[-122.634315,42.038526999061645],[-122.63413199999998,42.03903499906162],[-122.633866,42.03946999906164],[-122.63379300000001,42.03994799906164],[-122.63380399999998,42.03999599906163]]},"id":"003c00000000000007de","properties":{"fullname":"Colestine Rd","linearid":"1103690832414","mtfcc":"S1400","rttyp":"M"}},{"type":"Feature","geometry":{"type":"LineString","coordinates":[[-122.635442,42.03572199906164],[-122.63543500000002,42.03586299906164],[-122.63538000000001,42.03600599906164],[-122.63531100000002,42.03634899906166],[-122.63531300000002,42.03656299906165],[-122.635192,42.036862999061626],[-122.63498999999999,42.03720099906165],[-122.634812,42.03751999906166],[-122.63456700000002,42.03787199906166],[-122.634331,42.03826199906164],[-122.634329,42.03858999906163],[-122.63420299999999,42.038936999061626],[-122.63413399999999,42.03911799906163],[-122.634055,42.03920399906162],[-122.63397600000003,42.039341999061634],[-122.63387800000002,42.03950399906164],[-122.63385199999999,42.03970899906164],[-122.63383100000004,42.03981399906162],[-122.63381000000001,42.03993299906163],[-122.63380399999998,42.03999599906163]]},"id":"003c00000000000007df","properties":{"fullname":"Colestine Rd","linearid":"1103690832413","mtfcc":"S1400","rttyp":"M"}},{"type":"Feature","geometry":{"type":"LineString","coordinates":[[-122.63391500000004,42.04032299906165],[-122.634076,42.04051899906162],[-122.634369,42.040704999061624],[-122.63470500000001,42.040923999061626],[-122.634865,42.04103899906163]]},"id":"003c00000000000007e0","properties":{"fullname":"Colestine Rd","linearid":"1103690832419","mtfcc":"S1400","rttyp":"M"}},{"type":"Feature","geometry":{"type":"LineString","coordinates":[[-122.63391500000004,42.04032299906165],[-122.63399000000001,42.04048699906163],[-122.634865,42.04103899906163]]},"id":"003c00000000000007e1","properties":{"fullname":"Colestine Rd","linearid":"1103690832420","mtfcc":"S1400","rttyp":"M"}},{"type":"Feature","geometry":{"type":"LineString","coordinates":[[-122.63380399999998,42.03999599906163],[-122.63385199999999,42.04018499906164],[-122.63391500000004,42.04032299906165]]},"id":"003c00000000000007e2","properties":{"fullname":"Colestine Rd","linearid":"1103690832412","mtfcc":"S1400","rttyp":"M"}},{"type":"Feature","geometry":{"type":"LineString","coordinates":[[-122.63380399999998,42.03999599906163],[-122.63385199999999,42.040123999061635],[-122.63391500000004,42.04032299906165]]},"id":"003c00000000000007e3","properties":{"fullname":"Colestine Rd","linearid":"1103690832411","mtfcc":"S1400","rttyp":"M"}},{"type":"Feature","geometry":{"type":"LineString","coordinates":[[-122.634865,42.04103899906163],[-122.63494400000002,42.04108899906162],[-122.63511600000001,42.04125699906163],[-122.63518899999998,42.041512999061624],[-122.63592999999999,42.04224199906164],[-122.63650800000002,42.04264599906162],[-122.63754200000001,42.04525299906161],[-122.63812499999997,42.045841999061615],[-122.63812300000004,42.04596399906161]]},"id":"003c00000000000007e4","properties":{"fullname":"Colestine Rd","linearid":"1103690832418","mtfcc":"S1400","rttyp":"M"}},{"type":"Feature","geometry":{"type":"LineString","coordinates":[[-122.64001627537112,42.06429403578352],[-122.63997400000001,42.06433899906155],[-122.63962700000003,42.06427899906155],[-122.639426,42.06438799906156],[-122.63943499999998,42.06466399906156],[-122.63969,42.064982999061556],[-122.639046,42.06525299906156],[-122.63900600000004,42.065948999061554],[-122.638846,42.066123999061546],[-122.63792700000003,42.065454999061544],[-122.637555,42.06541499906155],[-122.63715800000001,42.06564599906155],[-122.63733200000004,42.066362999061546],[-122.63712899999997,42.06641399906155],[-122.636775,42.06617299906154],[-122.63644000000002,42.06610299906154],[-122.635757,42.066716999061555],[-122.63589100000002,42.06726699906155],[-122.63572899999998,42.06738399906153],[-122.63542099999997,42.06734299906154],[-122.63534199999998,42.067677999061544],[-122.63515500000001,42.067804999061515],[-122.634658,42.067871999061545],[-122.63464100000002,42.06850099906154],[-122.63449600000003,42.06875199906155],[-122.63417700000001,42.06912999906155],[-122.634149,42.069434999061535],[-122.63434000000002,42.06978499906153],[-122.63454299999998,42.07011399906153],[-122.634232,42.07037799906152],[-122.63330300000001,42.07013799906154],[-122.63262500000003,42.06976899906154],[-122.63242299999999,42.06983999906153],[-122.63200799999998,42.07042899906152],[-122.631007,42.070733999061545],[-122.630461,42.07084999906153],[-122.630154,42.07106199906153],[-122.63013600000004,42.07107499906152],[-122.63022500000001,42.07179799906154],[-122.63047699999998,42.07208399906153],[-122.63053100000005,42.07214499906152],[-122.63122,42.072092999061525],[-122.63135400000002,42.07226299906152],[-122.63117,42.072484999061544],[-122.63085200000002,42.07253899906152],[-122.630713,42.07298999906151],[-122.63042100000001,42.07304299906152],[-122.63019600000001,42.07294599906153],[-122.63008299999997,42.07289699906152],[-122.63014400000002,42.07241899906152],[-122.62981399999998,42.07212999906154],[-122.62962399999999,42.07207699906154],[-122.62910400000003,42.07193299906153],[-122.62818300000002,42.07232299906153],[-122.62772100000001,42.072292999061524],[-122.627443,42.07238399906152],[-122.626943,42.07274599906153],[-122.62665000000001,42.07277099906153],[-122.626513,42.07287899906154],[-122.62625800000002,42.072901999061514],[-122.62599800000001,42.07278299906154],[-122.62579500000002,42.072843999061526],[-122.625576,42.07318199906153],[-122.62534900000001,42.07326299906152],[-122.62485999999998,42.07280499906152],[-122.62366000000003,42.07288499906152],[-122.621756,42.07333099906152],[-122.62134000000002,42.07351999906151],[-122.62104300000003,42.07382099906152],[-122.62091500000004,42.074184999061515],[-122.62071700000001,42.07419599906152]]},"id":"003c00000000000007e9","properties":{"fullname":"Colestine Rd","linearid":"1103690832400","mtfcc":"S1400","rttyp":"M"}},{"type":"Feature","geometry":{"type":"LineString","coordinates":[[-122.63695500000003,42.0493719990616],[-122.637007,42.0494289990616],[-122.63698300000001,42.04983899906159],[-122.63699000000001,42.0500389990616],[-122.637334,42.05074799906159],[-122.63758699999998,42.0514199990616],[-122.63785700000001,42.0518239990616],[-122.63836500000001,42.05209099906158],[-122.63942,42.052280999061594],[-122.64003417125026,42.05248633142362]]},"id":"003c00000000000007f4","properties":{"fullname":"Colestine Rd","linearid":"1103690832409","mtfcc":"S1400","rttyp":"M"}},{"type":"Feature","geometry":{"type":"LineString","coordinates":[[-122.637972,42.0465979990616],[-122.63792700000003,42.04665999906161],[-122.63785699999998,42.0467119990616],[-122.63756300000001,42.04693599906161],[-122.63741300000002,42.04705499906161],[-122.637097,42.04729299906162],[-122.63677600000003,42.04757399906161],[-122.636705,42.04780599906161],[-122.63666899999997,42.0479259990616],[-122.63662500000002,42.048066999061604]]},"id":"003c00000000000007f6","properties":{"fullname":"Colestine Rd","linearid":"1103510292018","mtfcc":"S1400","rttyp":"M"}},{"type":"Feature","geometry":{"type":"LineString","coordinates":[[-122.637972,42.0465979990616],[-122.637847,42.04669299906161],[-122.636763,42.04751699906161],[-122.63668200000002,42.04775699906161],[-122.636665,42.04785099906161],[-122.63662500000002,42.048066999061604]]},"id":"003c00000000000007f7","properties":{"fullname":"Colestine Rd","linearid":"1103690832395","mtfcc":"S1400","rttyp":"M"}},{"type":"Feature","geometry":{"type":"LineString","coordinates":[[-122.63662500000002,42.048066999061604],[-122.63661700000002,42.0481109990616],[-122.63657200000004,42.0481849990616]]},"id":"003c00000000000007f8","properties":{"fullname":"Colestine Rd","linearid":"1103690832394","mtfcc":"S1400","rttyp":"M"}},{"type":"Feature","geometry":{"type":"LineString","coordinates":[[-122.63675800000003,42.0492089990616],[-122.636621,42.0491159990616],[-122.63650000000001,42.0489969990616],[-122.63650200000002,42.0488979990616],[-122.63650700000001,42.0486639990616],[-122.63653300000001,42.0482879990616],[-122.63657200000004,42.0481849990616]]},"id":"003c00000000000007f9","properties":{"fullname":"Colestine Rd","linearid":"1103510289412","mtfcc":"S1400","rttyp":"M"}},{"type":"Feature","geometry":{"type":"LineString","coordinates":[[-122.63657200000004,42.0481849990616],[-122.63648400000005,42.048332999061586],[-122.63648400000002,42.0486179990616],[-122.63648300000001,42.048901999061606],[-122.63648300000001,42.04904799906161],[-122.63675800000003,42.0492089990616]]},"id":"003c00000000000007fa","properties":{"fullname":"Colestine Rd","linearid":"1103690832423","mtfcc":"S1400","rttyp":"M"}},{"type":"Feature","geometry":{"type":"LineString","coordinates":[[-122.63686099999998,42.0492699990616],[-122.63695500000003,42.0493719990616]]},"id":"003c00000000000007fb","properties":{"fullname":"Colestine Rd","linearid":"1103690832421","mtfcc":"S1400","rttyp":"M"}},{"type":"Feature","geometry":{"type":"LineString","coordinates":[[-122.63686099999998,42.0492699990616],[-122.63694700000002,42.04933999906162],[-122.63695500000003,42.0493719990616]]},"id":"003c00000000000007fc","properties":{"fullname":"Colestine Rd","linearid":"1103510321587","mtfcc":"S1400","rttyp":"M"}},{"type":"Feature","geometry":{"type":"LineString","coordinates":[[-122.63675800000003,42.0492089990616],[-122.63686099999998,42.0492699990616]]},"id":"003c00000000000007fd","properties":{"fullname":"Colestine Rd","linearid":"1103690832422","mtfcc":"S1400","rttyp":"M"}},{"type":"Feature","geometry":{"type":"LineString","coordinates":[[-122.63812,42.0463829990616],[-122.63812,42.0464239990616],[-122.637972,42.0465979990616]]},"id":"003c00000000000007fe","properties":{"fullname":"Colestine Rd","linearid":"1103690832415","mtfcc":"S1400","rttyp":"M"}},{"type":"Feature","geometry":{"type":"LineString","coordinates":[[-122.63812300000004,42.04596399906161],[-122.63812,42.0463829990616]]},"id":"003c00000000000007ff","properties":{"fullname":"Colestine Rd","linearid":"1103690832416","mtfcc":"S1400","rttyp":"M"}},{"type":"Feature","geometry":{"type":"LineString","coordinates":[[-122.63812300000004,42.04596399906161],[-122.638146,42.0460169990616],[-122.63813900000005,42.04635499906161],[-122.63812,42.0463829990616]]},"id":"003c0000000000000800","properties":{"fullname":"Colestine Rd","linearid":"1103510300772","mtfcc":"S1400","rttyp":"M"}},{"type":"Feature","geometry":{"type":"LineString","coordinates":[[-122.61720151666752,42.07351566783501],[-122.61747399999999,42.07354899906151],[-122.61793899999998,42.07355999906153],[-122.61828999999996,42.07353199906153],[-122.618743,42.07347399906153],[-122.61926599999998,42.07343999906151],[-122.619581,42.0734279990615],[-122.619794,42.073433999061514],[-122.62002899999999,42.07353199906153],[-122.62020100000001,42.07367499906154],[-122.62048800000001,42.07399699906153],[-122.62057300000001,42.07414099906152],[-122.62064699999999,42.07419999906151]]},"id":"003c0000000000000810","properties":{"fullname":"Colestine Rd","linearid":"110340485886","mtfcc":"S1400","rttyp":"M"}},{"type":"Feature","geometry":{"type":"LineString","coordinates":[[-122.64958392824927,42.00819460326921],[-122.649535,42.00819299906174],[-122.64897215361943,42.00764371082806]]},"id":"003c0000000000003490","properties":{"fullname":"Colestine Rd","linearid":"1104472208794","mtfcc":"S1400","rttyp":"M"}},{"type":"Feature","geometry":{"type":"LineString","coordinates":[[-122.51991400000003,42.08224699906149],[-122.51974999999999,42.0821329990615],[-122.51961800000002,42.082028999061485],[-122.51938700000001,42.081826999061484],[-122.518889,42.0816319990615],[-122.51831200000005,42.0816469990615],[-122.51761899999998,42.0816729990615],[-122.51715299999998,42.08150999906149],[-122.516941,42.08112199906151],[-122.51691600000001,42.080797999061495],[-122.51692200000001,42.080127999061496],[-122.51680300000002,42.0799089990615],[-122.51661199999998,42.0793659990615],[-122.516524,42.07874099906152],[-122.516287,42.07796199906151],[-122.51543699999996,42.07731899906151],[-122.51504299999998,42.07698099906152],[-122.514863,42.07677299906151],[-122.51435599999999,42.07635899906151],[-122.51414499999998,42.07598699906152],[-122.51388499999997,42.07511999906151],[-122.513467,42.07485899906152],[-122.51286100000003,42.07472499906152],[-122.51215000000002,42.07454799906152],[-122.51192700000003,42.07437899906152],[-122.51101800000002,42.07431299906151],[-122.51046300000002,42.07421699906152],[-122.50961400000001,42.07416699906151],[-122.50880900000001,42.074127999061524],[-122.50824900000003,42.07416399906152],[-122.50799199999999,42.074307999061524],[-122.50772099999999,42.074599999061526],[-122.50740900000002,42.07507499906151],[-122.50718599999998,42.075607999061496],[-122.50713900000002,42.07608599906152],[-122.50704000000002,42.076432999061524],[-122.50655799999998,42.07698499906151],[-122.50619900000002,42.0772229990615],[-122.50592699999999,42.07722499906151],[-122.50581300000002,42.077237999061516],[-122.50535800000003,42.07729399906151],[-122.504931,42.07729599906152],[-122.50440099999999,42.077501999061504],[-122.50385900000003,42.0778899990615],[-122.50341200000003,42.0781829990615],[-122.503079,42.078328999061505]]},"id":"003c00000000000007ac","properties":{"fullname":"Green Mtn Rd","linearid":"1102966053495","mtfcc":"S1400","rttyp":"M"}},{"type":"Feature","geometry":{"type":"LineString","coordinates":[[-122.53724100000002,42.07553199906151],[-122.536887,42.07517999906151],[-122.536965,42.07471499906152],[-122.536831,42.074509999061526],[-122.536385,42.074492999061526],[-122.536142,42.07467499906153],[-122.53571399999998,42.07518299906152],[-122.53537700000003,42.07528499906152],[-122.53492699999998,42.075602999061516],[-122.53433500000003,42.07666899906151],[-122.53392999999998,42.07683799906152],[-122.53337200000001,42.07661999906152],[-122.53297200000006,42.076080999061524],[-122.53013500000002,42.07324199906154],[-122.529153,42.072840999061526],[-122.528567,42.07292399906154]]},"id":"003c00000000000007ae","properties":{"fullname":"Green Mtn Rd","linearid":"1102966053494","mtfcc":"S1400","rttyp":"M"}},{"type":"Feature","geometry":{"type":"LineString","coordinates":[[-122.61155081800096,42.005553324540685],[-122.611599,42.00556999906174]]},"id":"003c0000000000003498","properties":{"fullname":"Jefferson Rd","linearid":"1101917550263","mtfcc":"S1400","rttyp":"M"}},{"type":"Feature","geometry":{"type":"LineString","coordinates":[[-122.18948081107753,42.21322812046062],[-122.18911200000001,42.21332399906107],[-122.18882300000001,42.21341099906108],[-122.18862900000003,42.21346199906106],[-122.18853,42.21347799906107],[-122.188351,42.213493999061065],[-122.18826000000003,42.21349799906107],[-122.18816899999999,42.21349599906107],[-122.18808000000003,42.21348899906107],[-122.18798800000002,42.21347299906106],[-122.187804,42.21343099906105],[-122.18741700000002,42.21336499906108],[-122.18732400000002,42.21334299906107],[-122.187162,42.21328599906107],[-122.18709000000003,42.21325499906108],[-122.186955,42.21318299906107],[-122.18689599999998,42.21314199906106],[-122.186844,42.21309899906105],[-122.18675199999998,42.21300299906108],[-122.186714,42.21295099906107],[-122.18666600000003,42.21286799906108],[-122.18663500000004,42.21277299906107],[-122.186591,42.212673999061074],[-122.186513,42.21256799906107],[-122.18639400000002,42.21243099906107],[-122.18633899999999,42.21236099906108],[-122.185903,42.21171399906109],[-122.185673,42.21133399906108],[-122.18533400000001,42.21072299906109],[-122.18529199999999,42.210660999061076]]},"id":"003c00000000000017dd","properties":{"fullname":"Miners Creek","linearid":"1102302121695","mtfcc":"S1400","rttyp":"M"}},{"type":"Feature","geometry":{"type":"LineString","coordinates":[[-122.60893499999999,42.0187999990617],[-122.60619400000002,42.02019599906169],[-122.604931,42.02065799906169],[-122.604253,42.02081399906171],[-122.60350900000002,42.0209229990617],[-122.60235999999998,42.020982999061715],[-122.59949799999998,42.0209979990617],[-122.59844100000002,42.021122999061696],[-122.597446,42.021550999061695],[-122.59687100000001,42.021933999061694],[-122.596439,42.0223989990617],[-122.59612600000001,42.02295799906169],[-122.59599399999999,42.023617999061685],[-122.59600000000002,42.02370699906169],[-122.596022,42.024055999061694],[-122.59622300000001,42.024728999061686],[-122.59658599999999,42.02525599906168],[-122.59907400000002,42.027400999061676],[-122.59960000000002,42.028229999061686],[-122.599836,42.02992199906168],[-122.60057999999998,42.03150899906166],[-122.600637,42.03205099906166],[-122.60042499999999,42.03260799906166],[-122.59996699999998,42.03303599906167],[-122.599344,42.033358999061655],[-122.59804499999998,42.03367199906166],[-122.597154,42.034546999061654],[-122.59644000000003,42.03498899906164],[-122.595899,42.035146999061645],[-122.595044,42.03528199906165],[-122.594092,42.03538099906165],[-122.590814,42.03572299906164],[-122.59003100000001,42.03599499906164],[-122.589508,42.03643299906165],[-122.58943600000002,42.03657199906164],[-122.58922,42.03699099906164],[-122.58917000000004,42.03740199906164],[-122.589463,42.03812999906164],[-122.58988200000005,42.03841799906165],[-122.59115400000002,42.03898499906162],[-122.59189300000001,42.039676999061626],[-122.59197000000002,42.040465999061624],[-122.59134599999996,42.04178899906164],[-122.591254,42.041984999061626],[-122.591204,42.04239599906162],[-122.59130100000004,42.04299499906162],[-122.591691,42.04334399906162],[-122.59185400000001,42.04348999906162],[-122.59274800000001,42.04383499906163],[-122.595293,42.04384499906163],[-122.596318,42.04393099906162],[-122.59695400000003,42.04418599906162],[-122.597455,42.04465299906162],[-122.59868799999998,42.04633599906162],[-122.59952600000001,42.046919999061615],[-122.600559,42.04761599906161],[-122.60181399999998,42.04852299906161],[-122.601922,42.04860099906161],[-122.60214500000002,42.04886099906161],[-122.60305400000003,42.04992299906159],[-122.60322699999999,42.05089199906159],[-122.603886,42.0518519990616],[-122.60403300000003,42.052782999061584],[-122.603994,42.0530559990616],[-122.60375340593171,42.05475141741782]]},"id":"003c00000000000007ba","properties":{"fullname":"Old Hwy 99 S","linearid":"1105045766847","mtfcc":"S1400","rttyp":"M"}},{"type":"Feature","geometry":{"type":"LineString","coordinates":[[-122.52563100000002,42.028577999061675],[-122.52575900000001,42.02866499906167],[-122.526036,42.02894099906168],[-122.52649500000003,42.02925999906167],[-122.52659600000001,42.02932999906168],[-122.52701600000002,42.029735999061664],[-122.52795600000002,42.03047699906167],[-122.52870099999997,42.030972999061674],[-122.529765,42.031646999061664],[-122.53066300000002,42.03241499906167],[-122.531118,42.03283799906165],[-122.53124700000001,42.03340099906166],[-122.53118300000003,42.03399299906166],[-122.53146899999999,42.034340999061655],[-122.531698,42.03432799906165],[-122.53182899999999,42.034319999061665],[-122.53211700000001,42.034360999061654],[-122.53247,42.034729999061646],[-122.53310500000005,42.03522199906164],[-122.53330400000003,42.03534299906165],[-122.53376800000005,42.03562499906165],[-122.534464,42.03594099906165],[-122.53555200000004,42.03621999906164],[-122.53579099999999,42.03625199906164],[-122.53768600000002,42.03650399906166],[-122.53811500000002,42.03654099906164],[-122.538808,42.036600999061655],[-122.539427,42.03661099906165],[-122.54025100000001,42.03657999906166],[-122.54090899999997,42.03670399906164],[-122.541561,42.03693799906165],[-122.54205800000001,42.037167999061644],[-122.54255700000002,42.037529999061654],[-122.542804,42.03793599906164]]},"id":"003c00000000000007c5","properties":{"fullname":"Scotch Creek","linearid":"110340490756","mtfcc":"S1400","rttyp":"M"}},{"type":"Feature","geometry":{"type":"LineString","coordinates":[[-122.205366,42.24226999906097],[-122.205519,42.242392999060975],[-122.20562800000005,42.24247399906099],[-122.205905,42.242672999060986],[-122.20637800000002,42.243109999060984],[-122.206466,42.24318499906097],[-122.206561,42.24325499906097],[-122.20666800000004,42.24331499906098],[-122.20689100000003,42.24342699906098],[-122.20719500000001,42.24363299906098],[-122.20737900000002,42.243743999060975],[-122.20744499999998,42.243775999060965],[-122.207515,42.24380299906097],[-122.20765200000001,42.243839999060974],[-122.20768864084197,42.24384124818879]]},"id":"003c000000000000182b","properties":{"fullname":"Surveyor Spr","linearid":"1102300676690","mtfcc":"S1400","rttyp":"M"}},{"type":"Feature","geometry":{"type":"LineString","coordinates":[[-122.274697,42.21677199906106],[-122.27479699999999,42.21682399906106],[-122.27484199999999,42.21684099906106],[-122.27488699999996,42.216851999061056],[-122.27493199999999,42.21685699906106],[-122.27502300000005,42.21685099906105],[-122.27506699999999,42.21683899906107],[-122.27523500000004,42.21676499906106],[-122.27534700000002,42.21672899906107],[-122.275424,42.21670399906107],[-122.27570800000005,42.21663199906105],[-122.275764,42.21662299906106],[-122.27582099999997,42.21662099906107],[-122.27590300000004,42.21662699906106],[-122.275983,42.21664099906107],[-122.27605199999999,42.216663999061076],[-122.276273,42.21676599906105],[-122.276322,42.21678199906107],[-122.27639600000002,42.21679599906107],[-122.276433,42.21679799906106],[-122.27648500000002,42.21678699906106],[-122.27653400000001,42.216758999061064],[-122.27655400000005,42.21674399906106],[-122.276581,42.21671699906106],[-122.27659300000002,42.21669399906106],[-122.276601,42.21664399906106],[-122.27660299999998,42.21656399906106],[-122.276628,42.216430999061075],[-122.27666199999999,42.21632699906106],[-122.27673800000001,42.216209999061064],[-122.27680800000003,42.21614199906106],[-122.276848,42.21611499906106],[-122.27689300000003,42.21609399906106],[-122.27694300000003,42.21607799906107],[-122.27705200000003,42.21605499906106],[-122.27730500000001,42.216013999061076],[-122.27758000000003,42.21598799906106],[-122.277927,42.215964999061065],[-122.278358,42.21594499906105],[-122.27862200000003,42.21594199906106],[-122.27875400000003,42.21594499906105],[-122.27888499999999,42.21595599906105],[-122.27899800000003,42.21597199906106],[-122.27910999999999,42.215992999061065],[-122.279219,42.216018999061056],[-122.27932599999998,42.21605299906107],[-122.27942900000004,42.21609199906107],[-122.27958800000003,42.21616499906106],[-122.280206,42.21650499906106],[-122.28036700000003,42.21658799906107],[-122.280636,42.216713999061064],[-122.28076700000003,42.21677999906105],[-122.280926,42.21686899906106],[-122.28107300000002,42.21696799906107],[-122.28112600000006,42.217011999061064],[-122.28117300000001,42.21705999906106],[-122.28120200000002,42.217105999061054],[-122.281235,42.217188999061044]]},"id":"003c00000000000018e6","properties":{"fullname":"T Forks D Rd","linearid":"1102304364371","mtfcc":"S1400","rttyp":"M"}},{"type":"Feature","geometry":{"type":"LineString","coordinates":[[-122.33118,42.044271999061614],[-122.330925,42.04434799906161],[-122.32975400000002,42.044651999061614],[-122.32922456271972,42.044736735995784]]},"id":"003c0000000000000bc0","properties":{"fullname":"W Grizzly Rd","linearid":"110340480803","mtfcc":"S1400","rttyp":"M"}},{"type":"Feature","geometry":{"type":"LineString","coordinates":[[-122.38046000000001,42.20122299906109],[-122.380619,42.201460999061105],[-122.380303,42.2019349990611],[-122.38007400000001,42.20231799906112],[-122.38004899999999,42.2024749990611],[-122.37958500000003,42.20310099906109],[-122.37952999999997,42.20317599906111],[-122.37939,42.20351299906111],[-122.37899200000001,42.2042789990611],[-122.37851799999999,42.205491999061095],[-122.378036,42.2064379990611],[-122.37786399999997,42.206708999061085],[-122.37763000000001,42.2068909990611],[-122.37757300000001,42.2070039990611],[-122.37691400000003,42.2070589990611],[-122.37622700000004,42.207181999061085]]},"id":"003c0000000000000ac1","properties":{"fullname":"Willow Creek","linearid":"110340490920","mtfcc":"S1400","rttyp":"M"}},{"type":"Feature","geometry":{"type":"LineString","coordinates":[[-122.269966,42.25049699906095],[-122.269975,42.25033799906094],[-122.26998400000004,42.25026199906094],[-122.27001000000001,42.25014799906095],[-122.27008,42.24998099906096],[-122.270131,42.24987399906095],[-122.27021999999998,42.24969099906095],[-122.27043100000003,42.24939599906096],[-122.270777,42.24893099906096],[-122.27095600000001,42.24866599906096],[-122.27103399999997,42.24852899906096],[-122.27113000000001,42.248319999060946],[-122.27118600000003,42.24822099906096],[-122.271222,42.248174999060964],[-122.27126500000001,42.24813299906097],[-122.271314,42.248094999060946],[-122.27136899999999,42.24805999906096],[-122.271428,42.24803199906097],[-122.27148899999999,42.24801099906096],[-122.271975,42.24789299906095],[-122.27214100000002,42.24784599906096],[-122.27226100000004,42.247799999060966],[-122.27237599999998,42.24774099906095],[-122.27244900000002,42.247697999060954],[-122.27253200000001,42.24763899906096],[-122.27296700000001,42.24724999906097],[-122.27325800000001,42.24699899906097],[-122.27349000000001,42.246808999060974],[-122.27361499999999,42.246720999060976],[-122.27381299999999,42.24659399906097],[-122.27392,42.246538999060974],[-122.27413699999997,42.246454999060965],[-122.27438200000005,42.24637799906096],[-122.27446,42.24634899906096],[-122.27453199999998,42.24631299906098],[-122.27457000000001,42.24628899906096],[-122.274673,42.246205999060976],[-122.274896,42.24600299906097],[-122.274954,42.24595999906096],[-122.27502,42.24592299906095],[-122.27509,42.24588999906097],[-122.27527900000001,42.24582399906096],[-122.27539899999998,42.24579299906097],[-122.27547999999999,42.24578199906097],[-122.27555700000003,42.24577899906097],[-122.27563400000001,42.245782999060964],[-122.27571100000004,42.245791999060984],[-122.27583,42.24581499906097],[-122.27595600000002,42.245852999060965],[-122.27616700000006,42.245939999060965]]},"id":"003c0000000000001874","properties":{"fullname":"Bald Burt Spr","linearid":"1102288931847","mtfcc":"S1400","rttyp":"M"}},{"type":"Feature","geometry":{"type":"LineString","coordinates":[[-122.19507800000001,42.24579599906096],[-122.19511300000002,42.24569899906097],[-122.19514900000001,42.24562899906098],[-122.195192,42.24556299906097],[-122.19524300000003,42.24550199906098],[-122.195298,42.24545199906098],[-122.19549100000005,42.24531799906096],[-122.19573300000003,42.24514199906098],[-122.195871,42.24506599906099],[-122.19603200000002,42.245003999060984],[-122.19666000000001,42.24479799906098],[-122.19700400000002,42.244722999060976],[-122.19710099999998,42.244697999060975],[-122.19738600000002,42.244611999060965],[-122.197578,42.24455899906097],[-122.19804800000004,42.24446599906098],[-122.19814900000002,42.244442999060965],[-122.19845000000001,42.244363999060965],[-122.198654,42.244321999060965],[-122.198832,42.244304999060965],[-122.19898300000001,42.24429799906099],[-122.19905800000002,42.24429999906097],[-122.19913100000004,42.24430699906097],[-122.19917000000001,42.244314999060975],[-122.19936199999998,42.24437899906097],[-122.19944100000001,42.244399999060974],[-122.19954200000001,42.24441599906098],[-122.19964600000006,42.24442399906097],[-122.20016999999999,42.24444999906098],[-122.20032500000002,42.24444399906097],[-122.20040100000001,42.24443299906099],[-122.200443,42.24442299906097],[-122.20073000000002,42.244321999060965],[-122.200942,42.24425899906097],[-122.20115800000004,42.24420199906098],[-122.20137700000001,42.24415599906097],[-122.20148799999996,42.244138999060965],[-122.201675,42.24412099906096],[-122.20190300000003,42.244116999060964],[-122.20220899999998,42.24413099906098],[-122.20235700000002,42.24414399906098],[-122.20265000000003,42.24418499906098],[-122.20279599999999,42.24420999906098],[-122.20301,42.244252999060976],[-122.203558,42.244384999060976],[-122.20393400000002,42.24448099906098],[-122.20416600000001,42.244529999060966],[-122.20439999999998,42.24457399906098],[-122.20581399999999,42.24480999906098],[-122.20673299999999,42.245013999060966],[-122.206878,42.24503899906097],[-122.20699500000003,42.24505299906097],[-122.20711200000001,42.24506199906097],[-122.20722900000001,42.24506299906097],[-122.20734299999998,42.24505599906098],[-122.207457,42.245041999060966],[-122.20765399999999,42.24500299906097]]},"id":"003c0000000000001832","properties":{"fullname":"Buck Lake Spr","linearid":"1102314544413","mtfcc":"S1400","rttyp":"M"}},{"type":"Feature","geometry":{"type":"LineString","coordinates":[[-122.206698,42.247370999060976],[-122.20627100000002,42.247256999060966],[-122.20478700000001,42.246955999060965],[-122.20442200000004,42.246878999060954],[-122.20423800000002,42.24684699906098],[-122.20409200000003,42.24682999906097],[-122.20379799999999,42.246811999060974],[-122.20335500000004,42.246795999060964],[-122.20271900000002,42.24676499906097],[-122.20243100000005,42.246740999060975],[-122.201663,42.246660999060964],[-122.20146700000001,42.24664399906097],[-122.20130000000003,42.24663799906095],[-122.201132,42.24663799906096],[-122.20079700000001,42.24663099906097],[-122.200582,42.24662199906097],[-122.19959200000002,42.24656499906096],[-122.199208,42.246537999060976],[-122.198099,42.24644099906097],[-122.197888,42.24642599906095],[-122.19756299999999,42.246418999060964],[-122.19733900000001,42.24642099906096],[-122.19722800000001,42.24642899906095],[-122.197042,42.246449999060964],[-122.19691799999998,42.24646999906097],[-122.19679800000004,42.24649899906097],[-122.19668600000001,42.246538999060974],[-122.19663300000002,42.24656499906096],[-122.196514,42.24663499906096],[-122.19646400000005,42.24667599906097],[-122.196415,42.246751999060976],[-122.196385,42.246785999060975],[-122.19633800000003,42.24681799906096],[-122.196229,42.24686499906096]]},"id":"003c0000000000001835","properties":{"fullname":"Buck Lake Spr","linearid":"1102314544411","mtfcc":"S1400","rttyp":"M"}},{"type":"Feature","geometry":{"type":"LineString","coordinates":[[-122.18930700000001,42.244857999060976],[-122.189458,42.24490099906096],[-122.189593,42.244931999060974],[-122.18986699999999,42.244976999060974],[-122.18999299999997,42.24498899906098],[-122.190121,42.244995999060976],[-122.19112800000002,42.24500999906098],[-122.19146200000002,42.245007999060974],[-122.191995,42.244995999060976],[-122.19259099999998,42.244964999060976],[-122.193068,42.244946999060986],[-122.19347100000005,42.24492199906097],[-122.19363100000001,42.24491999906099],[-122.19378899999998,42.244931999060974],[-122.19392099999999,42.24495599906098],[-122.194084,42.24499899906096],[-122.19419,42.24503499906098],[-122.19444699999998,42.245134999060966],[-122.19451999999997,42.24516999906097],[-122.19458399999999,42.24520999906098],[-122.19462899999999,42.24524799906097],[-122.194701,42.24533399906096],[-122.194806,42.24549799906097],[-122.194872,42.24561999906097],[-122.19490599999999,42.24566499906097],[-122.19495600000003,42.24571499906096],[-122.19501400000001,42.24576099906097],[-122.19507800000001,42.24579599906096]]},"id":"003c0000000000001837","properties":{"fullname":"Buck Lake Spr","linearid":"1102314544414","mtfcc":"S1400","rttyp":"M"}},{"type":"Feature","geometry":{"type":"LineString","coordinates":[[-122.19507800000001,42.24579599906096],[-122.19549500000001,42.246069999060964],[-122.195607,42.24615399906096],[-122.19579299999998,42.24630999906097],[-122.19592900000002,42.246439999060954],[-122.19606400000002,42.24658999906096],[-122.19620300000005,42.24679699906097],[-122.196229,42.24686499906096]]},"id":"003c0000000000001839","properties":{"fullname":"Buck Lake Spr","linearid":"1102314544409","mtfcc":"S1400","rttyp":"M"}},{"type":"Feature","geometry":{"type":"LineString","coordinates":[[-122.19632000000001,42.247252999060976],[-122.19627400000006,42.24701899906096],[-122.196229,42.24686499906096]]},"id":"003c000000000000183b","properties":{"fullname":"Buck Lake Spr","linearid":"1102314544410","mtfcc":"S1400","rttyp":"M"}},{"type":"Feature","geometry":{"type":"LineString","coordinates":[[-122.18948099999999,42.247036999060974],[-122.18956700000003,42.24710999906096],[-122.189662,42.24716399906095],[-122.189762,42.24720999906097],[-122.18983700000003,42.24723799906098],[-122.18991500000003,42.24726199906096],[-122.19007600000003,42.24729999906098],[-122.19024000000002,42.24732799906097],[-122.190352,42.247342999060976],[-122.19046600000001,42.24735099906096],[-122.191157,42.24736699906096],[-122.19162000000003,42.24736999906096],[-122.19229400000005,42.247330999060964],[-122.19258800000004,42.24732399906096],[-122.19339399999997,42.247321999060965],[-122.19405299999998,42.247330999060964],[-122.19449200000004,42.247329999060966],[-122.19505100000003,42.24731899906096],[-122.19560900000005,42.24729599906096],[-122.19588700000003,42.24727699906096],[-122.19623099999998,42.24724599906095],[-122.19632000000001,42.247252999060976]]},"id":"003c000000000000183d","properties":{"fullname":"Buck Lake Spr","linearid":"1102314544412","mtfcc":"S1400","rttyp":"M"}},{"type":"Feature","geometry":{"type":"LineString","coordinates":[[-122.196619,42.24866699906096],[-122.196567,42.24845999906098],[-122.196529,42.24822199906095],[-122.19632000000001,42.247252999060976]]},"id":"003c0000000000001846","properties":{"fullname":"Buck Lake Spr","linearid":"1102314544408","mtfcc":"S1400","rttyp":"M"}},{"type":"Feature","geometry":{"type":"LineString","coordinates":[[-122.17722,42.19942699906112],[-122.17746000000001,42.1993379990611],[-122.17756800000001,42.199304999061106],[-122.17767800000001,42.19927799906111],[-122.17778799999999,42.19925699906111],[-122.1779,42.19924099906112],[-122.17800199999999,42.19923199906111],[-122.17821000000004,42.19922799906111],[-122.17841600000003,42.1992389990611],[-122.17862400000001,42.19926199906111],[-122.17872699999998,42.19927799906111],[-122.17882800000002,42.19929899906112],[-122.178981,42.19934399906112],[-122.17924799999999,42.19945699906111],[-122.17948700000001,42.19954599906111],[-122.17972900000001,42.199629999061116],[-122.18040000000003,42.1998519990611],[-122.18056400000002,42.19989699906111],[-122.18106800000001,42.20000199906111],[-122.18159600000001,42.20011899906112],[-122.18177299999999,42.20015499906113],[-122.18195200000001,42.20018599906113],[-122.182132,42.20021099906112],[-122.18239300000006,42.20023099906111],[-122.18252200000003,42.20024499906111],[-122.182636,42.200264999061105],[-122.18286000000002,42.20031799906111],[-122.183078,42.200383999061096],[-122.183262,42.2004489990611],[-122.18363700000002,42.20060899906112],[-122.184167,42.20081299906111],[-122.18443599999999,42.20092199906111],[-122.18461800000003,42.20098999906111],[-122.184807,42.201045999061094],[-122.18497400000001,42.20108099906111],[-122.18511599999998,42.201102999061106],[-122.185186,42.20110699906111],[-122.185268,42.20109999906111],[-122.18561199999999,42.20103599906111],[-122.18596799999999,42.20095399906111],[-122.18627300000003,42.200873999061116],[-122.18672500000001,42.20074399906112],[-122.18687800000001,42.20070399906111],[-122.18703200000003,42.200668999061115],[-122.18719000000002,42.20063999906111],[-122.187383,42.2006099990611],[-122.18752900000001,42.20059799906111],[-122.18767699999998,42.20059899906109],[-122.18787600000003,42.200616999061126],[-122.18797200000003,42.200629999061114]]},"id":"003c0000000000000e87","properties":{"fullname":"Cherry Glades","linearid":"1102301090755","mtfcc":"S1400","rttyp":"M"}},{"type":"Feature","geometry":{"type":"LineString","coordinates":[[-122.393528,42.18544399906115],[-122.39363900000004,42.18527199906115],[-122.39409900000003,42.18480099906117],[-122.3949,42.18428599906117],[-122.39507900000002,42.184179999061165],[-122.39568700000001,42.18382099906117],[-122.396066,42.183287999061164],[-122.39659299999998,42.18295999906118],[-122.39727500000001,42.182576999061176],[-122.39818700000001,42.182006999061166],[-122.39862699999999,42.181524999061175],[-122.39877100000002,42.18098099906117],[-122.39918000000002,42.180420999061184],[-122.39991399999998,42.179938999061164],[-122.401005,42.17917799906119],[-122.40145800000003,42.178711999061186],[-122.40188899999998,42.17828399906118],[-122.402583,42.17774899906118],[-122.40306799999999,42.177621999061174],[-122.40379399999999,42.17744799906118],[-122.404346,42.17747599906118],[-122.404745,42.177476999061184],[-122.40496100000001,42.17774499906119],[-122.40530100000001,42.17774799906119],[-122.40589199999998,42.17772099906118],[-122.40631199999999,42.17731299906118],[-122.40675600000002,42.17671199906119],[-122.406896,42.176223999061186],[-122.40702200000005,42.17569199906119],[-122.40746500000004,42.17521999906119]]},"id":"003c0000000000000adc","properties":{"fullname":"Eve Spring Rd","linearid":"110340487916","mtfcc":"S1400","rttyp":"M"}},{"type":"Feature","geometry":{"type":"LineString","coordinates":[[-122.36871499999995,42.00267399906175],[-122.368314,42.00300199906175],[-122.36721900000002,42.00501599906175],[-122.36685299999999,42.005404999061746],[-122.36483800000002,42.00687299906175],[-122.36468600000002,42.00714799906175],[-122.364841,42.007626999061735],[-122.36484300000001,42.00817499906175],[-122.364325,42.00886199906174],[-122.36393799999999,42.00924099906174],[-122.36392599999998,42.009252999061744]]},"id":"003c0000000000000789","properties":{"fullname":"Fall Creek Rd","linearid":"1104469778889","mtfcc":"S1400","rttyp":"M"}},{"type":"Feature","geometry":{"type":"LineString","coordinates":[[-122.35145299999999,42.01511099906171],[-122.35222000000005,42.015658999061706],[-122.352588,42.01577399906173],[-122.35400000000001,42.01602499906171],[-122.355748,42.01606999906171],[-122.35921499999998,42.01682399906169],[-122.35986399999999,42.01480999906171],[-122.36060499999999,42.01320899906174],[-122.36125100000001,42.01197399906172],[-122.36242100000003,42.010966999061736],[-122.36260599999997,42.010530999061736],[-122.36392599999998,42.009252999061744]]},"id":"003c000000000000078f","properties":{"fullname":"Fall Creek Rd","linearid":"1104469778888","mtfcc":"S1400","rttyp":"M"}},{"type":"Feature","geometry":{"type":"LineString","coordinates":[[-122.63776200000001,42.02889999906168],[-122.637978,42.02921999906167],[-122.638107,42.029254999061656],[-122.638235,42.02925299906166],[-122.638428,42.02893499906167],[-122.63848400000002,42.02859199906167],[-122.63862100000003,42.02848399906167],[-122.63875900000001,42.02840099906167],[-122.63887400000003,42.02829299906168],[-122.63901000000001,42.028144999061674],[-122.639093,42.02802299906166],[-122.63919799999996,42.02794799906167],[-122.63940200000003,42.02787099906167],[-122.63959800000005,42.027899999061674],[-122.63971700000003,42.02789799906168],[-122.63984800000001,42.02792699906167],[-122.63999847852206,42.02792460301376]]},"id":"003c00000000000007d4","properties":{"fullname":"Goat Ranch Rd","linearid":"110340488002","mtfcc":"S1400","rttyp":"M"}},{"type":"Feature","geometry":{"type":"LineString","coordinates":[[-122.46523200000004,42.164646999061226],[-122.46560500000001,42.16481299906123],[-122.46622,42.165306999061215],[-122.46632700000002,42.16542599906122]]},"id":"003c0000000000000a5a","properties":{"fullname":"Hyatt Lake Rd","linearid":"110340488081","mtfcc":"S1400","rttyp":"M"}},{"type":"Feature","geometry":{"type":"LineString","coordinates":[[-122.41808,42.09979099906144],[-122.41789200000001,42.09983499906144],[-122.41762400000002,42.099847999061446],[-122.4171,42.09996499906144],[-122.41663300000002,42.10021799906144],[-122.41601699999997,42.10038999906144],[-122.41526300000001,42.10050399906144],[-122.414751,42.10053199906144],[-122.41396199999998,42.100384999061426],[-122.413122,42.100318999061436],[-122.412234,42.100453999061436],[-122.41167300000002,42.10068499906143],[-122.41092600000002,42.100979999061444],[-122.41009000000003,42.10151999906144],[-122.409873,42.10193799906143],[-122.41006800000004,42.10229999906142],[-122.410501,42.10269899906143],[-122.41102899999998,42.10304799906144],[-122.41173300000003,42.10321499906143],[-122.41264300000002,42.103440999061434],[-122.41354499999998,42.103600999061435],[-122.41436099999999,42.10367999906142],[-122.414743,42.10379399906144],[-122.41480599999998,42.104114999061416],[-122.414569,42.10431999906142],[-122.413868,42.104372999061425],[-122.41324999999999,42.104483999061436],[-122.41291100000001,42.10470999906141],[-122.41226700000006,42.105063999061414],[-122.41127800000001,42.10542299906142],[-122.41074100000003,42.10555299906142],[-122.40976699999999,42.10552899906141],[-122.40916,42.10550599906141],[-122.40887700000003,42.105890999061415],[-122.408977,42.106318999061415],[-122.409262,42.10668599906141],[-122.409736,42.10704599906141],[-122.41006600000003,42.107461999061414],[-122.40984799999998,42.10779799906142],[-122.40954,42.108161999061416],[-122.408875,42.108817999061394],[-122.40884900000002,42.10884199906142],[-122.40856200000003,42.1091139990614],[-122.40842000000004,42.10924899906139],[-122.40838599999998,42.10951799906141],[-122.408385,42.1097429990614]]},"id":"003c0000000000000ba8","properties":{"fullname":"Mill Creek Dr","linearid":"110340488274","mtfcc":"S1400","rttyp":"M"}},{"type":"Feature","geometry":{"type":"LineString","coordinates":[[-122.464978,42.06769899906154],[-122.46443900000004,42.06776199906154],[-122.464069,42.06783499906154],[-122.4636,42.06809599906153],[-122.463174,42.06836199906155],[-122.46254899999997,42.06859499906153],[-122.461901,42.06865399906154],[-122.46150200000002,42.06881799906155],[-122.461051,42.069001999061534],[-122.46093700000003,42.069048999061536],[-122.460349,42.06925999906153],[-122.46018300000003,42.06930499906151],[-122.45944300000001,42.069506999061545],[-122.45920600000001,42.07009599906152],[-122.45865400000001,42.07024699906154],[-122.45831900000003,42.070083999061545],[-122.45808199999999,42.06992599906154],[-122.45766800000001,42.069811999061535],[-122.45721699999997,42.06989199906153],[-122.456679,42.06986099906152],[-122.45606500000002,42.06977699906152],[-122.455592,42.06968599906153],[-122.45522799999998,42.06959399906153],[-122.45486600000002,42.069452999061525],[-122.454502,42.06928499906154],[-122.45406500000003,42.06910099906155],[-122.45361800000002,42.06875099906155],[-122.45334500000001,42.068735999061545],[-122.45289000000002,42.068968999061546],[-122.45232500000003,42.069213999061525],[-122.45179499999999,42.06946399906155],[-122.451458,42.069651999061534],[-122.451284,42.06998199906154],[-122.45121399999998,42.070438999061544],[-122.45113,42.070888999061545],[-122.450795,42.07123699906153],[-122.45044200000001,42.07145899906153],[-122.44973500000002,42.071675999061526],[-122.44965,42.07196799906153],[-122.449558,42.07237999906152],[-122.44934899999998,42.07282599906153],[-122.44924000000002,42.073117999061516],[-122.44906600000004,42.07337099906153],[-122.44880199999999,42.07360299906152],[-122.44866399999998,42.07391099906152],[-122.44835600000003,42.07475899906153],[-122.44779300000002,42.07533299906152],[-122.44715400000001,42.07563799906151],[-122.44698800000002,42.07609999906151],[-122.446629,42.076320999061515],[-122.44644900000002,42.07675099906152],[-122.446489,42.0769869990615],[-122.44698700000001,42.077357999061505],[-122.447609,42.077579999061506],[-122.44869800000001,42.077941999061515],[-122.44931799999999,42.07783999906151],[-122.450053,42.0776109990615],[-122.45022800000002,42.077258999061506],[-122.45015000000002,42.07689699906151],[-122.45031700000003,42.076763999061505],[-122.45094900000002,42.07646999906152],[-122.45131899999998,42.076401999061524],[-122.45254600000005,42.07659299906151],[-122.45315300000001,42.0766619990615],[-122.45370600000001,42.07666999906152],[-122.454304,42.07672199906151],[-122.45471600000002,42.07651099906151],[-122.45523899999999,42.076353999061524],[-122.45563100000001,42.07639099906152],[-122.455751,42.0766429990615],[-122.45557700000003,42.07702799906149],[-122.45535900000002,42.07730399906149],[-122.455227,42.07748599906152],[-122.454809,42.07768599906151],[-122.45456800000001,42.077966999061516],[-122.45411299999999,42.07821099906151],[-122.45355400000003,42.07842199906151],[-122.45306899999999,42.07863899906151],[-122.45241600000003,42.0790049990615],[-122.451914,42.07917199906149],[-122.45113599999998,42.07963199906148],[-122.45065199999998,42.07993599906149],[-122.45030900000005,42.08026199906149],[-122.44988900000001,42.08037999906149],[-122.44962500000004,42.0804739990615],[-122.44954099999998,42.08090899906149],[-122.44958800000002,42.081237999061486],[-122.44929600000003,42.081689999061496],[-122.44887800000001,42.08192199906149],[-122.44817200000001,42.08221699906148],[-122.447945,42.0822459990615],[-122.447465,42.082390999061495],[-122.446973,42.08261799906149],[-122.44650000000001,42.0825929990615],[-122.44636500000007,42.08239599906149],[-122.44622300000002,42.0822599990615],[-122.44586000000004,42.0820909990615],[-122.44545300000003,42.0819619990615],[-122.44518800000002,42.082105999061504],[-122.44512300000002,42.082330999061504],[-122.44510500000003,42.082698999061485],[-122.44491600000002,42.08302399906149],[-122.444327,42.083147999061495],[-122.44405900000001,42.08358899906148],[-122.44344200000002,42.08396499906148],[-122.44291200000004,42.08420399906148],[-122.442125,42.0844389990615],[-122.44183099999998,42.08469799906148],[-122.44161400000004,42.08504499906147],[-122.44086500000006,42.08537899906148],[-122.44050299999999,42.08547899906148],[-122.44036599999998,42.08579299906149],[-122.44028100000001,42.08615599906148],[-122.43984299999998,42.08658599906148],[-122.43946100000002,42.08690099906147],[-122.43913200000004,42.08712299906147],[-122.43846199999999,42.08736199906147],[-122.43789500000001,42.08757399906147],[-122.43713,42.087796999061474],[-122.436515,42.087678999061474],[-122.436133,42.08784599906147],[-122.435864,42.08825899906149],[-122.435422,42.08845399906146],[-122.43508100000001,42.08831799906148],[-122.43460800000003,42.08815599906147],[-122.43415500000003,42.08797099906147],[-122.43400100000004,42.08813099906148],[-122.43342,42.08829299906149],[-122.432741,42.08843899906148],[-122.431864,42.08853199906148],[-122.43131100000001,42.08858399906146],[-122.43064099999998,42.08880699906148],[-122.43001599999998,42.089127999061475],[-122.42955399999998,42.08945999906146],[-122.42926200000005,42.08990599906146],[-122.42923900000001,42.09046099906145],[-122.42932600000003,42.091058999061474],[-122.42940699999998,42.09184399906147],[-122.42927999999999,42.09237199906146],[-122.42899800000002,42.09291699906146],[-122.42851400000005,42.09328199906146],[-122.427957,42.09375099906144],[-122.42762900000004,42.09427999906145],[-122.42732600000001,42.09503399906144],[-122.42715399999999,42.09561099906145],[-122.42695399999998,42.09618299906145],[-122.426492,42.09655399906144],[-122.42615,42.09679099906145],[-122.426,42.096895999061445],[-122.42546400000002,42.097282999061456],[-122.424805,42.09769299906145],[-122.42413500000004,42.09804199906146],[-122.42375300000002,42.09821799906145],[-122.42345899999998,42.09835299906144],[-122.42310400000001,42.09835499906144],[-122.42263899999999,42.098274999061445],[-122.42224899999998,42.09841399906146],[-122.42194,42.098678999061455],[-122.421398,42.09909899906143],[-122.42064600000003,42.09926199906145],[-122.419744,42.09939999906144],[-122.41931100000002,42.09938799906144],[-122.41880099999999,42.09951699906144],[-122.41808,42.09979099906144]]},"id":"003c000000000000079e","properties":{"fullname":"Mill Creek Rd","linearid":"110340488284","mtfcc":"S1400","rttyp":"M"}},{"type":"Feature","geometry":{"type":"LineString","coordinates":[[-122.28342499999998,42.24721199906097],[-122.28339300000003,42.247427999060974],[-122.28337400000004,42.247518999060965],[-122.283348,42.24760799906096],[-122.28331000000004,42.247697999060954],[-122.28320900000001,42.247871999060976],[-122.28300900000002,42.24817799906096],[-122.28292800000003,42.24828399906095],[-122.28284800000004,42.24837199906096],[-122.28267000000002,42.24853799906096],[-122.28217499999998,42.24895299906096],[-122.28196,42.24912599906096],[-122.28174000000004,42.24929499906096],[-122.28147500000003,42.249479999060966],[-122.281351,42.24957699906097],[-122.28127300000003,42.24964699906096],[-122.28113000000002,42.24979399906096],[-122.281003,42.24995099906096],[-122.280892,42.25011599906095],[-122.28086300000001,42.25016899906095],[-122.28079600000002,42.25032499906096],[-122.28070800000003,42.25049099906096],[-122.28061300000003,42.250655999060946],[-122.28051099999999,42.250817999060956],[-122.28035400000006,42.251045999060956],[-122.280257,42.25116499906096],[-122.28004899999999,42.251395999060954],[-122.27986000000001,42.251626999060946],[-122.27975500000005,42.25173599906096],[-122.27969400000003,42.25178499906095],[-122.27958300000003,42.25186299906096],[-122.27952200000001,42.251894999060944],[-122.27946300000002,42.251915999060955],[-122.27933500000002,42.251946999060955],[-122.27925199999997,42.25195899906094],[-122.27908200000003,42.25196699906095],[-122.27874500000003,42.251969999060954],[-122.27848900000001,42.251953999060945],[-122.278231,42.25191799906096],[-122.27810600000002,42.251889999060936],[-122.27804400000001,42.25187099906095],[-122.27773799999999,42.25176099906094],[-122.27750200000003,42.25170699906095],[-122.277382,42.25168599906095],[-122.27725999999998,42.251669999060944],[-122.277051,42.251650999060956],[-122.27687600000004,42.251643999060946],[-122.27678900000001,42.25164799906094],[-122.276586,42.25168299906094],[-122.27632099999998,42.251707999060955],[-122.276232,42.25170899906096],[-122.276144,42.25170299906094],[-122.27604600000002,42.25168899906096],[-122.275734,42.25161799906096],[-122.27550100000002,42.25155299906096],[-122.275391,42.25151299906096],[-122.27529,42.251465999060954],[-122.27500799999999,42.25129699906096],[-122.27490900000002,42.25124699906095],[-122.274729,42.251166999060956],[-122.27460299999998,42.25111899906096],[-122.27447199999997,42.25108399906095],[-122.27430300000002,42.25106299906095],[-122.274254,42.251064999060944],[-122.27420699999998,42.25107599906095],[-122.2741,42.25111699906096],[-122.274046,42.25114799906097],[-122.27401199999996,42.25117799906096],[-122.27398700000002,42.251212999060954],[-122.27390900000005,42.251386999060955],[-122.273892,42.25145099906096],[-122.273872,42.25157899906095],[-122.27384800000003,42.25181499906093],[-122.27384600000002,42.25189699906093],[-122.27383400000002,42.25197699906094],[-122.27381700000001,42.25201499906096],[-122.27378400000003,42.25206199906094],[-122.27374199999998,42.25210799906095],[-122.273693,42.25214699906096],[-122.27364500000002,42.252172999060946],[-122.27359100000001,42.25219399906094],[-122.273416,42.25223999906096],[-122.27331800000002,42.25225999906094],[-122.27321800000003,42.252274999060944],[-122.272914,42.252305999060944],[-122.27269100000001,42.25233599906093],[-122.27257900000002,42.252344999060945],[-122.272464,42.252347999060945],[-122.27235,42.25234599906095],[-122.27224600000001,42.252336999060944],[-122.27168799999998,42.25224599906094],[-122.27138300000003,42.25220699906095],[-122.27122400000003,42.25219799906094],[-122.27106400000001,42.25219399906094],[-122.27090399999999,42.252195999060945],[-122.270837,42.252201999060944]]},"id":"003c0000000000001870","properties":{"fullname":"Old Baldy Spr","linearid":"1102288919739","mtfcc":"S1400","rttyp":"M"}},{"type":"Feature","geometry":{"type":"LineString","coordinates":[[-122.57631513469894,42.2513870919006],[-122.576446,42.252160999060955],[-122.57663400000003,42.25362899906095],[-122.57643000000004,42.25586599906095],[-122.57638000000001,42.257493999060955],[-122.57711300000001,42.260164999060926],[-122.57752899999998,42.261176999060915],[-122.578191,42.26175899906092],[-122.57918500000002,42.26238599906092],[-122.579238,42.26273399906092],[-122.57902200000001,42.263730999060925],[-122.57937000000001,42.26478299906092],[-122.57938499999999,42.26498899906092],[-122.57940299999999,42.26524799906092],[-122.579721,42.26592599906092],[-122.583332,42.2694479990609],[-122.583223,42.26983699906091],[-122.582493,42.270353999060895],[-122.58219899999997,42.270913999060895],[-122.58249000000004,42.2723419990609],[-122.58340500000001,42.2731899990609],[-122.583698,42.27363599906088],[-122.58371000000002,42.27450099906088],[-122.58393700000003,42.27505199906088],[-122.58502200000002,42.27632299906087]]},"id":"003c0000000000000a78","properties":{"fullname":"Shale City Rd","linearid":"110340488521","mtfcc":"S1400","rttyp":"M"}},{"type":"Feature","geometry":{"type":"MultiLineString","coordinates":[[[-122.54196061240731,42.274072730430184],[-122.542051,42.27411399906088],[-122.54259500000002,42.274800999060886],[-122.54260700000002,42.27516299906087],[-122.54221,42.27595699906088],[-122.542243,42.27624099906088],[-122.54253000000004,42.276518999060876],[-122.54441200000001,42.27674299906087],[-122.54507799999999,42.27682199906088],[-122.54690100000002,42.276233999060885],[-122.54723100000002,42.27621499906088],[-122.54819899999998,42.27658399906086],[-122.54947199999995,42.276715999060876],[-122.550443,42.276646999060866],[-122.55123000000002,42.27614999906089],[-122.55210500000001,42.27591999906086],[-122.55287700000001,42.275608999060886],[-122.55381100000001,42.27494599906087],[-122.55495800000003,42.27387999906089],[-122.55522999999998,42.273706999060884],[-122.555687,42.27386599906088],[-122.55698399999999,42.27626999906087],[-122.55824000000003,42.276426999060874],[-122.55867899999998,42.276560999060884],[-122.55900100000001,42.27683899906088],[-122.559498,42.277126999060876],[-122.56026900000003,42.277332999060874],[-122.560641,42.278061999060874],[-122.560585,42.27847599906086],[-122.560249,42.278829999060854],[-122.55902600000003,42.279691999060866],[-122.55758400000002,42.28022199906087],[-122.55742,42.28053399906087],[-122.55601100000001,42.28259999906086],[-122.555795,42.282940999060855]],[[-122.509285,42.25202199906095],[-122.50972799999998,42.25225199906094],[-122.51008300000001,42.252460999060936],[-122.51074600000001,42.25308099906095],[-122.51149999999998,42.25384199906094],[-122.51154300000003,42.25409999906095],[-122.51151800000001,42.25546899906094],[-122.51164899999999,42.25574999906094],[-122.51610199999999,42.25858799906093],[-122.52149700000002,42.26258299906091],[-122.52182400000005,42.26301599906092],[-122.52299899999998,42.26494399906089],[-122.52358699999998,42.265927999060914],[-122.523901,42.26650299906092],[-122.52473300000003,42.2669659990609],[-122.52555400000001,42.26709299906091],[-122.52608000000001,42.267250999060906],[-122.52824500000001,42.268606999060886],[-122.52852800000002,42.2687689990609],[-122.52899700000005,42.268760999060895],[-122.52957500000004,42.268349999060895],[-122.53073300000001,42.268148999060905],[-122.53124100000001,42.2682809990609],[-122.53241000000003,42.2684279990609],[-122.533407,42.26860399906091],[-122.533908,42.2688409990609],[-122.53503638367522,42.26968017960941]]]},"id":"003c0000000000000a98","properties":{"fullname":"Shale City Rd","linearid":"110340488522","mtfcc":"S1400","rttyp":"M"}},{"type":"Feature","geometry":{"type":"LineString","coordinates":[[-122.17152200000005,42.23739199906099],[-122.17155200000002,42.237457999060986],[-122.171747,42.23784099906099],[-122.171902,42.23818199906099],[-122.17207199999999,42.23850399906099],[-122.172172,42.238708999061004],[-122.17224500000003,42.238842999061],[-122.172497,42.239234999061004],[-122.17261399999998,42.239441999060986],[-122.17271800000002,42.23966099906099],[-122.17279599999999,42.239803999060975],[-122.17291900000005,42.23998699906097],[-122.173047,42.240138999060974],[-122.17310900000001,42.24020099906098],[-122.17317900000006,42.24025799906098],[-122.17324800000003,42.24029999906099],[-122.17387699999998,42.240616999061],[-122.174349,42.24086599906098],[-122.17471800000001,42.24104499906097],[-122.17478899999999,42.24107999906097],[-122.175266,42.241320999060974],[-122.17535900000003,42.24135799906097],[-122.17558000000001,42.24141599906098],[-122.17563300000002,42.241441999060974],[-122.175777,42.24154099906099]]},"id":"003c00000000000017a8","properties":{"fullname":"Yellow Jacket","linearid":"1102304365171","mtfcc":"S1400","rttyp":"M"}},{"type":"Feature","geometry":{"type":"LineString","coordinates":[[-122.17546019734135,42.24258929334887],[-122.175476,42.24255199906098],[-122.175507,42.24249499906099],[-122.175545,42.24243999906097],[-122.175734,42.24224399906096],[-122.17575499999997,42.24221399906097],[-122.17576700000001,42.24218199906097],[-122.17577300000004,42.24214799906099],[-122.17577,42.24208499906098],[-122.175777,42.24154099906099]]},"id":"003c00000000000017b2","properties":{"fullname":"Yellow Jacket","linearid":"1102314554030","mtfcc":"S1400","rttyp":"M"}},{"type":"Feature","geometry":{"type":"LineString","coordinates":[[-122.17775600000002,42.23924099906097],[-122.17754500000002,42.239328999060994],[-122.17738799999998,42.23939999906099],[-122.177237,42.239476999061],[-122.17711100000001,42.23954899906098],[-122.176872,42.23970499906099],[-122.17665999999998,42.239867999061005],[-122.176562,42.23995399906098],[-122.17647099999999,42.240044999060984],[-122.17639000000001,42.240138999060974],[-122.176317,42.24023699906099],[-122.176187,42.24043999906098],[-122.17612400000003,42.240553999060985],[-122.17606899999998,42.24067099906099],[-122.17597300000001,42.24090799906098],[-122.175892,42.241130999061],[-122.175796,42.241445999061],[-122.175777,42.24154099906099]]},"id":"003c00000000000017b4","properties":{"fullname":"Yellow Jacket","linearid":"1102282226379","mtfcc":"S1400","rttyp":"M"}},{"type":"Feature","geometry":{"type":"LineString","coordinates":[[-122.178557,42.24155399906098],[-122.17842200000003,42.24154099906099],[-122.17810200000001,42.24152999906098],[-122.17784600000002,42.241534999060995],[-122.17736200000003,42.24157699906096],[-122.17698799999998,42.24161599906098],[-122.17665699999999,42.241634999060985],[-122.176512,42.24163599906097],[-122.17629300000003,42.241624999060974],[-122.17606500000002,42.24159899906099],[-122.17591500000003,42.24157199906098],[-122.175777,42.24154099906099]]},"id":"003c00000000000017b6","properties":{"fullname":"Yellow Jacket","linearid":"1102314554032","mtfcc":"S1400","rttyp":"M"}},{"type":"Feature","geometry":{"type":"LineString","coordinates":[[-122.17761300000004,42.234671999061],[-122.177802,42.234690999061],[-122.17808400000001,42.234736999061],[-122.178373,42.23476399906099],[-122.178562,42.23479399906101],[-122.178745,42.234845999061],[-122.178832,42.23488099906101],[-122.178898,42.234912999061],[-122.17899200000002,42.234967999061],[-122.17920099999998,42.23509399906099],[-122.17928,42.23518099906101],[-122.17943400000001,42.23537699906099],[-122.179508,42.235485999061],[-122.17964,42.235733999061],[-122.17971599999998,42.235843999061004],[-122.179802,42.235949999061006],[-122.17985899999996,42.236030999060986],[-122.179991,42.23621199906099],[-122.18013400000001,42.236445999061],[-122.18022500000004,42.23661899906101],[-122.18038000000001,42.23697199906101],[-122.180507,42.237292999061],[-122.18062000000002,42.23756199906099],[-122.180681,42.23769499906099],[-122.180802,42.23791599906099],[-122.18095100000001,42.23814699906098],[-122.18129999999998,42.23863599906098],[-122.181432,42.238807999060995],[-122.18168800000002,42.239117999060994],[-122.18176999999999,42.239237999061],[-122.181991,42.23960499906098],[-122.18238899999999,42.24019599906099],[-122.182544,42.24044899906098],[-122.18260900000004,42.24058499906099],[-122.18266500000001,42.24072399906099],[-122.182714,42.240863999060984],[-122.182834,42.24130599906098],[-122.18287300000001,42.24143099906098],[-122.182918,42.24155499906097],[-122.18297,42.24167699906098],[-122.183028,42.24179699906098],[-122.183092,42.24191599906098],[-122.183156,42.24202099906099],[-122.183221,42.24212199906097],[-122.18346527936167,42.242579017967785]]},"id":"003c00000000000017bc","properties":{"fullname":"Yellow Jacket","linearid":"1102314729539","mtfcc":"S1400","rttyp":"M"}},{"type":"Feature","geometry":{"type":"LineString","coordinates":[[-122.38218499999998,42.184320999061164],[-122.38141200000005,42.18468999906117],[-122.38042400000002,42.185544999061165],[-122.379898,42.18583999906117],[-122.37904599999999,42.18616799906116],[-122.37859900000001,42.18673899906117],[-122.377991,42.18713799906116],[-122.37759599999998,42.187504999061154],[-122.376752,42.18787099906116],[-122.37601099999998,42.188176999061156],[-122.375374,42.188493999061166],[-122.375252,42.18896699906115],[-122.37519699999999,42.18936299906115],[-122.374697,42.19020199906115],[-122.37410100000002,42.19094299906114],[-122.37389099999999,42.19134799906114]]},"id":"003c0000000000000ac7","properties":{"fullname":"Yew Spring Rd","linearid":"110340488875","mtfcc":"S1400","rttyp":"M"}},{"type":"Feature","geometry":{"type":"LineString","coordinates":[[-122.38218499999998,42.184320999061164],[-122.382806,42.183951999061165],[-122.38317799999997,42.18355099906117],[-122.38363,42.183359999061175],[-122.38448700000001,42.183257999061176],[-122.38503299999999,42.18309599906117],[-122.385179,42.183050999061166],[-122.385672,42.18322299906117],[-122.38584900000002,42.183562999061174],[-122.38628899999998,42.184077999061174],[-122.386648,42.18434699906118],[-122.38692000000006,42.18478099906116],[-122.38755499999999,42.18501799906115],[-122.3884,42.18487999906117],[-122.39102199999996,42.184863999061164],[-122.39165299999999,42.18496299906116],[-122.39229700000001,42.18550099906116],[-122.39334400000001,42.185449999061156],[-122.393528,42.18544399906115]]},"id":"003c0000000000000ade","properties":{"fullname":"Yew Spring Rd","linearid":"110340488876","mtfcc":"S1400","rttyp":"M"}},{"type":"Feature","geometry":{"type":"LineString","coordinates":[[-122.36495099999998,42.17723999906118],[-122.36556900000001,42.17754399906118],[-122.36595000000004,42.17808899906119],[-122.366011,42.17882599906118],[-122.366056,42.17971699906118],[-122.36593200000002,42.18050799906118],[-122.36603399999998,42.181695999061176],[-122.36635500000004,42.18247699906117],[-122.36712699999998,42.18286999906118],[-122.36784100000001,42.18300899906117],[-122.36869699999998,42.18322599906116],[-122.36965700000002,42.18313499906118],[-122.370539,42.18283499906118],[-122.371023,42.18240199906117],[-122.37149200000002,42.18175999906117],[-122.37228000000003,42.181124999061176],[-122.372968,42.18076399906117],[-122.37381099999998,42.18075499906118],[-122.374719,42.18082899906118],[-122.375522,42.18102399906117],[-122.37577700000001,42.18140399906117],[-122.37601099999998,42.181893999061174],[-122.37724800000002,42.18238599906118],[-122.378256,42.18283999906117],[-122.37904399999998,42.18333099906118],[-122.379757,42.18373499906117],[-122.38083499999999,42.183819999061164],[-122.381519,42.18398699906116],[-122.38218499999998,42.184320999061164]]},"id":"003c0000000000000ae2","properties":{"fullname":"Yew Spring Rd","linearid":"110340488877","mtfcc":"S1400","rttyp":"M"}},{"type":"Feature","geometry":{"type":"LineString","coordinates":[[-122.276512,42.23102999906101],[-122.27654900000005,42.23108799906102],[-122.276653,42.23117699906101],[-122.27680199999998,42.23127999906101],[-122.276833,42.23135299906101],[-122.27692100000004,42.23150899906102],[-122.27701600000003,42.231660999061006],[-122.277162,42.23187199906102],[-122.27718,42.23189199906101],[-122.277202,42.231907999061015],[-122.277245,42.23192299906103],[-122.27730200000005,42.23192899906101],[-122.27734000000002,42.23192599906101],[-122.27738100000003,42.23191499906101],[-122.27740700000003,42.23190299906102],[-122.277472,42.23187199906102],[-122.27769600000002,42.231687999061016],[-122.278069,42.231355999060995],[-122.27813200000001,42.231288999061015],[-122.278189,42.231219999061025],[-122.27827,42.23110399906102],[-122.27830300000001,42.231043999061015],[-122.278327,42.23096899906102],[-122.27837999999998,42.23069599906101],[-122.278396,42.23063799906102],[-122.27842200000005,42.230583999061025],[-122.27847699999998,42.23051099906101],[-122.27850999999998,42.230475999061014],[-122.27854800000001,42.230444999061035],[-122.27861800000001,42.23040799906102],[-122.27870899999999,42.23038399906102],[-122.27887600000001,42.23035399906102],[-122.27898299999998,42.23034399906102],[-122.27917100000003,42.23033399906101],[-122.27941500000003,42.230335999061026],[-122.27952100000005,42.23034299906101],[-122.27973199999998,42.230365999061014],[-122.27983700000001,42.23036799906102],[-122.27994400000001,42.23035899906101],[-122.28027200000001,42.230314999061015],[-122.28038400000001,42.23030399906103],[-122.28052799999998,42.230299999061],[-122.28096000000001,42.23030999906102],[-122.281102,42.23031999906102],[-122.281243,42.23033699906101],[-122.28167000000003,42.230425999061026],[-122.28172,42.23042899906102],[-122.28182699999999,42.23041299906102],[-122.28187800000002,42.230397999061026],[-122.28194100000002,42.230372999061025],[-122.28209,42.230291999061016],[-122.282232,42.23019899906102],[-122.28229200000001,42.23016499906102],[-122.282357,42.23013799906101],[-122.28240000000005,42.23012599906101],[-122.28253800000002,42.23009799906102],[-122.282612,42.23009199906102]]},"id":"003c0000000000001889","properties":{"fullname":"'30' Upper Spr","linearid":"1102314769896","mtfcc":"S1400","rttyp":"M"}},{"type":"Feature","geometry":{"type":"LineString","coordinates":[[-122.49993400000001,42.11691099906139],[-122.49932100000002,42.116577999061384],[-122.49915400000003,42.11615199906138],[-122.49855899999999,42.11555299906139],[-122.49825500000001,42.1148979990614],[-122.498092,42.11468199906139],[-122.49801800000002,42.11458299906138],[-122.49796400000001,42.11454499906139],[-122.49786299999998,42.11447299906139],[-122.497884,42.114431999061395],[-122.49798200000002,42.11424499906139],[-122.498113,42.114187999061386],[-122.49843000000001,42.11404899906138],[-122.49851399999999,42.113912999061384],[-122.498623,42.11373599906139],[-122.49884499999997,42.1131689990614],[-122.49887900000003,42.11308199906139],[-122.49910499999996,42.11304099906139],[-122.49997299999998,42.11332599906141],[-122.500332,42.1135079990614],[-122.50149899999997,42.1129039990614],[-122.50197599999998,42.112801999061396],[-122.502325,42.1126639990614],[-122.50237800000001,42.1126369990614],[-122.50274700000001,42.1124499990614],[-122.50315100000003,42.11242399906139],[-122.50347,42.112154999061396],[-122.50392099999999,42.1112629990614],[-122.50440799999998,42.11070899906141],[-122.50502200000003,42.11015299906141],[-122.50513600000002,42.10977499906141],[-122.50522,42.10924699906141],[-122.50528700000001,42.1090389990614],[-122.50546000000003,42.10899299906141],[-122.505589,42.10895799906142],[-122.50622000000003,42.10894699906141],[-122.507399,42.10869999906141],[-122.50850000000001,42.10837999906139],[-122.51006699999999,42.107655999061414],[-122.51052099999998,42.10735399906142],[-122.510561,42.10732799906142],[-122.51082600000002,42.106927999061426],[-122.51088999999999,42.10655099906142],[-122.51084000000003,42.10619399906141],[-122.51067700000002,42.10544599906144],[-122.510489,42.10509199906142],[-122.51048100000001,42.10403899906143],[-122.51074000000004,42.10346999906143],[-122.51057399999999,42.10302199906143],[-122.510702,42.102304999061424],[-122.511104,42.101451999061425],[-122.511206,42.10069799906144],[-122.51108100000002,42.099966999061415],[-122.510339,42.097310999061435],[-122.51001900000001,42.09677099906144],[-122.50934600000002,42.09623799906143],[-122.50869400000003,42.095917999061435],[-122.50827,42.095709999061455],[-122.50642800000001,42.09501199906144],[-122.50168500000004,42.092726999061455],[-122.500628,42.09226599906145],[-122.50001400000002,42.09179799906147],[-122.49959100000002,42.091203999061456],[-122.49901999999999,42.09068799906147],[-122.49835699999998,42.09049299906146],[-122.49787500000001,42.090425999061466],[-122.49756699999999,42.090261999061475],[-122.49737800000003,42.089870999061475],[-122.49736599999999,42.08951399906149],[-122.49755300000001,42.08902199906145],[-122.497948,42.08875199906146],[-122.49816400000003,42.08840899906148],[-122.49863500000001,42.08815599906146],[-122.49897700000001,42.08777399906149],[-122.499566,42.08725599906147],[-122.49935999999998,42.08635699906147],[-122.49866100000004,42.085805999061485],[-122.49678900000002,42.08487999906148],[-122.49619700000001,42.08441699906149],[-122.49620100000003,42.08420399906148],[-122.49620499999999,42.083987999061485],[-122.49677799999999,42.08373399906148],[-122.49810799999999,42.083521999061496],[-122.49898299999998,42.0832429990615],[-122.49930100000002,42.082936999061495],[-122.49923999999999,42.08182899906149],[-122.499399,42.08127999906149],[-122.499972,42.0802549990615],[-122.49915700000001,42.0792349990615],[-122.49890699999999,42.07850699906151],[-122.49887200000003,42.07795499906151],[-122.49885600000002,42.07769899906152],[-122.49895199999999,42.07754699906151],[-122.49989499999998,42.07784999906149],[-122.50042299999998,42.077783999061516],[-122.501163,42.0780339990615],[-122.50143500000001,42.07785999906152],[-122.501815,42.07790999906151],[-122.502307,42.07829599906152],[-122.50276700000002,42.0784759990615],[-122.503079,42.078328999061505],[-122.50353699999998,42.07729599906151],[-122.504463,42.076282999061505],[-122.50461200000001,42.07620499906152],[-122.50482599999998,42.07580699906151],[-122.504577,42.075115999061524],[-122.50457400000003,42.07425099906151],[-122.505054,42.07347099906151],[-122.505821,42.07298799906153],[-122.506001,42.07230799906152],[-122.50626899999999,42.07200199906152],[-122.50690900000004,42.07188399906153],[-122.507397,42.071793999061526],[-122.50854500000001,42.07137799906152],[-122.508871,42.071315999061525],[-122.50857700000002,42.070794999061526],[-122.50686800000003,42.069452999061525],[-122.50657800000002,42.06906299906153],[-122.50608500000003,42.06863999906154],[-122.50567499999998,42.06843999906154],[-122.50368999999999,42.06793099906156],[-122.50301699999999,42.06739699906153],[-122.50232000000003,42.06611199906153],[-122.50217600000002,42.065550999061536],[-122.50178200000003,42.06506899906155],[-122.50114699999999,42.06494899906155],[-122.50099700000001,42.06444099906155],[-122.50106200000002,42.06385999906154],[-122.500505,42.063042999061565],[-122.50051300000001,42.062496999061565],[-122.501088,42.06152799906155],[-122.50155499999998,42.061162999061565],[-122.50200699999999,42.05951899906156],[-122.502089,42.058915999061576],[-122.502075,42.058483999061565],[-122.502421,42.057480999061575],[-122.50350700000001,42.05672799906157],[-122.504448,42.056165999061584],[-122.504857,42.0555569990616],[-122.50586500000003,42.05473099906158],[-122.50668700000001,42.05441499906159],[-122.50788199999998,42.053923999061574],[-122.508601,42.05353499906157],[-122.50906700000002,42.0531129990616],[-122.509664,42.0528579990616],[-122.51013800000005,42.05269899906159],[-122.511765,42.05308399906158],[-122.51204600000001,42.0531919990616],[-122.51296,42.053362999061584],[-122.51464599999998,42.05321999906159],[-122.51521900000002,42.053002999061576],[-122.515554,42.05245199906159],[-122.51592700000002,42.0507339990616],[-122.516741,42.0501559990616],[-122.51740500000001,42.04961699906159],[-122.51776200000002,42.04862499906161],[-122.51747499999998,42.047000999061616],[-122.517694,42.0465319990616],[-122.51822300000003,42.04599899906161],[-122.52006799999998,42.04515199906162],[-122.52126299999999,42.043501999061625],[-122.52118499999999,42.04346999906162],[-122.52071,42.04327899906163],[-122.519694,42.04323899906163],[-122.51982400000003,42.04242299906163],[-122.51932599999999,42.04150099906164],[-122.517269,42.040607999061635],[-122.51686400000003,42.04014999906164],[-122.514578,42.03943499906165],[-122.51397200000002,42.03758499906164],[-122.51269099999999,42.03656099906165],[-122.51347100000002,42.03654699906164],[-122.51481100000001,42.03698799906166],[-122.514798,42.03658099906164],[-122.51432500000004,42.03641499906166],[-122.513912,42.03572499906166],[-122.51280600000001,42.03527899906165],[-122.51138199999998,42.03466499906166],[-122.51059599999998,42.034504999061646],[-122.509282,42.03487699906165],[-122.508582,42.03494799906166],[-122.50722700000001,42.03404099906166],[-122.50578599999999,42.03290399906166],[-122.50483400000002,42.03239799906167],[-122.50385200000001,42.03096099906167],[-122.50350600000003,42.02992099906168],[-122.50200500000003,42.02930799906168],[-122.50183,42.02861199906169]]},"id":"003c0000000000000799","properties":{"fullname":"Baldy Creek Rd","linearid":"110340488895","mtfcc":"S1400","rttyp":"M"}},{"type":"Feature","geometry":{"type":"LineString","coordinates":[[-122.44548699999999,42.204142999061105],[-122.44571100000003,42.20465099906111],[-122.44585000000002,42.20512899906109],[-122.44585000000002,42.20588399906109],[-122.44588700000001,42.206549999061096],[-122.445988,42.20735499906108],[-122.44612599999999,42.20799699906107],[-122.44626500000003,42.20848799906109],[-122.446504,42.20900299906109],[-122.44698200000002,42.20982099906107],[-122.44740899999998,42.21044999906108],[-122.44774900000004,42.21095299906108],[-122.448038,42.21124199906107],[-122.448516,42.21154399906108],[-122.44904500000001,42.21183399906108],[-122.44920799999998,42.21197199906107],[-122.44928500000002,42.21215299906108],[-122.44924200000003,42.21239399906108],[-122.44899400000001,42.212693999061074],[-122.44858900000001,42.213006999061065],[-122.448041,42.213268999061064],[-122.447453,42.213490999061065],[-122.446539,42.21356899906106],[-122.445612,42.213633999061074],[-122.445285,42.213790999061075],[-122.44505000000001,42.213986999061056],[-122.444985,42.21412999906107],[-122.444985,42.21440499906107],[-122.44508899999998,42.21462699906107],[-122.445285,42.214861999061064],[-122.44583400000003,42.21534499906105],[-122.446513,42.21595899906106],[-122.44720500000004,42.21668999906105],[-122.44780599999999,42.21749999906107],[-122.44804200000002,42.21805599906105],[-122.44791,42.218465999061046],[-122.44777900000001,42.21897499906107],[-122.44779899999999,42.21926599906104],[-122.447858,42.21952399906104],[-122.448001,42.21979799906105],[-122.44821000000002,42.21999399906104],[-122.44862800000001,42.22017699906103],[-122.44971199999999,42.22052899906105],[-122.45084799999998,42.22085599906105],[-122.451566,42.22110399906105],[-122.45223200000004,42.22129999906104],[-122.45254600000005,42.221338999061054],[-122.45295100000001,42.22128699906104],[-122.45347300000003,42.221129999061056],[-122.453786,42.220998999061045],[-122.45417800000003,42.220946999061056],[-122.45476599999998,42.22092099906104],[-122.455301,42.22095999906106],[-122.455928,42.22105099906104],[-122.45654200000003,42.221233999061035],[-122.45719500000001,42.221364999061045],[-122.45812200000002,42.22150899906103],[-122.45916700000001,42.22172999906105],[-122.45995000000002,42.221991999061046],[-122.46068099999998,42.22221399906105],[-122.46134700000002,42.22242299906103],[-122.46198700000001,42.22257899906104],[-122.462666,42.22274899906104],[-122.46337100000004,42.222800999061036],[-122.463985,42.222787999061055],[-122.465056,42.22273599906104],[-122.46604800000001,42.22267099906103],[-122.46680600000003,42.22260499906104],[-122.46781100000004,42.22251399906104],[-122.468125,42.22251399906104],[-122.46866000000001,42.222513999061036],[-122.468869,42.22252699906103],[-122.46953500000004,42.22267099906103],[-122.47012299999999,42.222839999061044],[-122.47056699999999,42.22307599906104],[-122.47134999999999,42.22347999906104],[-122.47225100000001,42.22391199906103],[-122.47329599999999,42.224472999061035],[-122.47354499999999,42.22462199906102],[-122.474024,42.22485599906104],[-122.47470500000007,42.22518699906104],[-122.47501300000002,42.22533799906105],[-122.47531300000003,42.225509999061025],[-122.475531,42.225361999061036],[-122.47593299999998,42.225184999061035],[-122.47741600000002,42.22486699906103],[-122.47809600000002,42.22481899906103],[-122.479069,42.224817999061024],[-122.47987900000007,42.224927999061045],[-122.480792,42.22507399906103],[-122.48153700000006,42.22521199906104],[-122.48188600000002,42.225360999061024],[-122.48209100000001,42.22545099906102],[-122.48247300000003,42.22579699906103],[-122.48306000000001,42.22637899906105],[-122.483743,42.22688699906103],[-122.48438799999998,42.22738899906103],[-122.48494600000004,42.22788299906102],[-122.48539600000002,42.228317999061034],[-122.48568799999998,42.22880299906101]]},"id":"003c0000000000000a8b","properties":{"fullname":"Buck Divide Rd","linearid":"110340488961","mtfcc":"S1400","rttyp":"M"}},{"type":"Feature","geometry":{"type":"LineString","coordinates":[[-122.48217499999998,42.16977299906121],[-122.482434,42.170134999061204],[-122.48382299999999,42.17110399906121],[-122.48420800000001,42.171353999061225],[-122.48485600000001,42.171559999061195],[-122.48552500000001,42.17156599906121],[-122.48613800000001,42.171875999061186],[-122.487118,42.17285299906122],[-122.48813799999998,42.1739729990612],[-122.48895000000002,42.17490399906118],[-122.490301,42.17536099906119],[-122.49134699999999,42.17629199906119],[-122.49218000000003,42.17672699906118],[-122.49283700000001,42.17784899906119],[-122.49337100000001,42.1783839990612],[-122.49377100000001,42.17876199906119],[-122.49447299999999,42.179133999061165],[-122.49615100000001,42.18054399906117],[-122.497171,42.18134299906117],[-122.497179,42.181597999061175],[-122.497456,42.182230999061176],[-122.49871800000004,42.18312599906117],[-122.49885999999998,42.18322699906116],[-122.50062499999997,42.18478999906115],[-122.50225800000001,42.18488799906116],[-122.50294099999999,42.18481199906117],[-122.50382900000004,42.18575299906116],[-122.50528199999998,42.18559999906116],[-122.50674900000001,42.18589199906116],[-122.507033,42.18671599906115],[-122.50697600000001,42.18760999906113],[-122.50771700000001,42.18886899906115],[-122.50849500000001,42.19029699906116],[-122.508768,42.19088799906115],[-122.50878700000003,42.19090399906115],[-122.50938100000003,42.19101899906113],[-122.509309,42.19146899906114],[-122.509321,42.19183199906114],[-122.50932500000002,42.19194999906114],[-122.51014200000002,42.191902999061135],[-122.51062900000004,42.192278999061124],[-122.51109300000003,42.19329599906112],[-122.51190099999997,42.194307999061124],[-122.51199800000002,42.19462699906112],[-122.51337800000003,42.19463399906114],[-122.514623,42.19448399906113],[-122.51690900000003,42.19450699906114],[-122.51987699999998,42.19432499906112],[-122.520659,42.19450399906114],[-122.52101000000002,42.19470499906112],[-122.52100200000001,42.194778999061135],[-122.52066500000002,42.195257999061134],[-122.52051800000002,42.19546799906113],[-122.519418,42.196128999061116],[-122.51801800000001,42.19656199906113],[-122.51783300000002,42.19688099906112],[-122.51739599999999,42.197575999061115],[-122.51772100000001,42.19830699906112],[-122.518608,42.19906099906112],[-122.51872000000002,42.20010899906111],[-122.51896000000002,42.20059299906112]]},"id":"003c0000000000000a5b","properties":{"fullname":"Burnt Creek Rd","linearid":"1105598219367","mtfcc":"S1400","rttyp":"M"}},{"type":"Feature","geometry":{"type":"MultiLineString","coordinates":[[[-122.50286310892365,42.220936234694285],[-122.502134,42.22098599906105],[-122.501055,42.221126999061056],[-122.50049000000001,42.221349999061054],[-122.500055,42.221812999061044],[-122.49986000000003,42.22275899906104],[-122.49986000000003,42.22339699906104],[-122.499655,42.223992999061046],[-122.49986000000003,42.224642999061054],[-122.50008100000001,42.22518599906106],[-122.50015599999999,42.225609999061035],[-122.500344,42.226365999061024],[-122.500517,42.22666699906103],[-122.50083000000004,42.22690299906103],[-122.50115199999999,42.22685199906103],[-122.50141299999997,42.22696199906105],[-122.50152200000002,42.227222999061034],[-122.50271500000001,42.23116399906101],[-122.50395499999998,42.231820999061],[-122.50412499999999,42.232042999061015],[-122.50463400000001,42.23197299906101],[-122.50493299999998,42.231660999061006],[-122.504937,42.231237999061015],[-122.505195,42.230974999061026],[-122.50556100000001,42.230907999061],[-122.50581700000001,42.231004999061014],[-122.50612699999999,42.23136899906101],[-122.50622500000003,42.231868999061014],[-122.50601900000002,42.23249199906102],[-122.50588199999999,42.232907999061005],[-122.50694400000002,42.23322299906101],[-122.50717500000002,42.233416999061006],[-122.507429,42.23368599906101],[-122.50753300000001,42.234134999061006],[-122.507109,42.234541999061],[-122.50658799999998,42.234739999061006],[-122.50646700000001,42.23491799906101],[-122.506998,42.235531999060996],[-122.507453,42.23639999906099],[-122.50738699999998,42.236831999060996],[-122.507199,42.23732099906101],[-122.50610000000002,42.23939199906099],[-122.50706699999999,42.242124999061],[-122.507505,42.24273799906098],[-122.50783735326979,42.242917900593234]],[[-122.51900499999996,42.200655999061105],[-122.518193,42.20220999906112],[-122.51782099999997,42.202175999061126],[-122.517274,42.20298999906111],[-122.516257,42.2042019990611],[-122.51557700000001,42.2053229990611],[-122.51557800000003,42.2059179990611],[-122.51579200000002,42.206465999061095],[-122.515794,42.20687799906109],[-122.515453,42.20763299906109],[-122.514653,42.2087069990611],[-122.51333100000001,42.20914199906108],[-122.512897,42.20966899906109],[-122.51248100000001,42.21224999906108],[-122.51186600000001,42.21322199906107],[-122.51120000000003,42.21397199906107],[-122.51058399999998,42.21491199906107],[-122.509747,42.215728999061064],[-122.50947400000003,42.215977999061074],[-122.50811899999998,42.217050999061065],[-122.508036,42.21751299906106],[-122.50796300000002,42.217919999061046],[-122.50781100000003,42.21828699906105],[-122.5075798582577,42.21846732342949]]]},"id":"003c0000000000000a83","properties":{"fullname":"Burnt Creek Rd","linearid":"110340488973","mtfcc":"S1400","rttyp":"M"}},{"type":"Feature","geometry":{"type":"LineString","coordinates":[[-122.24619700000002,42.228417999061016],[-122.24606999999999,42.22847699906102],[-122.245964,42.22849599906102],[-122.245862,42.22852299906102],[-122.24577300000003,42.228551999061025],[-122.24568800000007,42.228586999061015],[-122.24556200000004,42.228650999061],[-122.24550000000005,42.228687999061016],[-122.24525400000002,42.228849999061026],[-122.24515799999999,42.22890799906103],[-122.2451,42.22893499906101],[-122.24491600000003,42.22900499906103],[-122.24479699999999,42.22905599906101],[-122.24469100000003,42.229111999061026],[-122.24458900000003,42.22917399906104],[-122.24449400000002,42.22923899906102],[-122.24439899999999,42.22931599906101],[-122.24431200000001,42.229397999061014],[-122.244233,42.22948299906101],[-122.24417500000003,42.22955599906103],[-122.24407600000002,42.229708999060996],[-122.24399400000004,42.22986799906103],[-122.24392600000003,42.230013999061015],[-122.24385500000002,42.230216999061014],[-122.24377700000001,42.230491999061016],[-122.24373200000002,42.23062799906102],[-122.24361499999998,42.23094699906102],[-122.243461,42.23129299906103],[-122.24336700000003,42.231481999061],[-122.24331500000004,42.23157399906101],[-122.243197,42.23175399906102],[-122.24313000000001,42.23184099906101],[-122.24302899999999,42.231946999061016],[-122.24292,42.23204999906102],[-122.24281999999998,42.232156999061026],[-122.24275599999999,42.232242999061015],[-122.24264700000003,42.232422999061015],[-122.242502,42.232699999061026],[-122.242346,42.233041999061],[-122.24230700000001,42.233106999061],[-122.24228200000002,42.23313999906102],[-122.24226000000002,42.233168999061],[-122.24214100000002,42.233305999061],[-122.242104,42.23333599906102],[-122.242032,42.23337099906101],[-122.241938,42.23340099906101],[-122.24186400000002,42.23343399906101],[-122.241833,42.233454999061],[-122.24181100000001,42.233484999061],[-122.24177300000004,42.23358399906102],[-122.24175300000002,42.23367699906101],[-122.24173900000001,42.23386599906101],[-122.241719,42.233997999060996],[-122.24164200000001,42.234273999060996],[-122.24160900000001,42.234411999061],[-122.241593,42.23455199906101],[-122.24159600000003,42.23462199906101],[-122.241613,42.234742999061005],[-122.24160500000004,42.234832999061005],[-122.241593,42.23487699906101],[-122.24156799999997,42.234930999061014],[-122.24153500000001,42.234981999061006],[-122.24147100000002,42.23505599906101],[-122.24097400000001,42.235467999061],[-122.240893,42.23553999906102],[-122.240752,42.23562899906099],[-122.24067800000002,42.23566099906101],[-122.24052200000001,42.235703999061],[-122.24042599999999,42.235716999061005],[-122.24031400000005,42.23571099906101],[-122.24028799999999,42.23570599906101]]},"id":"003c0000000000001897","properties":{"fullname":"Cold Creek Spr","linearid":"1102314714881","mtfcc":"S1400","rttyp":"M"}},{"type":"Feature","geometry":{"type":"LineString","coordinates":[[-122.24597800000002,42.22441399906105],[-122.245937,42.22456399906105],[-122.245895,42.22475599906103],[-122.24581400000001,42.22506099906103],[-122.245662,42.22552199906102],[-122.24563800000003,42.22566299906102],[-122.24562000000002,42.225732999061016],[-122.24558,42.225819999061024],[-122.24555199999998,42.22586099906103],[-122.24549200000001,42.22592199906102],[-122.245457,42.22594799906104],[-122.24541699999997,42.22596899906103],[-122.24537100000002,42.22598099906102],[-122.245319,42.225986999061035],[-122.24510900000003,42.22599399906104],[-122.245006,42.22599099906104],[-122.244904,42.22598099906102],[-122.24472300000001,42.22594599906105],[-122.244569,42.225939999061026],[-122.24449199999998,42.22594299906105],[-122.24440200000004,42.22595399906104],[-122.244223,42.225986999061035],[-122.24401399999998,42.22600999906104],[-122.243878,42.226030999061024],[-122.243815,42.22604899906103],[-122.24374099999999,42.22608099906105],[-122.24367199999999,42.22611899906103],[-122.24344300000003,42.226268999061034],[-122.24334999999999,42.22633699906105],[-122.243262,42.22640899906102],[-122.24320000000002,42.226476999061035],[-122.24310600000004,42.226598999061046],[-122.242991,42.22689699906103],[-122.24290900000001,42.22694099906103]]},"id":"003c00000000000018a2","properties":{"fullname":"Cold Creek Spr","linearid":"1102284332504","mtfcc":"S1400","rttyp":"M"}},{"type":"Feature","geometry":{"type":"LineString","coordinates":[[-122.3888195902473,42.20015335342974],[-122.38886,42.200130999061116],[-122.38892200000004,42.2000969990611],[-122.39089600000005,42.198749999061114],[-122.39174300000002,42.19811999906113],[-122.39232999999997,42.1975329990611],[-122.392592,42.19697299906112],[-122.39291900000003,42.19673199906112],[-122.39361400000001,42.19676699906113],[-122.39424800000002,42.19673599906114],[-122.394751,42.196517999061115],[-122.394789,42.196500999061115],[-122.39501500000003,42.19587999906114],[-122.39484500000002,42.19556399906113],[-122.39459900000001,42.195108999061134],[-122.394501,42.19437799906114],[-122.394505,42.19360799906113],[-122.39467400000002,42.19285599906114],[-122.39441100000003,42.19222299906114],[-122.394436,42.19200999906114],[-122.394466,42.191727999061136],[-122.394628,42.19090899906115],[-122.39448900000004,42.19042499906114],[-122.39416700000001,42.190204999061145],[-122.39406499999998,42.18987399906115],[-122.39438600000001,42.189467999061144],[-122.39439,42.18902299906112],[-122.39336200000001,42.18788799906115],[-122.39326899999999,42.18742099906115],[-122.393195,42.18646399906117],[-122.39326500000003,42.185853999061145],[-122.393528,42.18544399906115]]},"id":"003c0000000000000acc","properties":{"fullname":"Eve Springs Rd","linearid":"110340489306","mtfcc":"S1400","rttyp":"M"}},{"type":"Feature","geometry":{"type":"LineString","coordinates":[[-122.38530700000001,42.20058199906111],[-122.38508799999998,42.20024099906112],[-122.38486500000002,42.200112999061105],[-122.38452800000003,42.199917999061114],[-122.384119,42.199682999061125],[-122.384036,42.19959499906113],[-122.383876,42.199226999061125],[-122.38390799999998,42.19890499906112],[-122.38394700000003,42.19871399906113],[-122.383449,42.196399999061136],[-122.38339300000003,42.19613999906114],[-122.383252,42.195486999061124],[-122.38174300000001,42.19514099906114],[-122.37914899999998,42.19525899906113],[-122.37700400000003,42.195439999061136],[-122.37585800000001,42.19546199906114],[-122.37445600000001,42.19533699906112],[-122.373472,42.19534299906113],[-122.373358,42.19534399906113],[-122.37105700000001,42.19524499906113],[-122.36869999999999,42.19546099906113],[-122.366669,42.19527999906113],[-122.36516300000001,42.19528099906113],[-122.36389900000005,42.19560099906113],[-122.362672,42.19545799906113],[-122.35963800000002,42.19758799906113],[-122.358649,42.19790199906113],[-122.35759800000001,42.19791999906112],[-122.35745100000004,42.19792199906112],[-122.35557599999999,42.198694999061125],[-122.35452899999999,42.198630999061116],[-122.35383499999999,42.198587999061125],[-122.353674,42.19857799906112],[-122.35263599999999,42.197711999061134],[-122.35260800000003,42.19640499906114],[-122.352291,42.19632099906113],[-122.351749,42.19590999906112],[-122.35092199999998,42.195459999061136],[-122.350323,42.19538399906112],[-122.34972500000003,42.19542299906113],[-122.34848499999998,42.19617499906113],[-122.34778999999999,42.19626299906112],[-122.34522300000005,42.19515499906113],[-122.34377200000003,42.19507899906113],[-122.34320100000004,42.19532499906113],[-122.34244300000002,42.195414999061136],[-122.34199900000002,42.195246999061126],[-122.341409,42.19480199906114],[-122.34085400000002,42.19450999906114],[-122.34081499999999,42.19428999906114],[-122.34155399999999,42.19370399906114],[-122.34157999999996,42.19354999906113],[-122.34138899999999,42.19341999906114],[-122.340503,42.193147999061146],[-122.33984499999997,42.192669999061145],[-122.338917,42.19292499906114],[-122.33807200000001,42.192689999061145],[-122.336851,42.19176499906114],[-122.334338,42.18914299906115],[-122.33395900000004,42.18853699906115],[-122.332681,42.18815899906116],[-122.33145100000002,42.18805399906117],[-122.32930199999998,42.187607999061164],[-122.329144,42.18747699906116],[-122.328576,42.18631199906116],[-122.32862700000001,42.18602599906116],[-122.32847899999999,42.18583299906116],[-122.32807700000002,42.185209999061165],[-122.32800100000001,42.18457199906116],[-122.32749499999997,42.18411999906117],[-122.32730000000001,42.18367399906117],[-122.32726900000004,42.183098999061166],[-122.327267,42.18305799906117],[-122.32676300000003,42.182479999061165],[-122.32613500000001,42.18226399906117],[-122.32577499999996,42.182140999061176],[-122.324242,42.181701999061175],[-122.32343999999999,42.181363999061176],[-122.32162500000001,42.18023099906118],[-122.32097900000001,42.17971199906117],[-122.31953,42.1788719990612],[-122.31845,42.178345999061186],[-122.31774600000001,42.17768999906119],[-122.31727399999998,42.1765009990612],[-122.31682099999998,42.17507599906119],[-122.316546,42.1742559990612],[-122.31588999999998,42.1733079990612],[-122.314613,42.1722919990612],[-122.31380000000001,42.1714319990612],[-122.31226700000003,42.17111399906121],[-122.310901,42.1710709990612],[-122.30933299999998,42.1713289990612],[-122.30876400000002,42.171504999061206]]},"id":"003c0000000000000abd","properties":{"fullname":"Jenny Creek Rd","linearid":"110340489417","mtfcc":"S1400","rttyp":"M"}},{"type":"Feature","geometry":{"type":"LineString","coordinates":[[-122.327766,42.13197299906133],[-122.32858400000002,42.13215699906132],[-122.33003000000002,42.13224399906134],[-122.33174900000004,42.13241499906133],[-122.33246199999999,42.132725999061336],[-122.33295000000001,42.133467999061324],[-122.33315000000002,42.13425499906133],[-122.33307100000003,42.135073999061326],[-122.332753,42.1361279990613],[-122.33273699999998,42.13721699906131],[-122.33316600000002,42.13807599906131],[-122.33333900000002,42.138614999061325],[-122.33337000000002,42.1394069990613],[-122.333513,42.13990699906132],[-122.334005,42.1403099990613],[-122.33474900000003,42.14142799906129],[-122.33466999999999,42.142224999061305],[-122.33448700000001,42.1428459990613],[-122.33423,42.1434719990613],[-122.33408800000001,42.14376599906127],[-122.333938,42.14407599906129],[-122.334157,42.1445439990613],[-122.33458700000001,42.1451389990613],[-122.33495299999998,42.145573999061284],[-122.33529500000002,42.14619099906128],[-122.33512100000002,42.14684999906129],[-122.334939,42.14744299906127],[-122.33462300000001,42.14821199906129],[-122.33465800000002,42.149426999061276],[-122.33436400000002,42.15027199906128],[-122.33407899999999,42.15085999906129],[-122.33420300000003,42.15142699906126],[-122.33427100000004,42.151739999061256],[-122.33459,42.15254899906127],[-122.33451,42.153356999061245],[-122.33434299999999,42.15400499906125],[-122.334152,42.154889999061254],[-122.334048,42.155768999061245],[-122.334182,42.15666499906126],[-122.33458300000001,42.157265999061245],[-122.33438699999999,42.15781999906125],[-122.33371199999999,42.15842799906126],[-122.33304300000002,42.158816999061244],[-122.332427,42.159281999061236],[-122.33189400000003,42.159450999061235],[-122.33125700000004,42.159866999061244],[-122.33108400000003,42.160200999061246],[-122.33079400000001,42.160612999061236],[-122.33050599999999,42.16100299906124],[-122.329916,42.16115299906123],[-122.32946200000004,42.16136199906123],[-122.32902199999998,42.16147599906124],[-122.328096,42.16190199906122],[-122.327362,42.16220199906123],[-122.326757,42.16222699906125],[-122.326274,42.162549999061234],[-122.326205,42.16301599906123],[-122.32635499999999,42.16355099906122],[-122.326253,42.164281999061224],[-122.32595599999999,42.16454499906122],[-122.325528,42.16470699906124],[-122.325067,42.16467499906123],[-122.32471900000003,42.16482099906123],[-122.32482200000001,42.16505199906122],[-122.325121,42.16549299906123],[-122.325361,42.16605499906123],[-122.32544200000001,42.16688999906123],[-122.32582199999999,42.16745799906123],[-122.32580400000002,42.16802899906122],[-122.32470800000002,42.16839399906121],[-122.323977,42.16843599906123],[-122.322764,42.16854699906122],[-122.321421,42.16854299906122],[-122.32100299999999,42.16923999906122],[-122.3215,42.169900999061205],[-122.32234599999998,42.17025599906121],[-122.32388800000003,42.17044199906121],[-122.32542199999999,42.17048599906121],[-122.32684299999998,42.1711169990612],[-122.32797700000002,42.171361999061205],[-122.32951200000002,42.1714879990612],[-122.33103100000001,42.171937999061214],[-122.33178,42.17244099906121],[-122.33237900000005,42.173140999061204],[-122.33292700000003,42.1740219990612],[-122.33328700000001,42.175144999061196],[-122.33314,42.176105999061186],[-122.333566,42.17736599906119],[-122.33375699999999,42.17845499906118],[-122.334279,42.17969399906118],[-122.33468,42.180420999061184],[-122.33534300000001,42.18056599906118],[-122.33646299999998,42.180876999061184],[-122.33644300000003,42.18100599906117],[-122.336385,42.18137199906118],[-122.33561399999998,42.181814999061174],[-122.33500299999999,42.18255499906118],[-122.33459199999999,42.18317999906117],[-122.333894,42.18360699906117],[-122.33357000000002,42.18444699906117],[-122.33387799999998,42.18486599906117],[-122.334687,42.18539599906115],[-122.33593099999999,42.18585099906117],[-122.336897,42.18612899906117],[-122.337977,42.186090999061165],[-122.34130899999998,42.185855999061175],[-122.343734,42.18678199906117],[-122.34481200000002,42.18609499906116],[-122.34616099999998,42.18583299906116]]},"id":"003c0000000000000ae9","properties":{"fullname":"Jenny Creek Rd","linearid":"110340489416","mtfcc":"S1400","rttyp":"M"}},{"type":"Feature","geometry":{"type":"MultiLineString","coordinates":[[[-122.30706416000861,42.2255945743079],[-122.30708100000001,42.22559499906103],[-122.30737500000001,42.22560199906104],[-122.30792999999998,42.22573899906103],[-122.30873800000002,42.22595099906103],[-122.30942900000001,42.22611499906104],[-122.309847,42.22619699906102],[-122.31020300000004,42.22631399906103],[-122.31051799999999,42.22654699906103],[-122.31072300000001,42.22675899906104],[-122.311018,42.22713499906102],[-122.31127100000003,42.227470999061026],[-122.31148300000001,42.227627999061035],[-122.311772,42.227738999061025],[-122.31216299999998,42.22776699906103],[-122.31234200000003,42.22774199906101],[-122.312594,42.22762299906103],[-122.312769,42.22750499906103],[-122.312976,42.227233999061035],[-122.313056,42.22697999906103],[-122.31316299999999,42.22660499906103],[-122.31316299999999,42.22636499906104],[-122.31315000000001,42.22615099906103],[-122.31301599999999,42.225816999061024],[-122.31285600000004,42.22544299906102],[-122.31285600000004,42.225001999061035],[-122.31274900000003,42.22454699906105],[-122.312736,42.22419999906104],[-122.312762,42.22395899906104],[-122.31284199999999,42.223798999061025],[-122.313096,42.22361199906104],[-122.31353700000001,42.22341099906103],[-122.314059,42.22322399906104],[-122.31491400000004,42.22296999906104],[-122.315729,42.22267599906104],[-122.31655800000006,42.22239599906105],[-122.31717200000001,42.22222199906104],[-122.317734,42.222181999061036],[-122.31841500000004,42.22220899906104],[-122.31936400000001,42.22227599906105],[-122.32116800000001,42.222448999061044],[-122.32159600000003,42.22246299906104],[-122.322304,42.22238199906106],[-122.32294500000002,42.22227599906105],[-122.32365399999999,42.22220899906104],[-122.32464299999998,42.222261999061054],[-122.325252,42.22220399906104],[-122.326229,42.22271199906105],[-122.32740400000004,42.22343199906104],[-122.32816900000003,42.22385999906104],[-122.330032,42.225056999061046],[-122.33161699999998,42.22582899906104],[-122.33166200000001,42.225850999061024],[-122.33290500000001,42.22605899906102],[-122.33443800000002,42.22555699906104],[-122.33593,42.225055999061034],[-122.33676000000004,42.22494699906105],[-122.33946000000005,42.22531999906103],[-122.34011399999999,42.225380999061024],[-122.34079900000003,42.22544499906104],[-122.34152100000003,42.225512999061024],[-122.34288699999999,42.22544099906102],[-122.343169,42.22542599906103],[-122.34545000000004,42.225191999061025],[-122.346753,42.22522499906103],[-122.34695900000001,42.22524299906104],[-122.34757300000003,42.22529499906103],[-122.348204,42.225510999061036],[-122.348919,42.22584399906103],[-122.350239,42.22654899906103],[-122.35174000000004,42.22744199906103],[-122.35309000000002,42.22812299906102],[-122.354918,42.22867599906103],[-122.35616100000001,42.22897699906103],[-122.35974000000002,42.22913299906102],[-122.36628200000003,42.22921499906102],[-122.367572,42.22987999906104],[-122.36825200000003,42.23023099906102],[-122.369891,42.23140699906101],[-122.37199300000002,42.232340999061016],[-122.37529600000002,42.23311099906102],[-122.37615000000001,42.23346599906099],[-122.377538,42.234283999061006],[-122.383431,42.23870499906101],[-122.38465199999999,42.23964299906099],[-122.38558359845473,42.24035848342045]],[[-122.28756500000004,42.232611999061],[-122.2878,42.232735999061006],[-122.28805400000002,42.23286599906102],[-122.288327,42.232968999061],[-122.288526,42.232995999061],[-122.28885899999999,42.23298999906102],[-122.28908099999998,42.23292799906101],[-122.28934800000002,42.23272199906101],[-122.289539,42.23253099906103],[-122.289635,42.23231199906101],[-122.28974500000001,42.23196199906101],[-122.28982000000003,42.231592999061014],[-122.28992999999998,42.23094899906102],[-122.28995700000002,42.23059299906101],[-122.29006700000001,42.23020299906102],[-122.29017600000002,42.22987399906101],[-122.29042900000002,42.22941499906102],[-122.29067102072251,42.22904697462254]],[[-122.38915562012538,42.24396716125921],[-122.38960599999999,42.24442299906097],[-122.39003700000004,42.24492199906096],[-122.39051,42.24533799906097],[-122.391046,42.24576599906096],[-122.39176100000003,42.24619199906097],[-122.39363200000003,42.24702699906096],[-122.39432599999998,42.24753199906095],[-122.394846,42.248178999060976],[-122.395367,42.24916399906097],[-122.397227,42.252627999060955],[-122.397311,42.25278599906095],[-122.39835500000001,42.25483299906093],[-122.39839643546449,42.254914260736165]]]},"id":"003c0000000000000a9f","properties":{"fullname":"Keno Access Rd","linearid":"1104755860635","mtfcc":"S1400","rttyp":"M"}},{"type":"Feature","geometry":{"type":"MultiLineString","coordinates":[[[-122.22735769075514,42.25438291657951],[-122.22738400000001,42.25435899906094],[-122.22793000000004,42.25395999906093],[-122.22808500000002,42.25384899906094],[-122.22829300000002,42.25371099906096],[-122.22869599999999,42.25351699906095],[-122.22883900000002,42.25344099906096],[-122.22898600000002,42.25337099906096],[-122.22911600000002,42.253318999060944],[-122.22925000000002,42.25327199906095],[-122.22965400000001,42.25314599906094],[-122.23005200000003,42.253031999060944],[-122.23091100000005,42.25277099906094],[-122.23181700000002,42.25249799906095],[-122.23201200000005,42.25244399906095],[-122.23230600000001,42.25237399906095],[-122.23245500000002,42.252347999060945],[-122.23258700000001,42.25233299906096],[-122.23272100000003,42.252322999060944],[-122.23299399999999,42.25231299906096],[-122.23327300000003,42.252316999060945],[-122.233411,42.25232899906094],[-122.23352700000001,42.252344999060945],[-122.23387799999999,42.25241899906095],[-122.23411600000001,42.252485999060944],[-122.234231,42.25252599906095],[-122.23435899999998,42.25257599906094],[-122.23448199999999,42.25263299906095],[-122.234586,42.252690999060945],[-122.23517199999999,42.253058999060954],[-122.235306,42.253135999060945],[-122.23544400000003,42.253205999060945],[-122.23557999999998,42.25326899906094],[-122.23572,42.25332699906093],[-122.23583200000002,42.25336599906095],[-122.23606499999997,42.25343199906094],[-122.23618400000001,42.25345899906093],[-122.23630299999999,42.25347999906094],[-122.23654600000003,42.253507999060936],[-122.23666900000002,42.25351699906095],[-122.23691500000002,42.253522999060955],[-122.23717300000003,42.25351599906094],[-122.237302,42.253506999060946],[-122.23742899999999,42.25349299906096],[-122.23765299999998,42.253453999060945],[-122.23787400000002,42.253399999060946],[-122.238086,42.25333099906095],[-122.23831599999995,42.25323499906095],[-122.238441,42.25317199906094],[-122.23856099999999,42.25310299906094],[-122.23867500000006,42.253029999060956],[-122.23883200000002,42.25291299906094],[-122.23885000000006,42.25289999906094],[-122.23900900000005,42.252756999060956],[-122.23908100000001,42.252681999060954],[-122.23914800000001,42.252603999060945],[-122.23921100000001,42.25252199906095],[-122.23971499999998,42.25174999906096],[-122.24004499999998,42.25127199906096],[-122.240173,42.25107099906096],[-122.240295,42.25086799906095],[-122.24044400000001,42.250647999060945],[-122.24074800000004,42.250156999060955],[-122.240945,42.24986599906095],[-122.24142199999997,42.24918399906096],[-122.241718,42.24880799906095],[-122.24203699999997,42.24844199906096],[-122.24233000000004,42.24813299906097],[-122.242485,42.24798399906097],[-122.242665,42.247825999060964],[-122.24323,42.24736899906096],[-122.2438,42.24692299906097],[-122.24422200000004,42.246605999060954],[-122.24507300000002,42.24597799906097],[-122.24567199999998,42.245517999060965],[-122.24687199999998,42.244568999060974],[-122.24696600000004,42.24449599906097],[-122.247297,42.24421999906098],[-122.24741299999998,42.244131999060976],[-122.2477,42.24394099906096],[-122.247786,42.243890999060966],[-122.24787600000003,42.24384599906097],[-122.248055,42.243773999060984],[-122.24814800000003,42.24374399906097],[-122.24834,42.243696999060965],[-122.248442,42.24367899906098],[-122.24865199999999,42.243658999060976],[-122.24884000000002,42.24365199906097],[-122.24930600000003,42.24373399906097],[-122.249429,42.243766999060966],[-122.24954700000005,42.243806999060965],[-122.24971299999999,42.24387899906097],[-122.24986600000001,42.24396699906097],[-122.249961,42.244031999060965],[-122.25004599999998,42.244096999060964],[-122.2502,42.24424199906097],[-122.25034,42.24439299906097],[-122.25061400000001,42.24471399906097],[-122.25106699999999,42.24522099906099],[-122.25126300000001,42.24544699906097],[-122.25131000000002,42.24550699906098],[-122.251363,42.24556299906097],[-122.25148400000005,42.245662999060976],[-122.251551,42.24570699906097],[-122.25162300000001,42.24574699906097],[-122.25169800000002,42.24578199906097],[-122.25184699999998,42.24583699906097],[-122.25192500000003,42.24585799906096],[-122.25208600000003,42.24588599906097],[-122.25216900000001,42.24589299906096],[-122.252335,42.24589299906096],[-122.25242700000001,42.24588599906097],[-122.25251900000004,42.24587299906097],[-122.25260700000003,42.24585299906097],[-122.25268799999999,42.24582799906097],[-122.25276600000002,42.24579499906097],[-122.25291300000002,42.245720999060964],[-122.25299900000003,42.24567299906096],[-122.253155,42.24556499906097],[-122.253443,42.24532599906097],[-122.25404499999999,42.24485199906098],[-122.25472199999997,42.244259999060965],[-122.25516000000003,42.24388599906097],[-122.25567000000001,42.24345199906098],[-122.256427,42.24282599906098],[-122.25702399999999,42.242344999060975],[-122.25742000000001,42.242035999060974],[-122.25766000000004,42.24187399906097],[-122.25798800000001,42.24167799906098],[-122.25832300000003,42.241488999061005],[-122.25868,42.24129599906099],[-122.25922300000003,42.24101399906098],[-122.25940100000003,42.24091699906099],[-122.259922,42.240615999060985],[-122.260411,42.24034299906098],[-122.26051300000002,42.24029399906099],[-122.26062000000002,42.24025099906098],[-122.26074199999998,42.240208999061],[-122.260868,42.240171999061],[-122.26099599999999,42.24013999906098],[-122.26114800000002,42.240109999061],[-122.261304,42.24008599906098],[-122.261459,42.24006899906099],[-122.26159,42.24006199906098],[-122.261721,42.24006099906099],[-122.26198400000004,42.24006599906098],[-122.26230100000002,42.24005999906099],[-122.26243900000003,42.24005099906099],[-122.262484,42.240044999060984],[-122.262655,42.24000799906099],[-122.262736,42.239983999060975],[-122.26289700000001,42.23992099906099],[-122.262972,42.239881999060984],[-122.26304000000002,42.23983999906098],[-122.26309700000002,42.23979599906098],[-122.26314899999998,42.23974799906098],[-122.263196,42.239695999060984],[-122.263237,42.239641999060986],[-122.26327100000002,42.239586999061],[-122.26329800000002,42.239524999061],[-122.26331699999999,42.239458999060986],[-122.26332899999998,42.23939299906098],[-122.26334400000002,42.239241999060994],[-122.26333500000001,42.23907399906099],[-122.26331699999999,42.23895599906099],[-122.26326600000002,42.23872099906099],[-122.26323500000002,42.238539999061004],[-122.26322100000007,42.23837999906099],[-122.26322000000003,42.238278999060995],[-122.26322600000006,42.238178999060985],[-122.263241,42.238083999061004],[-122.263264,42.23798899906099],[-122.26332700000003,42.23780199906099],[-122.263399,42.237624999061],[-122.263441,42.23753799906099],[-122.26354000000003,42.237367999061],[-122.26359899999999,42.23728799906098],[-122.26366600000001,42.237208999061],[-122.26374000000001,42.237131999061006],[-122.26390200000002,42.23698599906101],[-122.26405700000001,42.23686099906101],[-122.264278,42.236698999061005],[-122.26443600000002,42.236598999060995],[-122.26460200000001,42.236508999061],[-122.26468800000004,42.236467999061],[-122.264885,42.236387999061],[-122.26511199999999,42.23631499906099],[-122.265347,42.236258999061],[-122.26547200000002,42.23623799906102],[-122.26572799999998,42.23620999906099],[-122.26588300000003,42.23620199906099],[-122.26603999999999,42.236200999061005],[-122.266196,42.236205999061006],[-122.26645000000003,42.236229999060996],[-122.267351,42.23637299906101],[-122.26759900000002,42.23640699906098],[-122.268037,42.23645499906099],[-122.268524,42.236488999061],[-122.26869500000004,42.236493999061],[-122.26893700000002,42.23649299906101],[-122.26905799999999,42.23648799906101],[-122.26921900000002,42.23647299906099],[-122.26937800000002,42.236450999061],[-122.26953600000003,42.23642099906098],[-122.27003800000003,42.236281999061],[-122.270539,42.236103999060994],[-122.270828,42.235981999061],[-122.27101899999998,42.23588799906099],[-122.27164299999998,42.235564999061005],[-122.27200999999998,42.23538199906102],[-122.27219600000001,42.23529399906101],[-122.272388,42.23521299906101],[-122.27255700000003,42.23514799906101],[-122.27273000000001,42.235087999060994],[-122.27290500000004,42.235033999061],[-122.27317600000006,42.23496299906101],[-122.27331400000006,42.23493299906101],[-122.27345400000002,42.234907999061],[-122.273595,42.23488799906101],[-122.273879,42.234863999061005],[-122.274023,42.234859999060994],[-122.27416600000001,42.234860999061006],[-122.27430100000001,42.234867999061],[-122.27457000000001,42.23489799906101],[-122.27466299999999,42.23491199906101],[-122.27470300000003,42.234918999061],[-122.27492500000001,42.234960999061],[-122.27503500000002,42.234985999061],[-122.275142,42.235014999061],[-122.27524600000001,42.235047999061],[-122.275364,42.23509499906101],[-122.27547900000003,42.235147999061006],[-122.2757,42.23526199906101],[-122.27619699999998,42.23554299906099],[-122.27649900000003,42.23570799906101],[-122.276582,42.235747999061005],[-122.27666899999998,42.235783999061006],[-122.27684599999999,42.235838999060995],[-122.276938,42.235856999061],[-122.277015,42.23586599906102],[-122.27709400000003,42.235869999060995],[-122.277252,42.23586399906099],[-122.27733,42.235852999061],[-122.27736800000005,42.235844999061],[-122.27741000000002,42.23583699906099],[-122.27748999999997,42.235815999061],[-122.277565,42.23578899906099],[-122.277624,42.23576099906099],[-122.27773100000002,42.23569099906099],[-122.27782700000002,42.235612999061004],[-122.277895,42.235546999061],[-122.27795600000003,42.235475999060995],[-122.27811800000002,42.23525999906101],[-122.27835000000002,42.234902999061],[-122.278787,42.23428399906101],[-122.27888000000003,42.234161999061],[-122.279054,42.233958999060995],[-122.27914900000002,42.233861999061],[-122.27935000000002,42.233680999060994],[-122.27949699999999,42.233568999061006],[-122.279655,42.23346799906101],[-122.279794,42.23339799906101],[-122.27996700000003,42.233328999061],[-122.28029400000003,42.233224999061],[-122.28038300000004,42.23319999906101],[-122.280562,42.23315699906101],[-122.28074400000001,42.23311899906101],[-122.281159,42.233050999061014],[-122.28140000000002,42.233030999061015],[-122.281693,42.23299699906101],[-122.28198400000001,42.23295699906102],[-122.28222999999998,42.232915999061014],[-122.282399,42.23288199906099],[-122.282717,42.23281999906101],[-122.28315499999998,42.232710999061005],[-122.28330300000003,42.232667999061],[-122.28396400000003,42.23249199906102],[-122.28448300000002,42.23233099906102],[-122.28474600000001,42.232257999061005],[-122.28511600000003,42.232184999061026],[-122.28525800000003,42.23216399906101],[-122.28540100000004,42.23214799906102],[-122.28555899999999,42.23213899906101],[-122.285717,42.232134999060996],[-122.285876,42.232135999061],[-122.28606600000005,42.23214499906101],[-122.286178,42.23215099906102],[-122.286506,42.232183999061014],[-122.28659200000001,42.232198999061026],[-122.28670200000002,42.232227999061],[-122.28691300000001,42.23230299906102],[-122.28706300000005,42.232361999061006],[-122.28721000000004,42.23242499906101],[-122.28726800000001,42.23245599906102],[-122.28756500000004,42.232611999061]],[[-122.18826738928242,42.24819078761852],[-122.18863100000004,42.24830799906097],[-122.188843,42.24838099906096],[-122.189052,42.24845799906095],[-122.189257,42.24853999906096],[-122.18987100000001,42.24882099906095],[-122.19015200000003,42.24893799906095],[-122.190295,42.24899199906097],[-122.19044100000002,42.24904099906095],[-122.19058599999998,42.249083999060964],[-122.19088299999999,42.24915599906096],[-122.191035,42.24918399906096],[-122.19117200000001,42.24920299906096],[-122.191451,42.24922699906096],[-122.19174600000001,42.24923499906095],[-122.192056,42.24922599906097],[-122.19225999999999,42.249212999060966],[-122.192464,42.24919299906095],[-122.193177,42.249104999060954],[-122.19348300000004,42.24905999906097],[-122.19378899999998,42.24900899906096],[-122.19460300000001,42.24890599906095],[-122.19477000000002,42.248873999060976],[-122.196619,42.24866699906096],[-122.197217,42.248644999060964],[-122.197631,42.24864799906097],[-122.197837,42.24865499906095],[-122.198042,42.24866799906097],[-122.198829,42.24873699906095],[-122.199206,42.248775999060946],[-122.199606,42.24882299906097],[-122.19980400000001,42.24885299906096],[-122.20001999999998,42.24889599906096],[-122.20044600000001,42.249000999060954],[-122.20095200000003,42.24911199906094],[-122.201099,42.24913699906095],[-122.201233,42.24915099906096],[-122.20150500000003,42.24916399906097],[-122.20189599999999,42.249167999060965],[-122.20284600000004,42.24914899906097],[-122.203552,42.249149999060954],[-122.203873,42.249162999060964],[-122.20419300000002,42.249181999060966],[-122.204639,42.24921799906095],[-122.204861,42.24924199906096],[-122.20497700000004,42.24925799906096],[-122.20530100000002,42.24930399906096],[-122.205519,42.24934199906096],[-122.20595200000001,42.249426999060965],[-122.20735800000001,42.24976699906095],[-122.20767300000001,42.249847999060954],[-122.20771533677706,42.24985914787407]]]},"id":"003c000000000000173d","properties":{"fullname":"Keno Access Rd","linearid":"110528772454","mtfcc":"S1400","rttyp":"M"}},{"type":"Feature","geometry":{"type":"LineString","coordinates":[[-122.156071,42.193558999061146],[-122.15590799999998,42.19330199906113],[-122.15574699999999,42.19308599906114],[-122.15565800000002,42.19297899906115],[-122.15557900000003,42.19286899906114],[-122.15551000000002,42.19275599906115],[-122.15545700000001,42.19264499906112],[-122.15526500000001,42.19217199906114],[-122.15524100000002,42.192124999061136],[-122.15517900000003,42.192034999061136],[-122.15514,42.19199399906114],[-122.154979,42.19187399906114],[-122.154831,42.19174599906114],[-122.15476399999999,42.191677999061135],[-122.15470399999995,42.191606999061136],[-122.154633,42.19148799906114],[-122.15460200000001,42.191453999061146],[-122.15455699999998,42.19142399906114],[-122.15450400000003,42.19139799906113],[-122.15444600000001,42.19137699906114],[-122.15438800000001,42.191363999061146],[-122.15433199999998,42.19135899906113],[-122.15421500000001,42.191366999061124],[-122.154105,42.19138299906114],[-122.15400400000004,42.191412999061136],[-122.15395600000001,42.19143199906113],[-122.153865,42.191477999061135],[-122.15356899999998,42.19166299906113],[-122.15337700000003,42.191794999061145],[-122.153236,42.19190099906115],[-122.152963,42.192117999061146],[-122.15281800000004,42.19221999906113],[-122.15262799999999,42.19234099906113],[-122.15252900000002,42.192396999061124],[-122.15242699999999,42.192448999061135],[-122.15223,42.19252699906114],[-122.15212600000004,42.19255999906115],[-122.15191500000003,42.19261699906114],[-122.151685,42.19266799906113],[-122.15155999999999,42.19269099906115],[-122.15143400000001,42.19270799906114],[-122.151288,42.19271899906113],[-122.151231,42.192727999061134]]},"id":"003c0000000000000e6c","properties":{"fullname":"Miner's Ck Spr","linearid":"1102302324862","mtfcc":"S1400","rttyp":"M"}},{"type":"Feature","geometry":{"type":"LineString","coordinates":[[-122.16520100000004,42.20817199906108],[-122.16526000000002,42.20828799906109],[-122.165325,42.20838599906107],[-122.16542600000001,42.208658999061086],[-122.165459,42.2087189990611],[-122.165498,42.20876899906108],[-122.16554500000005,42.20881599906108],[-122.16558900000003,42.208846999061095],[-122.16573,42.20893499906109],[-122.165861,42.20903399906109],[-122.165925,42.20909499906108],[-122.16619699999998,42.2094229990611],[-122.16625699999999,42.20948399906107],[-122.16636999999999,42.209573999061085],[-122.16645600000001,42.20962599906109],[-122.16650299999999,42.20964599906108],[-122.16655300000002,42.20966199906109],[-122.16661800000004,42.209674999061086],[-122.166688,42.20968299906107],[-122.166757,42.20968499906108],[-122.16686099999998,42.20967799906107],[-122.16691100000001,42.209669999061084],[-122.16695700000001,42.209656999061075],[-122.16699600000004,42.209639999061096],[-122.16703299999998,42.20961799906108],[-122.16709500000002,42.209563999061096],[-122.16714300000001,42.20950399906108],[-122.16716400000001,42.20946199906108],[-122.16718499999998,42.20936899906107],[-122.16718399999999,42.20926899906108],[-122.16717299999998,42.20921499906109],[-122.16714600000002,42.209128999061065],[-122.16704099999998,42.208933999061074],[-122.16692400000004,42.208770999061095],[-122.16689,42.20870299906108],[-122.16687100000006,42.20863699906109],[-122.16683400000004,42.208371999061086],[-122.16682,42.20815799906108],[-122.16682000000003,42.2079059990611],[-122.16681200000005,42.20773799906108],[-122.16677699999998,42.207472999061096],[-122.16672799999999,42.20727199906109],[-122.166502,42.20664999906109],[-122.16646399999999,42.2065099990611],[-122.16644300000004,42.206388999061105],[-122.166388,42.20599599906108],[-122.16636,42.205843999061095],[-122.166323,42.20569399906111],[-122.16624599999997,42.20546199906109],[-122.166118,42.2051049990611],[-122.16605700000001,42.204888999061104],[-122.166021,42.20478199906112],[-122.16595800000003,42.204646999061104],[-122.165816,42.204380999061094],[-122.16563400000003,42.20392099906111],[-122.16542799999999,42.203347999061094],[-122.16536799999999,42.20322099906108],[-122.165171,42.20283699906111],[-122.16514900000001,42.20276899906111],[-122.165141,42.2027159990611],[-122.16514000000001,42.2026619990611],[-122.16516999999999,42.202583999061105]]},"id":"003c0000000000000e8d","properties":{"fullname":"Miner's Ck Spr","linearid":"1102300835786","mtfcc":"S1400","rttyp":"M"}},{"type":"Feature","geometry":{"type":"LineString","coordinates":[[-122.16676499999998,42.20030699906113],[-122.16660800000001,42.20041899906112],[-122.166312,42.20065999906111],[-122.16593200000003,42.2010009990611],[-122.16559400000001,42.20128699906111],[-122.16543899999999,42.20140999906111],[-122.16521800000002,42.20155599906111],[-122.16516700000001,42.20158099906111],[-122.165081,42.20160799906111],[-122.164978,42.20162299906111],[-122.164868,42.20162999906112],[-122.16474500000004,42.2016259990611],[-122.16458399999999,42.20160399906111],[-122.16445400000003,42.201571999061116],[-122.164394,42.2015699990611]]},"id":"003c0000000000000e90","properties":{"fullname":"Miner's Ck Spr","linearid":"1102300725377","mtfcc":"S1400","rttyp":"M"}},{"type":"Feature","geometry":{"type":"LineString","coordinates":[[-122.56722500000001,42.03133899906166],[-122.56648700000004,42.03140499906166],[-122.56611400000001,42.03132499906166],[-122.565785,42.03117599906165],[-122.56520700000002,42.03120399906167],[-122.56490400000001,42.03118599906165],[-122.56440199999996,42.03113699906166],[-122.564019,42.03108099906167],[-122.563402,42.03096599906166],[-122.56271500000001,42.030817999061654],[-122.56218899999999,42.03078899906166],[-122.56181300000003,42.03075099906167],[-122.56156400000003,42.03070799906166],[-122.56109199999997,42.030794999061655],[-122.560972,42.03069499906168]]},"id":"003c00000000000007cc","properties":{"fullname":"Pilot Rock Trl","linearid":"110340488402","mtfcc":"S1400","rttyp":"M"}},{"type":"Feature","geometry":{"type":"LineString","coordinates":[[-122.20112100000001,42.22943499906102],[-122.20068899999998,42.229336999061026],[-122.20052300000002,42.229306999061016],[-122.20027000000003,42.22924799906102],[-122.20000200000001,42.22916799906103],[-122.19982399999998,42.22912499906102],[-122.199284,42.22901199906103],[-122.19910799999997,42.228963999061015],[-122.19901100000001,42.228932999061016],[-122.19853600000005,42.22875599906102],[-122.19823400000003,42.22863799906103],[-122.19776800000001,42.22843199906101],[-122.19753900000002,42.22832399906103],[-122.19727800000001,42.22819499906101],[-122.19714500000002,42.228133999061015],[-122.19698700000001,42.22806999906103],[-122.196826,42.22801099906104],[-122.19647700000002,42.227896999061024],[-122.19609800000002,42.227793999061035],[-122.19591300000003,42.22773599906103],[-122.19568500000001,42.227657999061016],[-122.195616,42.227624999061035],[-122.195558,42.22758899906103],[-122.19545299999999,42.227505999061016],[-122.195385,42.22743399906103],[-122.195364,42.22740499906102],[-122.195331,42.22734499906102],[-122.195242,42.22715799906103],[-122.194877,42.226614999061034],[-122.19480000000003,42.22649199906104],[-122.19473,42.226366999061035],[-122.19466299999999,42.22618099906102],[-122.19464199999999,42.226136999061026],[-122.19461100000002,42.22609499906103],[-122.19457499999999,42.22605599906101],[-122.19453300000002,42.22601899906104],[-122.194485,42.225985999061024],[-122.19444300000002,42.22596399906102],[-122.19439800000002,42.22594599906105],[-122.19434600000001,42.22593699906103],[-122.19407300000003,42.22576099906104],[-122.19397000000001,42.22568899906103],[-122.19391700000003,42.22565199906103],[-122.19375300000004,42.22555499906102],[-122.19366699999998,42.225510999061036],[-122.193487,42.225432999061034],[-122.19339399999997,42.22539799906103],[-122.19320600000002,42.22533799906104],[-122.19301400000005,42.225292999061026],[-122.192902,42.22527899906102],[-122.1928166404726,42.22527551507649]]},"id":"003c00000000000017f3","properties":{"fullname":"Rock Slide Spr","linearid":"1102281675764","mtfcc":"S1400","rttyp":"M"}},{"type":"Feature","geometry":{"type":"LineString","coordinates":[[-122.54097699999998,42.116687999061384],[-122.54041600000001,42.11636399906138],[-122.539613,42.115682999061384],[-122.53936800000001,42.115610999061396],[-122.53823100000001,42.115679999061385],[-122.53793999999998,42.11578999906138],[-122.53766700000003,42.11605199906138],[-122.53746300000003,42.116083999061395],[-122.53703999999999,42.116053999061386],[-122.536262,42.116153999061396],[-122.535788,42.11614299906139],[-122.53498799999998,42.11632899906139],[-122.53426000000002,42.11638999906138],[-122.532694,42.116646999061395],[-122.53187099999998,42.11653799906138],[-122.53165400000002,42.11656099906138],[-122.531395,42.11686099906138],[-122.531193,42.116921999061375],[-122.530905,42.116726999061385],[-122.53038,42.116745999061386],[-122.527687,42.11736699906139],[-122.52702000000004,42.11771199906137],[-122.52691900000002,42.117810999061376],[-122.52672200000002,42.11800299906138],[-122.52650299999998,42.11836999906138],[-122.52631399999999,42.11843999906138],[-122.52569999999999,42.11845099906138],[-122.52539400000002,42.11849399906137],[-122.52406600000006,42.11900399906137],[-122.523868,42.119217999061384],[-122.52374800000003,42.11943899906138],[-122.523595,42.119479999061376],[-122.523091,42.11930799906138],[-122.522505,42.11941399906138],[-122.522056,42.11938399906139],[-122.522042,42.119364999061375],[-122.521976,42.11927099906138],[-122.52205899999998,42.11907899906137],[-122.52267199999999,42.11864799906138],[-122.52271699999999,42.118065999061386],[-122.52283299999999,42.117691999061385],[-122.52283299999999,42.11764899906137],[-122.522835,42.11734899906138],[-122.52260800000005,42.117047999061384],[-122.52150500000003,42.11661099906139],[-122.52102900000001,42.116523999061386],[-122.52064499999999,42.11651199906139],[-122.52022499999998,42.116585999061364],[-122.52007000000003,42.116559999061394],[-122.519539,42.116359999061395],[-122.519275,42.11638799906138],[-122.518878,42.11651499906138],[-122.51851900000001,42.11649299906139],[-122.518085,42.11651999906139],[-122.51787100000001,42.11662799906139],[-122.517687,42.116878999061385],[-122.51752700000003,42.11708199906138],[-122.517095,42.11718499906139],[-122.516058,42.11719399906138],[-122.51472200000003,42.11703699906138],[-122.514353,42.11710099906137],[-122.513941,42.117232999061386],[-122.51356799999998,42.11735299906139],[-122.512746,42.117691999061385],[-122.511284,42.11797599906137],[-122.50875800000001,42.11784899906138],[-122.50749600000003,42.11762399906138],[-122.50590800000002,42.11748299906139],[-122.50472299999998,42.11737799906139],[-122.50348600000001,42.11750499906138],[-122.50289300000003,42.11738199906139],[-122.502193,42.11710899906139],[-122.49993400000001,42.11691099906139],[-122.498131,42.11738099906138],[-122.49759600000003,42.11744799906138],[-122.49723,42.11760699906139],[-122.49700700000001,42.11784899906138],[-122.49665199999995,42.11835099906138],[-122.49619000000001,42.118720999061374],[-122.49590199999999,42.118886999061374],[-122.495825,42.11929899906138],[-122.49559099999996,42.11961799906137],[-122.49485899999999,42.120335999061375],[-122.49486099999997,42.120360999061376],[-122.49487800000001,42.12053599906138],[-122.49492299999999,42.12073499906138],[-122.49531400000001,42.12093799906137],[-122.495395,42.12108899906137],[-122.495272,42.12124399906137],[-122.49458599999998,42.121388999061374],[-122.49409299999999,42.121588999061366],[-122.493969,42.12172399906136],[-122.49350100000004,42.122694999061366],[-122.49319699999995,42.122804999061366],[-122.492711,42.12282399906137],[-122.49227800000001,42.12289799906137],[-122.491931,42.12282799906137],[-122.491676,42.12287999906136],[-122.491204,42.12332699906137],[-122.49117300000005,42.123555999061374],[-122.491251,42.123736999061364],[-122.49132599999999,42.123982999061354],[-122.49104100000001,42.12508499906136],[-122.49120700000003,42.12547199906136],[-122.49115400000002,42.12582599906135],[-122.491253,42.126119999061366],[-122.49145899999998,42.12653499906135],[-122.49146400000001,42.12710699906135],[-122.491682,42.127531999061326],[-122.49164300000002,42.127884999061344],[-122.49191100000002,42.12827099906136],[-122.49188,42.12850999906134],[-122.491694,42.128693999061355],[-122.491328,42.128862999061354],[-122.491296,42.129053999061355],[-122.49135600000001,42.12932899906134],[-122.49197,42.129718999061346],[-122.492646,42.13004999906134],[-122.493681,42.13118499906133],[-122.49375500000001,42.13149799906134],[-122.493677,42.13185199906133],[-122.49369400000002,42.131895999061335],[-122.493775,42.13210699906134],[-122.493921,42.132266999061336],[-122.49418099999998,42.13191599906132],[-122.49435000000007,42.13168699906132],[-122.49459,42.13157799906133],[-122.49485899999999,42.131592999061326]]},"id":"003c0000000000000a4a","properties":{"fullname":"Tyler Creek Rd","linearid":"110340489955","mtfcc":"S1400","rttyp":"M"}},{"type":"Feature","geometry":{"type":"LineString","coordinates":[[-122.414049,42.18271099906117],[-122.41475699999998,42.183219999061166],[-122.41458900000002,42.18363599906115],[-122.41417700000002,42.184044999061165],[-122.413895,42.18465299906117],[-122.41397300000003,42.18534099906117],[-122.414099,42.18593099906115],[-122.414534,42.186418999061154],[-122.41522400000001,42.18663999906116],[-122.41637800000005,42.186980999061156],[-122.417218,42.18714899906115],[-122.41886799999997,42.18734599906115],[-122.41958699999999,42.18720999906116],[-122.42021600000001,42.187261999061135],[-122.42057500000003,42.187290999061155],[-122.42114900000001,42.18736799906114],[-122.42230799999999,42.18737999906114],[-122.423186,42.18736599906115],[-122.423889,42.187300999061144],[-122.42493300000001,42.187112999061135],[-122.42581700000002,42.187170999061145],[-122.42649500000003,42.187259999061155],[-122.427372,42.18742799906114],[-122.42801899999999,42.18760999906114],[-122.42850599999998,42.18754399906114],[-122.42896000000003,42.18736099906115],[-122.42946100000002,42.18691999906116],[-122.42990800000001,42.18663799906115],[-122.43058300000003,42.18632599906116],[-122.431624,42.18643999906115],[-122.43262400000002,42.18661999906116],[-122.433534,42.18656299906116],[-122.43454,42.186351999061145],[-122.43556700000002,42.18630699906115],[-122.43590600000002,42.18636599906115],[-122.436521,42.18646599906116],[-122.43679499999999,42.186814999061156],[-122.43669800000002,42.18729999906117],[-122.43646299999997,42.18761099906116],[-122.43681600000002,42.18783299906115]]},"id":"003c0000000000000ad9","properties":{"fullname":"Wildcat Glades","linearid":"110340491737","mtfcc":"S1400","rttyp":"M"}},{"type":"Feature","geometry":{"type":"LineString","coordinates":[[-122.40205188354335,42.006501250681524],[-122.40211600000004,42.007829999061734],[-122.40214399999999,42.00862899906174]]},"id":"003c0000000000000783","properties":{"fullname":"Yellow Dog Trl","linearid":"1101917551241","mtfcc":"S1400","rttyp":"M"}},{"type":"Feature","geometry":{"type":"LineString","coordinates":[[-122.27811899999999,42.22857199906101],[-122.27828700000005,42.22856499906102],[-122.27861800000001,42.22856699906102],[-122.278919,42.228545999061026],[-122.27900300000003,42.22852999906101],[-122.279087,42.22851899906102],[-122.27919099999998,42.22851299906102],[-122.27966100000003,42.228514999061034],[-122.27992100000004,42.22852299906101],[-122.28005000000002,42.22853499906103],[-122.28030999999999,42.22857399906103],[-122.28070299999999,42.22861799906102],[-122.280892,42.228650999061],[-122.28098699999998,42.22866299906102],[-122.28111599999997,42.22866999906103],[-122.28117900000001,42.22866699906103],[-122.281237,42.228656999061016],[-122.28135000000002,42.22862199906103],[-122.28149200000003,42.22855599906102],[-122.28159800000002,42.22848699906103],[-122.28171399999998,42.22840299906103],[-122.28193900000001,42.228212999061014],[-122.28202300000001,42.228133999061015],[-122.282162,42.22798399906102],[-122.28223799999999,42.22791399906103],[-122.282317,42.22785099906103],[-122.28240300000004,42.22779499906103],[-122.28245000000003,42.227774999061026],[-122.28249900000002,42.22776299906103],[-122.282606,42.22775499906103],[-122.282826,42.227758999061024],[-122.28310099999997,42.22777299906102],[-122.283416,42.22780999906102],[-122.28348999999999,42.22782499906101],[-122.28370400000001,42.22790499906101],[-122.28391900000003,42.22799399906102],[-122.28401200000002,42.22804499906103],[-122.284099,42.22810099906103],[-122.28418000000002,42.22816099906104],[-122.28424300000002,42.228216999061026],[-122.28435000000003,42.22833799906104],[-122.28444899999998,42.22846399906103],[-122.28450300000002,42.228524999061015],[-122.28506400000005,42.22909599906103],[-122.28531100000001,42.22933399906102]]},"id":"003c000000000000188a","properties":{"fullname":"'30' Middle Spr","linearid":"1102285680994","mtfcc":"S1400","rttyp":"M"}},{"type":"Feature","geometry":{"type":"LineString","coordinates":[[-122.285637,42.26132999906093],[-122.285407,42.260939999060916],[-122.28533200000001,42.26082799906092],[-122.285251,42.26071799906092],[-122.285164,42.26061099906092],[-122.285033,42.260479999060934],[-122.284974,42.26041199906093],[-122.28492800000002,42.260344999060926],[-122.284891,42.26027499906093],[-122.284864,42.26017099906091],[-122.284832,42.26009499906092],[-122.284813,42.26006999906091],[-122.28472400000001,42.25997699906092],[-122.28465000000004,42.25988499906092],[-122.284462,42.25955999906094],[-122.284393,42.25945599906093],[-122.284318,42.259353999060934],[-122.28423900000001,42.259266999060934],[-122.28408499999999,42.259115999060924],[-122.28372000000003,42.25878899906094],[-122.28336800000001,42.258408999060926],[-122.283024,42.25806599906092],[-122.282735,42.25780999906091],[-122.282625,42.25772199906095],[-122.28251799999998,42.25764399906094],[-122.282407,42.25756999906094],[-122.282225,42.25745899906093],[-122.28201700000004,42.25734799906094],[-122.281873,42.25727899906092],[-122.28157999999999,42.25714799906094],[-122.281294,42.257028999060935],[-122.28118200000007,42.25696599906093]]},"id":"003c000000000000190d","properties":{"fullname":"Baldy Ridge Spr","linearid":"1102286108410","mtfcc":"S1400","rttyp":"M"}},{"type":"Feature","geometry":{"type":"LineString","coordinates":[[-122.28556300000001,42.2674459990609],[-122.28543899999998,42.267273999060905],[-122.28523300000003,42.2669659990609],[-122.285018,42.26666499906091],[-122.28492500000003,42.26650499906091],[-122.284846,42.26633299906091],[-122.284801,42.26620699906091],[-122.284741,42.265970999060904],[-122.28472200000002,42.26586199906091],[-122.284702,42.26565899906091],[-122.284699,42.2655639990609],[-122.284704,42.26546999906091],[-122.28475499999998,42.265199999060926],[-122.28477599999998,42.2650019990609],[-122.28477299999997,42.26490999906091],[-122.28473400000001,42.26463399906092],[-122.28470099999997,42.264311999060894],[-122.28468300000002,42.26402499906091],[-122.284692,42.26390199906092],[-122.28475499999998,42.263534999060916],[-122.28477299999997,42.26336699906091],[-122.284768,42.26322899906092],[-122.28475799999998,42.26318399906092],[-122.28472700000002,42.2631179990609],[-122.28467300000001,42.26305299906091],[-122.284603,42.26297899906093],[-122.284504,42.26289099906091],[-122.28443099999997,42.26283699906091],[-122.28404399999998,42.26258299906091],[-122.283797,42.26241299906093],[-122.283669,42.262331999060926],[-122.283501,42.26223899906092],[-122.28313600000001,42.26206099906092],[-122.28274300000001,42.26188899906092],[-122.28238200000003,42.261738999060924],[-122.28224100000001,42.26167299906092],[-122.28201899999999,42.26157999906092],[-122.281937,42.26153599906091],[-122.28189399999998,42.26150799906091],[-122.28177399999997,42.261415999060915],[-122.28169999999999,42.26135099906092],[-122.28161100000001,42.26126399906092],[-122.28147500000003,42.26110799906092]]},"id":"003c0000000000001917","properties":{"fullname":"Baldy Ridge Spr","linearid":"1102286114776","mtfcc":"S1400","rttyp":"M"}},{"type":"Feature","geometry":{"type":"LineString","coordinates":[[-122.43602200000001,42.13396299906134],[-122.43569400000004,42.13567499906132],[-122.435241,42.13578699906133],[-122.435199,42.13579799906133],[-122.43409900000002,42.13501699906132],[-122.43274900000003,42.13483999906132],[-122.430735,42.13553199906132],[-122.42945600000003,42.13641199906133],[-122.428606,42.13649499906132],[-122.426082,42.13535399906133],[-122.423811,42.135221999061336],[-122.42180699999999,42.134998999061324],[-122.42058700000003,42.13530499906132],[-122.41995,42.13583099906132],[-122.41946500000002,42.13679999906134],[-122.41927100000001,42.137471999061304],[-122.421055,42.140528999061324],[-122.421712,42.141889999061306],[-122.422745,42.142987999061305],[-122.42265699999999,42.143555999061284],[-122.422457,42.1435839990613],[-122.42100200000002,42.14378999906129],[-122.41950800000001,42.1446459990613],[-122.41891899999999,42.14599799906129],[-122.41698200000005,42.14671699906129],[-122.41514,42.146805999061286],[-122.41331900000002,42.14755099906129],[-122.41094100000002,42.14767799906127],[-122.408202,42.14729499906128],[-122.40759099999998,42.147419999061285],[-122.40703,42.14881399906128],[-122.407163,42.14977199906128],[-122.40690300000001,42.15006199906127],[-122.406812,42.150626999061274]]},"id":"003c0000000000000a53","properties":{"fullname":"Beaver Creek Rd","linearid":"110340490169","mtfcc":"S1400","rttyp":"M"}},{"type":"Feature","geometry":{"type":"LineString","coordinates":[[-122.40649700000002,42.151431999061266],[-122.405734,42.15202599906127],[-122.40621600000001,42.15349399906126],[-122.40625299999999,42.15360699906127],[-122.40212200000002,42.155156999061255],[-122.400576,42.15666399906125],[-122.400477,42.159922999061244],[-122.40306700000001,42.166097999061236],[-122.40316,42.16619399906122],[-122.40317500000003,42.166232999061215],[-122.40318200000003,42.166252999061236]]},"id":"003c0000000000000a58","properties":{"fullname":"Beaver Creek Rd","linearid":"110340490168","mtfcc":"S1400","rttyp":"M"}},{"type":"Feature","geometry":{"type":"LineString","coordinates":[[-122.40318200000003,42.166252999061236],[-122.40412899999998,42.166400999061224],[-122.40532300000002,42.16697399906122],[-122.40550400000005,42.167631999061214],[-122.405256,42.16831699906121],[-122.40514600000002,42.168754999061214]]},"id":"003c0000000000000ae4","properties":{"fullname":"Beaver Creek Rd","linearid":"110340490166","mtfcc":"S1400","rttyp":"M"}},{"type":"Feature","geometry":{"type":"LineString","coordinates":[[-122.40318200000003,42.166252999061236],[-122.40315200000002,42.16640999906122],[-122.40269600000005,42.16645799906122],[-122.401938,42.166329999061226],[-122.401661,42.16612099906123],[-122.40028299999999,42.164191999061224],[-122.399016,42.164240999061235],[-122.399184,42.16320199906123],[-122.39604299999998,42.15807299906125],[-122.39427100000002,42.15869499906125],[-122.39182100000002,42.156662999061254],[-122.38731800000005,42.15910799906124]]},"id":"003c0000000000000ae5","properties":{"fullname":"Beaver Creek Rd","linearid":"110340490167","mtfcc":"S1400","rttyp":"M"}},{"type":"Feature","geometry":{"type":"LineString","coordinates":[[-122.48568799999998,42.22880299906104],[-122.48572000000001,42.228855999061025],[-122.485608,42.22916299906103],[-122.48422099999999,42.23001899906102],[-122.4835,42.23070799906103],[-122.4834,42.231163999061025],[-122.48353800000001,42.23177499906102],[-122.48387300000002,42.23255299906102],[-122.48436599999998,42.23400099906102],[-122.484743,42.234618999061006],[-122.48513400000002,42.23503899906101],[-122.485791,42.23507499906101],[-122.48647300000002,42.23499899906101],[-122.48700100000003,42.23488299906101],[-122.48749199999999,42.23490499906101],[-122.487802,42.23500599906101],[-122.48823800000002,42.235195999061006],[-122.48859800000002,42.235599999061],[-122.48892599999999,42.23626299906099],[-122.48920900000002,42.23678899906099],[-122.48938700000001,42.23724199906099],[-122.48982200000002,42.23778499906099],[-122.49023500000006,42.23799599906099],[-122.490723,42.23804799906099],[-122.491167,42.23793999906099],[-122.49196300000001,42.23789499906099],[-122.49258300000002,42.238081999061],[-122.493439,42.238451999061],[-122.49425700000003,42.238664999060994],[-122.494651,42.238819999061],[-122.49520599999998,42.23891699906099],[-122.49653200000004,42.238816999060994],[-122.49688800000003,42.23908499906099],[-122.497212,42.23961099906098],[-122.49735400000002,42.24020099906099],[-122.49707200000005,42.24160399906098],[-122.49713500000001,42.24231699906099],[-122.49786299999998,42.244612999060976],[-122.49814100000002,42.24497299906098],[-122.499431,42.245362999060966],[-122.50079900000001,42.24559399906098],[-122.50119800000002,42.245921999060975],[-122.50204500000001,42.24619499906097],[-122.50398400000002,42.246722999060985],[-122.504989,42.24681099906097],[-122.506129,42.24729099906096],[-122.506886,42.24790199906097],[-122.50770300000002,42.24913299906097],[-122.508072,42.249353999060965],[-122.50925999999998,42.25006799906097]]},"id":"003c0000000000000a93","properties":{"fullname":"Buck Prairie Rd","linearid":"110340490218","mtfcc":"S1400","rttyp":"M"}},{"type":"Feature","geometry":{"type":"LineString","coordinates":[[-122.27382500000002,42.26120099906091],[-122.27372100000001,42.26131899906093],[-122.27337500000002,42.261605999060926],[-122.27329399999999,42.26168599906091],[-122.27326599999999,42.261727999060916],[-122.273223,42.26181799906092],[-122.27317900000003,42.261955999060916],[-122.27314100000001,42.26200999906091],[-122.27300600000001,42.26215399906092],[-122.27278400000002,42.26235799906092],[-122.272702,42.262443999060906],[-122.27263800000003,42.26251999906092],[-122.27258,42.26259899906093],[-122.272527,42.2626899990609],[-122.27240799999998,42.26294999906092],[-122.27219800000002,42.263481999060915],[-122.27216400000003,42.26362099906092],[-122.272149,42.26379599906091],[-122.27211000000003,42.263959999060916],[-122.27205600000002,42.26409499906091],[-122.271996,42.264193999060915],[-122.271969,42.26422799906091],[-122.27180900000003,42.264395999060916],[-122.27168099999999,42.26451299906092],[-122.271589,42.2645869990609],[-122.27145400000002,42.26468999906091]]},"id":"003c00000000000016c2","properties":{"fullname":"Burton Flat Spr","linearid":"1102300107396","mtfcc":"S1400","rttyp":"M"}},{"type":"Feature","geometry":{"type":"LineString","coordinates":[[-122.267669,42.264235999060915],[-122.26767200000003,42.26411399906092],[-122.26766799999999,42.26406999906091],[-122.26767600000005,42.264028999060926],[-122.26769399999999,42.26399499906093],[-122.267768,42.26391299906091],[-122.26786200000002,42.263824999060915],[-122.26796500000005,42.263741999060926],[-122.268026,42.26368299906093],[-122.268074,42.2636129990609],[-122.26814800000004,42.26347899906092],[-122.26828500000002,42.26316999906091],[-122.26838000000004,42.262925999060926],[-122.26841400000002,42.262800999060914],[-122.26843700000003,42.26267899906091],[-122.26844700000002,42.26255299906091],[-122.26847700000003,42.262431999060915],[-122.26850299999998,42.26237399906093],[-122.26853700000002,42.262317999060926],[-122.26856799999999,42.2622769990609],[-122.26865600000001,42.26218999906091],[-122.268714,42.26214699906092],[-122.26881,42.262088999060914],[-122.26892200000002,42.26204099906092],[-122.26914500000001,42.26195499906093],[-122.269558,42.26181899906092],[-122.26961000000001,42.261796999060934],[-122.26965500000001,42.261769999060924],[-122.26972400000001,42.26171499906093]]},"id":"003c00000000000016c4","properties":{"fullname":"Burton Flat Spr","linearid":"1102300113248","mtfcc":"S1400","rttyp":"M"}},{"type":"Feature","geometry":{"type":"LineString","coordinates":[[-122.26727200000003,42.26025199906093],[-122.267221,42.26074099906092],[-122.267195,42.26093599906093],[-122.26711899999997,42.26133299906092],[-122.26699199999999,42.26212699906091],[-122.266936,42.262421999060926],[-122.266874,42.26266899906092],[-122.266775,42.26296799906092],[-122.26665700000001,42.26329699906092],[-122.26659700000003,42.2634899990609],[-122.26657600000003,42.263586999060934],[-122.26656000000001,42.263714999060916],[-122.266563,42.263778999060904],[-122.26657999999999,42.263846999060924],[-122.26660700000002,42.26391599906092],[-122.26663500000004,42.2639619990609]]},"id":"003c00000000000016c5","properties":{"fullname":"Burton Flat Spr","linearid":"1102286110768","mtfcc":"S1400","rttyp":"M"}},{"type":"Feature","geometry":{"type":"LineString","coordinates":[[-122.249708,42.260857999060924],[-122.24987800000001,42.26087099906094],[-122.250023,42.26088799906094],[-122.25027199999998,42.26090299906092],[-122.25047900000001,42.260905999060924],[-122.250582,42.26090099906091],[-122.250752,42.26087899906092],[-122.25122400000004,42.260786999060926],[-122.25133100000002,42.26077799906093],[-122.25263399999999,42.26056499906091],[-122.25307600000004,42.26048299906092],[-122.253287,42.26043399906092],[-122.25346099999997,42.26038499906092],[-122.25396900000003,42.26021399906092],[-122.25414200000002,42.26016299906092],[-122.25428600000004,42.26012499906093],[-122.25472499999998,42.26002499906092],[-122.255495,42.25986499906094]]},"id":"003c000000000000185f","properties":{"fullname":"Burton Flat Spr","linearid":"1102286115696","mtfcc":"S1400","rttyp":"M"}},{"type":"Feature","geometry":{"type":"LineString","coordinates":[[-122.24888300000002,42.24748899906097],[-122.248585,42.24780199906096],[-122.248414,42.24799199906095],[-122.24791700000002,42.248575999060954],[-122.24772000000002,42.248784999060966],[-122.24761499999998,42.24888599906096],[-122.24742800000004,42.24904699906095],[-122.24697400000002,42.24938399906095],[-122.24687700000003,42.24946699906096],[-122.246807,42.24953699906096],[-122.246742,42.24960999906095],[-122.24662800000003,42.24976599906097],[-122.24658000000004,42.24984599906095],[-122.24637700000002,42.25017299906094],[-122.24600199999999,42.25072499906095],[-122.24575599999999,42.251060999060954],[-122.245598,42.25128699906095],[-122.24526400000003,42.251810999060936],[-122.24496299999998,42.25225499906095],[-122.244859,42.25235799906095]]},"id":"003c0000000000001863","properties":{"fullname":"Burton Flat Spr","linearid":"1102289001075","mtfcc":"S1400","rttyp":"M"}},{"type":"Feature","geometry":{"type":"LineString","coordinates":[[-122.25621200000002,42.25439299906093],[-122.256184,42.25445399906094],[-122.25612800000003,42.254520999060944],[-122.25607900000001,42.25459099906094],[-122.25597299999998,42.25480799906094],[-122.25592500000002,42.25487299906094],[-122.25587000000003,42.25493599906095],[-122.255746,42.25505399906095],[-122.25561499999999,42.25514699906095],[-122.25555600000001,42.25519699906094],[-122.25551700000001,42.25524299906096],[-122.25548500000001,42.25529099906093],[-122.25543500000002,42.25539499906095],[-122.255401,42.25550999906094],[-122.25538799999998,42.25563799906094],[-122.255389,42.255777999060925],[-122.25539600000002,42.25585499906093],[-122.25541400000002,42.255928999060934],[-122.25543400000001,42.25598399906094],[-122.25549199999999,42.256087999060924],[-122.255546,42.256151999060954],[-122.255671,42.25627099906093],[-122.25574999999999,42.25635499906093],[-122.25582299999998,42.256441999060925],[-122.25588599999999,42.25653799906094],[-122.25590100000001,42.25658299906093],[-122.25592500000002,42.25675799906093],[-122.25592500000002,42.25692099906093],[-122.25591800000002,42.25700199906093],[-122.255888,42.257140999060944],[-122.255878,42.25720999906094],[-122.255878,42.25728199906093],[-122.2559,42.257464999060936],[-122.25596300000002,42.257725999060945],[-122.255969,42.25780199906093],[-122.25596000000003,42.257937999060935],[-122.25590400000007,42.258384999060915],[-122.255888,42.258591999060926],[-122.25588899999998,42.25898899906094],[-122.25588499999999,42.259097999060934],[-122.25587,42.259266999060934],[-122.25586100000002,42.259295999060924],[-122.25583799999998,42.259325999060934],[-122.25580500000001,42.259353999060934],[-122.255737,42.259400999060915],[-122.255573,42.25948499906092],[-122.255158,42.25968199906092]]},"id":"003c0000000000001865","properties":{"fullname":"Burton Flat Spr","linearid":"1102286027920","mtfcc":"S1400","rttyp":"M"}},{"type":"Feature","geometry":{"type":"LineString","coordinates":[[-122.392259,42.11016799906141],[-122.39209400000003,42.11202899906138],[-122.39223600000001,42.1131539990614],[-122.39250900000005,42.11411599906139],[-122.39294700000002,42.11486899906137],[-122.393805,42.11603699906138],[-122.39555700000004,42.117774999061375],[-122.396508,42.11862399906137],[-122.396694,42.11914799906138],[-122.39672199999998,42.119607999061365],[-122.39631399999998,42.122782999061364],[-122.39792200000002,42.125362999061345],[-122.398913,42.12623799906135],[-122.39942599999999,42.126519999061344],[-122.39973400000001,42.12701199906136],[-122.39972300000002,42.127564999061335],[-122.39972100000001,42.12765399906133],[-122.39939000000003,42.12799799906133],[-122.39907400000003,42.12830699906134],[-122.39876099999998,42.12843299906134],[-122.39836399999999,42.12859599906133],[-122.39768200000002,42.128857999061346],[-122.39724400000001,42.12935099906134],[-122.39743299999998,42.12992899906133],[-122.39823599999997,42.131101999061336],[-122.39885200000003,42.13177999906133],[-122.39967299999999,42.13258499906134],[-122.39996399999998,42.133310999061315],[-122.40002399999999,42.13411899906133],[-122.40005000000001,42.134800999061326],[-122.399999,42.13561399906132],[-122.399996,42.136284999061324],[-122.40026300000001,42.13701699906132],[-122.401017,42.13792599906132],[-122.40192900000001,42.138603999061324],[-122.402403,42.13928199906132],[-122.40299000000003,42.13980499906131],[-122.40355000000001,42.14008699906132],[-122.40376900000001,42.140417999061306],[-122.40383200000005,42.140900999061294],[-122.40380499999998,42.14110399906131],[-122.40375500000003,42.14147799906131],[-122.40370500000002,42.1419959990613],[-122.403657,42.1420969990613],[-122.40432,42.1425479990613],[-122.404779,42.1428889990613],[-122.404808,42.143388999061294],[-122.404595,42.1439139990613],[-122.40466300000001,42.14505399906128],[-122.40452699999999,42.14530499906129],[-122.403503,42.14639899906128],[-122.40352600000001,42.146786999061284],[-122.404472,42.14744499906128],[-122.40480500000001,42.14780799906128],[-122.405196,42.14867299906128],[-122.40526599999998,42.14933399906127],[-122.40547,42.149627999061266],[-122.406578,42.150352999061276],[-122.406812,42.150626999061274],[-122.40671000000003,42.151265999061266],[-122.40649700000002,42.151431999061266],[-122.40638699999998,42.15249199906127],[-122.40679199999998,42.15274599906127],[-122.40772200000002,42.15288899906126],[-122.408096,42.153097999061266],[-122.40812599999997,42.15318999906126],[-122.40884200000002,42.15367599906127],[-122.40961899999999,42.15404599906126],[-122.40993299999998,42.15443899906126],[-122.40992000000001,42.154522999061264],[-122.40987400000003,42.15476199906127],[-122.40862899999999,42.15573199906127],[-122.408696,42.156216999061265],[-122.40969900000003,42.15764699906126],[-122.40982400000003,42.15787699906125],[-122.409802,42.158591999061244],[-122.408806,42.159883999061236],[-122.40868700000004,42.16025199906125],[-122.40872599999997,42.16096699906124],[-122.40898299999999,42.16191199906123],[-122.40920200000002,42.16223499906123],[-122.40967000000003,42.16260399906123],[-122.41050599999998,42.162864999061235],[-122.41072200000002,42.16330299906124],[-122.41062600000001,42.16359799906123],[-122.41114300000001,42.164034999061236],[-122.41203199999998,42.16405299906123],[-122.41321699999999,42.16405099906124],[-122.41377500000002,42.164053999061245],[-122.414094,42.16421399906123],[-122.41487000000004,42.16457999906123],[-122.41654099999998,42.16483099906123],[-122.417491,42.16501799906123],[-122.41897000000002,42.16519699906122],[-122.41940199999996,42.16536699906123],[-122.419571,42.16550999906123],[-122.41961800000003,42.165899999061224],[-122.41925899999998,42.16675299906124],[-122.41926399999998,42.167053999061224],[-122.41938999999999,42.16728399906121],[-122.42007600000001,42.16792999906122],[-122.420422,42.16862199906122],[-122.42079599999998,42.16887699906121],[-122.42126099999999,42.168970999061216],[-122.42178899999999,42.16920399906122],[-122.42203899999998,42.16947999906122],[-122.42226,42.16994099906121],[-122.4223,42.170770999061205],[-122.42196700000004,42.1711169990612],[-122.421237,42.1714419990612],[-122.420903,42.17178799906121],[-122.420909,42.17224899906121],[-122.421193,42.17282599906121],[-122.42184899999998,42.173472999061204],[-122.422844,42.17416599906118],[-122.42278599999996,42.17444299906119],[-122.42251199999998,42.1746049990612],[-122.42175000000002,42.174654999061204],[-122.42126400000004,42.17490999906119],[-122.42084200000004,42.175600999061196],[-122.421064,42.17624699906119],[-122.421938,42.177053999061194],[-122.42204499999998,42.17829999906119],[-122.42245199999999,42.17876099906119],[-122.42338299999999,42.179154999061176],[-122.42400500000001,42.17952599906118],[-122.42416200000001,42.17977999906119],[-122.42416799999998,42.180263999061175],[-122.423567,42.18130199906117],[-122.42293099999998,42.181924999061174],[-122.42275000000001,42.182225999061174],[-122.42293999999998,42.18264099906117],[-122.42371800000001,42.183239999061165],[-122.423844,42.183517999061166],[-122.42372599999999,42.183886999061166],[-122.42336300000001,42.184370999061166],[-122.42334400000001,42.18536199906116],[-122.42304,42.18561599906116],[-122.42215700000003,42.18580399906115],[-122.42124199999999,42.18590099906117],[-122.42075500000003,42.18610999906116],[-122.42048299999999,42.18643199906116],[-122.42021600000001,42.187261999061164]]},"id":"003c0000000000000a55","properties":{"fullname":"Corral Creek Rd","linearid":"110340490311","mtfcc":"S1400","rttyp":"M"}},{"type":"Feature","geometry":{"type":"LineString","coordinates":[[-122.24916000000002,42.232238999061],[-122.249111,42.232435999060996],[-122.249079,42.232518999061014],[-122.249039,42.23259899906102],[-122.24901299999999,42.23263899906102],[-122.24892299999999,42.23275599906101],[-122.248855,42.232830999060994],[-122.24878600000001,42.23289899906102],[-122.24871200000003,42.23296399906101],[-122.24854900000001,42.23308599906102],[-122.248372,42.23319499906101],[-122.248225,42.23326599906102],[-122.24815499999998,42.23330499906102],[-122.248095,42.233347999060996],[-122.24804100000004,42.23339499906101],[-122.24789100000001,42.233545999061],[-122.247565,42.23385399906101],[-122.246866,42.234474999061014],[-122.24676400000001,42.234574999061],[-122.246643,42.234681999060996],[-122.24660700000003,42.23472899906101],[-122.246594,42.234753999061006],[-122.24658699999999,42.23478099906101],[-122.24658600000002,42.234808999061],[-122.246594,42.23486699906102],[-122.24660599999997,42.234893999061],[-122.246627,42.23491499906101],[-122.246866,42.23504699906101],[-122.24693900000001,42.23507799906102],[-122.24696900000004,42.23509099906101],[-122.24702399999997,42.235103999061],[-122.247087,42.23510999906099],[-122.24742800000001,42.235100999061004],[-122.24752400000001,42.235103999061],[-122.247681,42.235116999061006],[-122.248159,42.235181999061005],[-122.24838199999999,42.23520199906101],[-122.24852899999999,42.23520499906101],[-122.24857999999999,42.23519499906101],[-122.24867900000002,42.235160999061],[-122.248769,42.235117999061],[-122.24882,42.235085999061],[-122.248865,42.23504999906102],[-122.24902699999997,42.23488999906101],[-122.24938899999998,42.23455799906098],[-122.24951699999998,42.234451999061],[-122.24964799999998,42.234352999060995],[-122.24978399999999,42.234256999061],[-122.25009900000002,42.234059999061],[-122.25027900000003,42.233956999061],[-122.250405,42.233893999060996],[-122.25053600000001,42.23383999906101],[-122.25060400000002,42.233815999061],[-122.250746,42.23377799906102],[-122.25087900000001,42.233753999061],[-122.25101800000003,42.23373699906101],[-122.25116200000005,42.233736999061],[-122.25132000000006,42.233726999061],[-122.251413,42.23372999906101],[-122.25157199999998,42.23374299906101],[-122.25209600000002,42.23381799906099],[-122.25219500000003,42.23382899906101],[-122.25229500000002,42.23383199906099],[-122.252402,42.233826999060994],[-122.25250799999998,42.233815999061],[-122.252612,42.23379899906101],[-122.25270700000002,42.23377699906101],[-122.252889,42.233716999061],[-122.253061,42.23364299906101],[-122.253153,42.233595999061],[-122.25341200000004,42.23343199906102],[-122.25403600000001,42.23299699906101],[-122.254259,42.232823999061004],[-122.25432500000001,42.23276099906101],[-122.254428,42.232644999061016],[-122.25454100000005,42.23248999906102],[-122.25458500000002,42.232413999061016],[-122.25462200000001,42.232335999061],[-122.254683,42.23217499906101],[-122.254753,42.231964999061006],[-122.25479100000001,42.231816999060996],[-122.25482599999998,42.23172099906103],[-122.25491600000002,42.231569999061],[-122.255029,42.23142799906102],[-122.25506300000002,42.231390999061006],[-122.25517900000003,42.23128799906101],[-122.25534499999999,42.23115599906101],[-122.255422,42.231085999061015],[-122.25552500000002,42.23097899906101],[-122.25572100000001,42.23075799906103],[-122.25589799999999,42.230580999061026],[-122.25593600000002,42.23053399906102],[-122.25598000000004,42.23045699906102],[-122.256011,42.23036899906102],[-122.25603900000002,42.230249999061016],[-122.25616099999999,42.230144999061025],[-122.256229,42.230080999061016],[-122.25628899999998,42.230012999061],[-122.25634199999999,42.229942999061],[-122.25639000000002,42.229863999061],[-122.25642899999998,42.229782999061015],[-122.25645300000002,42.22970699906102],[-122.25647,42.22962999906102],[-122.25649599999997,42.229553999061025],[-122.25656099999999,42.229438999061],[-122.25662499999999,42.22935599906103],[-122.25670600000001,42.22927399906103],[-122.25683200000002,42.22917499906102],[-122.25690000000003,42.22912999906102],[-122.25703400000003,42.22905199906103],[-122.25710500000001,42.22901699906101],[-122.257224,42.22897699906103],[-122.25745500000002,42.22893599906102],[-122.257581,42.22890399906101],[-122.25763900000001,42.22888299906102],[-122.25768500000001,42.22885999906102],[-122.25772500000002,42.228832999061034],[-122.257761,42.22880199906102],[-122.25804700000002,42.22852599906103],[-122.25809100000001,42.228498999061024],[-122.25813900000003,42.22847799906103],[-122.25819200000001,42.22846099906102],[-122.25830599999999,42.22843799906102],[-122.25841899999999,42.22842999906103],[-122.258482,42.22843299906103],[-122.25860999999998,42.22845699906102],[-122.25873600000001,42.22849299906103],[-122.258989,42.22855699906103],[-122.25917800000003,42.22860999906102],[-122.25936300000002,42.228668999061014],[-122.25967,42.22878599906102],[-122.25994499999999,42.22886799906102],[-122.260214,42.22896099906103],[-122.26058500000002,42.22911999906103],[-122.260913,42.22928099906103],[-122.26113500000001,42.22938399906102],[-122.261388,42.22948199906101],[-122.26151100000003,42.22953499906102],[-122.26169400000006,42.229635999061],[-122.26186200000001,42.22975099906101],[-122.261958,42.229840999061025],[-122.262012,42.22987999906104],[-122.26208600000001,42.229923999061015],[-122.26211300000001,42.229933999061046],[-122.262142,42.22993699906101],[-122.262187,42.22992799906102],[-122.26223000000002,42.22991199906101],[-122.26225899999997,42.22989199906101],[-122.26228099999999,42.22986699906102],[-122.262316,42.229812999061025],[-122.26234600000002,42.22974099906102],[-122.26236300000001,42.22970199906102],[-122.262505,42.229290999061035],[-122.262547,42.22920599906102],[-122.26263300000004,42.22906099906103],[-122.26268199999997,42.22899099906103],[-122.26273900000002,42.22892599906102],[-122.262792,42.22887799906103],[-122.26285,42.228832999061034],[-122.262914,42.22879099906104],[-122.26311599999998,42.228672999061025],[-122.26342800000002,42.22847799906103],[-122.26355400000001,42.228406999061015],[-122.26362100000001,42.22837599906102],[-122.26369900000002,42.22834899906103],[-122.263781,42.228325999061035],[-122.26394000000003,42.22829699906102],[-122.26401700000004,42.228290999061024],[-122.26417300000001,42.22829199906102],[-122.26462900000001,42.228326999061025],[-122.26477099999998,42.22834399906102],[-122.265054,42.228389999061015],[-122.26547399999997,42.22847099906102],[-122.26591400000001,42.22856499906103],[-122.26614000000004,42.22860299906101],[-122.26636800000001,42.228634999061015],[-122.26649800000003,42.22865799906103],[-122.26707000000002,42.22875099906103],[-122.267638,42.228830999061024],[-122.267857,42.228869999061025],[-122.26828900000001,42.22896499906101],[-122.26882499999999,42.22910499906102],[-122.269189,42.22919299906103],[-122.269368,42.22924299906102],[-122.26955199999999,42.22930199906102],[-122.269828,42.229398999061026],[-122.269897,42.229426999061026],[-122.269993,42.22947799906102],[-122.27009100000001,42.229548999061016],[-122.27011700000001,42.229577999061014],[-122.270131,42.22960199906102],[-122.27014700000002,42.229653999061014],[-122.270143,42.229678999061015],[-122.27012800000003,42.229702999061026],[-122.27010499999999,42.22972599906101],[-122.270013,42.22979799906102],[-122.26985600000002,42.22982899906103],[-122.26937700000003,42.22988499906102],[-122.26919800000006,42.229914999061016],[-122.26916899999998,42.229931999061016],[-122.269083,42.22999599906101],[-122.26904499999999,42.23003799906101],[-122.26898900000002,42.23012699906102],[-122.26895799999998,42.230269999061015],[-122.268954,42.23035499906102]]},"id":"003c0000000000001883","properties":{"fullname":"County Line Spr","linearid":"1102314729979","mtfcc":"S1400","rttyp":"M"}},{"type":"Feature","geometry":{"type":"LineString","coordinates":[[-122.26864299999998,42.216536999061056],[-122.26879300000002,42.21671699906106],[-122.26885900000002,42.21684699906107],[-122.26887300000003,42.216910999061064],[-122.26887100000002,42.21693099906106],[-122.26883199999999,42.21703299906107],[-122.26880600000004,42.21716699906106],[-122.26877800000001,42.217228999061064],[-122.26871599999998,42.21732399906106],[-122.26856899999997,42.21748399906106],[-122.26845900000002,42.21761399906106],[-122.26836,42.21774799906107],[-122.26832000000005,42.21781899906105],[-122.268282,42.21790699906104],[-122.26822900000002,42.218052999061044],[-122.26814900000001,42.21834299906106],[-122.268114,42.21850099906106],[-122.26809,42.21857799906106],[-122.268044,42.21867399906106],[-122.26799000000003,42.21876799906105],[-122.26790799999998,42.21889099906105],[-122.26764299999999,42.21923099906106],[-122.26736399999999,42.21957299906106]]},"id":"003c00000000000018e4","properties":{"fullname":"County Line Spr","linearid":"1102286462555","mtfcc":"S1400","rttyp":"M"}},{"type":"Feature","geometry":{"type":"LineString","coordinates":[[-122.56197900000002,42.21307099906106],[-122.560945,42.21241799906107],[-122.560504,42.21221099906108],[-122.56020800000002,42.21200099906108],[-122.55999800000001,42.21160799906108],[-122.55993799999999,42.21149499906107],[-122.559882,42.210612999061084],[-122.559786,42.210206999061064],[-122.55973599999999,42.20977799906109],[-122.55913200000003,42.20900899906108],[-122.55871500000005,42.20842499906107],[-122.55859600000001,42.20810499906109],[-122.55778500000002,42.207661999061074],[-122.557078,42.20705699906109],[-122.55573500000001,42.206294999061086],[-122.55426099999998,42.2056039990611],[-122.553877,42.205428999061084],[-122.55340400000003,42.20501099906109],[-122.55288100000003,42.20397099906111],[-122.55236500000002,42.20294499906111],[-122.552005,42.2024399990611],[-122.55093100000003,42.2010959990611],[-122.55050800000004,42.200422999061125],[-122.550298,42.20031199906111],[-122.55024900000001,42.2002919990611],[-122.54969700000001,42.20013699906111],[-122.54958,42.20005399906112],[-122.549515,42.19979999906111],[-122.54945899999998,42.199630999061114],[-122.54938799999998,42.19941899906111],[-122.54903300000002,42.19908499906111],[-122.548902,42.198576999061125]]},"id":"003c0000000000000a70","properties":{"fullname":"Dosier Creek Rd","linearid":"110340490358","mtfcc":"S1400","rttyp":"M"}},{"type":"Feature","geometry":{"type":"LineString","coordinates":[[-122.4441390544336,42.20393781040116],[-122.44412100000005,42.2038939990611],[-122.444015,42.203697999061106],[-122.44394699999998,42.2034179990611],[-122.443902,42.2031389990611],[-122.44378800000004,42.20265599906111],[-122.44366000000001,42.2019009990611],[-122.443343,42.2006399990611],[-122.44319900000002,42.1996579990611],[-122.44318400000003,42.198917999061116],[-122.44328200000002,42.198547999061134],[-122.44362199999999,42.19797399906111],[-122.44372,42.197467999061125],[-122.44371300000002,42.196916999061116],[-122.44369799999998,42.19662299906113],[-122.443501,42.19593599906114],[-122.44334999999998,42.19578399906112],[-122.44311600000002,42.19562599906113],[-122.44276900000003,42.19551999906112],[-122.44245200000005,42.19545899906112],[-122.44160200000002,42.195505999061126],[-122.441481,42.19547899906112],[-122.44134400000002,42.19537699906113],[-122.441294,42.19529599906112],[-122.44125400000004,42.19525999906112],[-122.44122800000001,42.195124999061115],[-122.44125400000004,42.19491199906113],[-122.44142799999999,42.194653999061124],[-122.441622,42.19425599906113],[-122.44183399999997,42.19360799906113],[-122.44203499999998,42.19296899906113],[-122.44216999999998,42.19248499906113],[-122.44219200000003,42.19214999906114],[-122.44213500000004,42.19193499906114],[-122.44209399999998,42.191847999061146],[-122.44197200000004,42.191705999061135],[-122.44173000000004,42.191557999061146],[-122.44148400000003,42.19135199906114],[-122.44078299999998,42.19085299906115],[-122.440492,42.190697999061136],[-122.44009799999999,42.190477999061144],[-122.43956900000002,42.19030399906115],[-122.43921399999999,42.19018799906113],[-122.438491,42.19005199906116],[-122.43771699999998,42.189871999061154],[-122.43759399999999,42.18981999906114],[-122.43741400000002,42.189677999061146],[-122.43720699999999,42.18954199906114],[-122.43716200000001,42.18939399906115],[-122.43711699999999,42.18908399906115],[-122.43714300000005,42.188677999061156],[-122.43712299999999,42.18837399906116],[-122.43701300000004,42.188186999061145],[-122.436884,42.18796799906115],[-122.43681600000005,42.18783299906115],[-122.43701000000006,42.18754899906114],[-122.437581,42.187203999061154],[-122.43795100000003,42.18696799906115],[-122.438502,42.18657799906115],[-122.438926,42.18620799906116],[-122.439181,42.18595999906116],[-122.439592,42.18550899906116],[-122.43980700000004,42.185259999061145],[-122.44009600000001,42.18486999906116],[-122.44039200000002,42.184520999061164],[-122.44071399999999,42.18428499906117],[-122.44109799999998,42.18408999906116],[-122.441636,42.183834999061155],[-122.44205900000001,42.18357899906117],[-122.44244299999998,42.18331699906117],[-122.442664,42.18315599906115],[-122.442866,42.18306799906115],[-122.44311500000002,42.18303499906115],[-122.443418,42.18296099906116],[-122.44353899999999,42.18291999906116],[-122.44370000000004,42.18276599906117],[-122.444003,42.18234899906117],[-122.44423100000003,42.182126999061175],[-122.44444600000004,42.18190699906117],[-122.44480900000002,42.18150399906116],[-122.445017,42.18120099906118],[-122.44522600000002,42.18083399906118],[-122.44532500000001,42.18056099906118],[-122.44537000000003,42.18024799906117],[-122.44535999999997,42.18002399906117],[-122.44538500000002,42.179894999061176],[-122.44546000000003,42.179750999061184],[-122.44555900000002,42.17963199906118],[-122.44568799999999,42.179596999061175],[-122.44581699999999,42.179596999061175],[-122.446165,42.17969599906117],[-122.44642800000004,42.179795999061184],[-122.446801,42.1799149990612],[-122.447089,42.179958999061164],[-122.44733700000002,42.17994499906117],[-122.44763600000003,42.179879999061164],[-122.448684,42.17965099906117],[-122.44931000000004,42.17948799906117],[-122.449785,42.179407999061176],[-122.45029000000004,42.17934699906117],[-122.45116900000001,42.17926599906117],[-122.45188600000004,42.17920599906119],[-122.45209799999999,42.179154999061176],[-122.45228000000003,42.17911499906118],[-122.45249199999999,42.17890199906118],[-122.45262400000001,42.17863999906119],[-122.45268400000002,42.178336999061194],[-122.45283599999999,42.17798299906119],[-122.452977,42.17777099906118],[-122.453181,42.17762799906119],[-122.45347700000002,42.17746499906117],[-122.45367300000001,42.17729199906119],[-122.45383600000002,42.176989999061185],[-122.453875,42.17665399906118],[-122.45385299999998,42.17637899906118],[-122.45380800000001,42.17615599906119],[-122.453578,42.17567999906119],[-122.45328200000002,42.17503599906118],[-122.45316999999999,42.174565999061194],[-122.45293399999998,42.1736979990612],[-122.45268300000002,42.172986999061195],[-122.452621,42.17277399906121],[-122.45259299999996,42.17260699906119],[-122.452683,42.172354999061206],[-122.452789,42.1722039990612],[-122.45353900000003,42.171620999061204],[-122.45389699999998,42.171385999061194],[-122.45434000000003,42.17126899906121],[-122.45493300000001,42.17120699906121],[-122.455414,42.171178999061205],[-122.455733,42.171184999061204],[-122.45631600000006,42.17120699906121],[-122.45661800000003,42.17121299906122],[-122.45679700000005,42.171178999061205],[-122.45706,42.17107799906122],[-122.45736799999999,42.1709379990612],[-122.45773200000001,42.17066399906121],[-122.45796099999997,42.17041799906121],[-122.45818200000001,42.1701249990612],[-122.45827200000001,42.16962199906121],[-122.45793000000002,42.16854099906122],[-122.45751500000004,42.16754799906121],[-122.45732000000001,42.166771999061226],[-122.457616,42.16630599906122],[-122.45770199999998,42.16617199906121],[-122.45849300000003,42.16597399906123],[-122.46023400000003,42.16604199906123],[-122.46357000000003,42.16578399906122],[-122.46523200000004,42.164646999061226],[-122.465293,42.16415599906123],[-122.46521099999998,42.162169999061234],[-122.46615600000001,42.16081399906124],[-122.46629800000001,42.160393999061235],[-122.466326,42.16007599906125],[-122.46528000000004,42.157587999061256],[-122.46398799999999,42.155291999061255],[-122.46384100000002,42.15504599906127],[-122.46257800000001,42.15292499906128],[-122.46186600000001,42.15185699906127],[-122.46177600000001,42.15144099906127],[-122.46147500000002,42.14989099906129],[-122.46135800000005,42.14799099906128],[-122.46187700000003,42.144784999061294],[-122.46148400000001,42.1440279990613],[-122.46159499999999,42.143431999061285],[-122.46171600000001,42.1427849990613],[-122.462333,42.14209699906129],[-122.46272300000003,42.140952999061305],[-122.46243000000001,42.140237999061306],[-122.462378,42.13982099906131],[-122.463351,42.138146999061306],[-122.463456,42.137799999061315],[-122.46340700000003,42.136849999061326],[-122.463671,42.13479999906133],[-122.46363400000003,42.13423899906134],[-122.46389,42.13313999906132],[-122.46392499999999,42.13240399906134],[-122.463408,42.13074299906133],[-122.46342700000001,42.12827899906134],[-122.46418900000002,42.12686999906134],[-122.46438799999999,42.125956999061344],[-122.46442200000004,42.12579999906134],[-122.46436500000004,42.122922999061366]]},"id":"003c0000000000000a4d","properties":{"fullname":"E Hyatt Lake Rd","linearid":"1104755845284","mtfcc":"S1400","rttyp":"M"}},{"type":"Feature","geometry":{"type":"LineString","coordinates":[[-122.32920800408765,42.042241908906654],[-122.329336,42.042320999061644],[-122.329718,42.04253999906162],[-122.32991100000001,42.04285099906161],[-122.330251,42.043130999061624],[-122.33065500000005,42.043603999061624],[-122.33099500000002,42.04395599906164],[-122.33130900000003,42.044233999061625]]},"id":"003c0000000000000344","properties":{"fullname":"Grizzly Flat Rd","linearid":"110340490442","mtfcc":"S1400","rttyp":"M"}},{"type":"Feature","geometry":{"type":"MultiLineString","coordinates":[[[-122.36559260603225,42.24938918547398],[-122.36580200000002,42.249866999060956],[-122.366182,42.25046499906095],[-122.36681800000001,42.25080499906094],[-122.36790500000001,42.25126299906096],[-122.36878,42.25166199906095],[-122.36963699999998,42.251983999060954],[-122.36992000000001,42.25249499906094],[-122.36999900000002,42.25308299906094],[-122.37031299999998,42.25363199906096],[-122.37057699999998,42.254417999060934],[-122.37066200000004,42.25509999906094],[-122.37064100000003,42.255879999060944],[-122.37106700000001,42.25586799906093],[-122.37122500000001,42.25577799906093],[-122.37149200000002,42.25562499906095],[-122.371538,42.255542999060935],[-122.37181900000002,42.25584399906094],[-122.37201300000002,42.256299999060936],[-122.37241099999999,42.25717899906093],[-122.37302299999999,42.25817799906095],[-122.37323800000003,42.259254999060936],[-122.37304199999998,42.25971799906094],[-122.37292400000001,42.26072999906092],[-122.37267999999999,42.261456999060925],[-122.371976,42.26212999906093],[-122.37135599999999,42.26274799906091],[-122.370933,42.263562999060916],[-122.371052,42.264491999060915],[-122.371346,42.26549799906092],[-122.371632,42.26627799906091],[-122.37147300000002,42.26670699906091],[-122.371206,42.26753299906091],[-122.37118299999999,42.2683749990609],[-122.37114300000002,42.268951999060896],[-122.37103700000003,42.2693609990609],[-122.37092800000002,42.269783999060905],[-122.370786,42.27054299906089],[-122.370632,42.27156599906088],[-122.37039300000002,42.271946999060894],[-122.36949299999998,42.27300499906088],[-122.36945575037694,42.27304719215864]],[[-122.36602800000004,42.22931599906101],[-122.36580500000005,42.23019499906101],[-122.36577499999999,42.23099399906102],[-122.36571099999999,42.23147699906101],[-122.36606399999998,42.23201599906102],[-122.36612999999998,42.23218999906101],[-122.366389,42.23287099906102],[-122.36634300000001,42.233475999061],[-122.36635600000001,42.234294999061014],[-122.36636200000004,42.235235999061004],[-122.36625200000002,42.236043999060996],[-122.36602200000002,42.23693599906101],[-122.36596200000004,42.237782999061],[-122.365967,42.23843799906099],[-122.36605,42.23980699906098],[-122.36590999999999,42.240714999061],[-122.365922,42.24150699906098],[-122.36588600000005,42.24238699906099],[-122.36578,42.24304699906098],[-122.36576,42.24340499906099],[-122.36574,42.243745999060984],[-122.36571767787524,42.243874618245826]]]},"id":"003c0000000000000ab6","properties":{"fullname":"Moon Prairie Rd","linearid":"110340490610","mtfcc":"S1400","rttyp":"M"}},{"type":"Feature","geometry":{"type":"MultiLineString","coordinates":[[[-122.3266262333822,42.19110270846262],[-122.327136,42.19138099906113],[-122.32759000000001,42.19194299906114],[-122.32788800000002,42.19246099906113],[-122.32855499999998,42.193232999061124],[-122.32931600000002,42.194075999061134],[-122.32966200000001,42.194230999061126],[-122.33041700000003,42.19417299906113],[-122.33129800000002,42.19377399906113],[-122.33174800000002,42.193824999061135],[-122.33201700000004,42.194501999061124],[-122.33236599999996,42.19518499906112],[-122.33361600000002,42.196029999061125],[-122.33471500000002,42.19611599906113],[-122.33559300000003,42.19617899906113],[-122.33638200000001,42.19639099906112],[-122.33744699999998,42.197102999061116],[-122.33811899999999,42.19734699906113],[-122.33829899999999,42.197830999061125],[-122.33832399999999,42.19835899906112],[-122.33790000000002,42.19880899906112],[-122.33741100000002,42.199180999061106],[-122.33657999999998,42.19947499906111],[-122.33606800000003,42.19983599906111],[-122.33634,42.199917999061114],[-122.336584,42.19999199906111],[-122.33733800000003,42.19994999906111],[-122.33786700000002,42.20023799906112],[-122.338386,42.20101399906112],[-122.33882500000003,42.20149999906111],[-122.33934600000003,42.20213299906112],[-122.33991199999998,42.202442999061105],[-122.340342,42.202069999061116],[-122.34093100000001,42.201522999061105],[-122.34181100000004,42.201299999061106],[-122.34255699999999,42.201329999061116],[-122.343295,42.20156799906111],[-122.34374399999999,42.20182199906111],[-122.343778,42.20211899906111],[-122.34369899999997,42.20267999906111],[-122.343592,42.2030699990611],[-122.343541,42.203256999061104],[-122.34359400000001,42.20404799906111],[-122.343958,42.204692999061095],[-122.34438000000004,42.20555199906109],[-122.34442300000003,42.206689999061076],[-122.34466300000001,42.20722899906108],[-122.34510000000002,42.2081649990611],[-122.34539200000002,42.20866599906109],[-122.34516600000005,42.209027999061085],[-122.34508199999996,42.20923099906109],[-122.34494099999999,42.2095719990611],[-122.34506000000003,42.21030899906108],[-122.34526100000001,42.21127099906108],[-122.34517400000003,42.21197499906107],[-122.344817,42.21225399906108],[-122.34397400000002,42.21241099906108],[-122.34374400000002,42.21265799906108],[-122.34385700000003,42.21296699906108],[-122.34387400000003,42.21301499906108],[-122.34432200000002,42.213313999061064],[-122.34575600000004,42.21433999906106],[-122.34576800000004,42.21462599906108],[-122.346056,42.21574199906106],[-122.34642799999999,42.21616399906105],[-122.34714499999998,42.21650299906106],[-122.34778999999999,42.21693599906105],[-122.34858699999998,42.21731299906106],[-122.34914799999999,42.21734999906106],[-122.350482,42.217323999061065],[-122.351571,42.217249999061046],[-122.353914,42.21734799906106],[-122.35529400000001,42.21755799906105],[-122.35640200000005,42.21779099906106],[-122.35756800000003,42.218040999061046],[-122.35851300000002,42.21827499906105],[-122.35943700000001,42.21853599906106],[-122.36091700000001,42.21939499906104],[-122.36104100000001,42.219466999061055],[-122.36180299999998,42.220330999061055],[-122.36243900000002,42.22126499906104],[-122.36287400000002,42.22202999906104],[-122.362994,42.22245399906105],[-122.36299599999998,42.22311999906104],[-122.36307099999998,42.223810999061044],[-122.36353899999999,42.224494999061044],[-122.36466399999999,42.22559499906103],[-122.36585399999998,42.22643999906103],[-122.36624499999998,42.226726999061036],[-122.36645800000001,42.22688299906104],[-122.36670299999999,42.22727799906102],[-122.36689500000001,42.22770099906103]],[[-122.30979799999999,42.182959999061175],[-122.31007700000005,42.18276099906116],[-122.31112700000003,42.182461999061175],[-122.31302799999999,42.182170999061164],[-122.314706,42.181994999061175],[-122.31605300000001,42.18161499906117],[-122.31727999999998,42.181486999061164],[-122.31811200000001,42.18168199906118],[-122.31835900000003,42.18231499906117],[-122.31881,42.18316899906116],[-122.320555,42.18390499906117],[-122.32130300000001,42.18449099906116],[-122.321777,42.18518999906115],[-122.3219608468185,42.185379015077544]]]},"id":"003c0000000000000ab7","properties":{"fullname":"Moon Prairie Rd","linearid":"1102966053486","mtfcc":"S1400","rttyp":"M"}},{"type":"Feature","geometry":{"type":"LineString","coordinates":[[-122.30979799999999,42.182959999061175],[-122.309852,42.18314499906117],[-122.31105800000002,42.183709999061165],[-122.31167500000001,42.18411299906116],[-122.31204,42.184668999061145],[-122.31243599999999,42.18502799906117],[-122.31270242019939,42.18535671754775]]},"id":"003c0000000000000aef","properties":{"fullname":"Moon Prairie Rd","linearid":"110340490607","mtfcc":"S1400","rttyp":"M"}},{"type":"Feature","geometry":{"type":"LineString","coordinates":[[-122.30706677110727,42.177885204435775],[-122.30719799999999,42.178050999061185],[-122.30783100000002,42.179080999061185],[-122.30832,42.17990699906118],[-122.308661,42.18071099906118],[-122.309136,42.181256999061176],[-122.30956499999998,42.18212099906117],[-122.309596,42.18223299906118],[-122.30979799999999,42.182959999061175]]},"id":"003c0000000000000af0","properties":{"fullname":"Moon Prairie Rd","linearid":"1102966053488","mtfcc":"S1400","rttyp":"M"}},{"type":"Feature","geometry":{"type":"LineString","coordinates":[[-122.33188378454685,42.127339346876575],[-122.33184800000001,42.127464999061345],[-122.33143600000002,42.12793899906134],[-122.33111200000002,42.12870199906134],[-122.33060199999998,42.12940399906133],[-122.330554,42.129469999061335],[-122.329597,42.129977999061346],[-122.32859800000003,42.13024399906133],[-122.32743099999999,42.13043799906133],[-122.327046,42.130689999061346],[-122.32703700000003,42.130989999061335],[-122.327034,42.131156999061325],[-122.32750199999997,42.13166999906132],[-122.327766,42.13197299906133]]},"id":"003c0000000000000ba3","properties":{"fullname":"Moon Prairie Rd","linearid":"1102966053487","mtfcc":"S1400","rttyp":"M"}},{"type":"Feature","geometry":{"type":"LineString","coordinates":[[-122.46150200000002,42.14336499906128],[-122.461012,42.1437969990613],[-122.46058700000002,42.144161999061296],[-122.46034800000002,42.14432999906129],[-122.459811,42.1447869990613],[-122.459541,42.14515299906128],[-122.45928599999999,42.145381999061286],[-122.45876300000003,42.14544799906129],[-122.45846800000001,42.14545899906128],[-122.45770199999998,42.145485999061286],[-122.457433,42.14549599906128],[-122.45604000000003,42.14542299906129],[-122.454204,42.1454279990613],[-122.45300800000003,42.14535599906127],[-122.45211699999996,42.14528199906128],[-122.45150400000001,42.14536399906129],[-122.45111000000003,42.14558599906128],[-122.45001700000003,42.145690999061266],[-122.44901400000003,42.14564899906129],[-122.44806899999999,42.14567799906128],[-122.44704300000004,42.14566299906128],[-122.44603200000003,42.145818999061284],[-122.44535800000003,42.14590599906127],[-122.44492300000002,42.1459069990613],[-122.44427200000001,42.14602199906128],[-122.44363400000002,42.14629099906128],[-122.44313000000002,42.147022999061285],[-122.443327,42.14766899906129],[-122.44396499999999,42.14848899906128],[-122.44511200000002,42.14973199906128],[-122.44550700000003,42.14997199906127],[-122.446147,42.15020399906127],[-122.446753,42.15059999906128],[-122.447146,42.15107099906126],[-122.44749300000001,42.15144799906127],[-122.447692,42.152021999061255],[-122.447468,42.152756999061275],[-122.44708400000003,42.15329799906125],[-122.44636200000004,42.15420999906126],[-122.44597600000003,42.15481799906125],[-122.44576600000002,42.15514999906125],[-122.4453,42.155750999061254],[-122.444539,42.15641999906125],[-122.444029,42.156877999061244],[-122.443945,42.15718999906123],[-122.44384500000002,42.158052999061255],[-122.443805,42.15872899906125],[-122.44353000000001,42.15932099906122],[-122.44320300000004,42.15979499906124],[-122.44316099999998,42.15985599906123],[-122.44269,42.16035799906125],[-122.44243799999997,42.16049699906123],[-122.44211000000001,42.16067699906124],[-122.44079500000001,42.16075199906125],[-122.439456,42.160453999061254],[-122.43833100000003,42.160227999061235],[-122.437396,42.16009899906123],[-122.43622700000003,42.16030799906125],[-122.435701,42.160406999061244],[-122.43521900000002,42.160566999061245]]},"id":"003c0000000000000a50","properties":{"fullname":"W Chinquapin Rd","linearid":"110340487785","mtfcc":"S1400","rttyp":"M"}},{"type":"Feature","geometry":{"type":"MultiLineString","coordinates":[[[-122.48217499999998,42.16977299906121],[-122.48185299999999,42.17019499906121],[-122.48131399999997,42.17160599906121],[-122.48065599999997,42.172050999061206],[-122.48011,42.172703999061206],[-122.47911500000001,42.172649999061214],[-122.477299,42.172955999061195],[-122.47679100000002,42.17308399906119],[-122.474315,42.1732819990612],[-122.47056499999998,42.1738249990612],[-122.47010499999998,42.1742559990612],[-122.470247,42.17507399906119],[-122.4700665909311,42.17543317009411]],[[-122.46400223632794,42.18076952171799],[-122.46384300000003,42.18078999906117],[-122.46342700000001,42.18111399906117],[-122.463261,42.18137599906118],[-122.462852,42.182520999061175],[-122.46228700000003,42.18303499906115],[-122.45839300000003,42.18545099906115],[-122.45815433038163,42.18567779524457]]]},"id":"003c0000000000000a5c","properties":{"fullname":"Hyatt Prairie Rd","linearid":"110340491132","mtfcc":"S1400","rttyp":"M"}},{"type":"Feature","geometry":{"type":"LineString","coordinates":[[-122.45915948756236,42.200271913927494],[-122.45879200000002,42.2012309990611]]},"id":"003c0000000000000a65","properties":{"fullname":"Hyatt Prairie Rd","linearid":"110340491130","mtfcc":"S1400","rttyp":"M"}},{"type":"Feature","geometry":{"type":"LineString","coordinates":[[-122.46398433596809,42.19993734394023],[-122.46428500000003,42.200329999061125],[-122.46354900000003,42.20043099906112],[-122.462596,42.20042199906112],[-122.46161300000001,42.200494999061114],[-122.46041299999999,42.20081999906112],[-122.459636,42.20101699906111],[-122.45879200000002,42.2012309990611]]},"id":"003c0000000000000a66","properties":{"fullname":"Hyatt Prairie Rd","linearid":"110340491131","mtfcc":"S1400","rttyp":"M"}},{"type":"Feature","geometry":{"type":"MultiLineString","coordinates":[[[-122.45068472005313,42.200285800661796],[-122.44799600000003,42.20245299906111],[-122.446676,42.20345699906111],[-122.44610400000003,42.20372699906111],[-122.44543399999998,42.2040069990611],[-122.44444410848382,42.20438306812571]],[[-122.45879200000002,42.2012309990611],[-122.45787300000003,42.2015779990611],[-122.45705900000002,42.201548999061096],[-122.45647100000001,42.20134299906111],[-122.45424019031547,42.20027691211363]]]},"id":"003c0000000000000a8a","properties":{"fullname":"Hyatt Prairie Rd","linearid":"110340491133","mtfcc":"S1400","rttyp":"M"}},{"type":"Feature","geometry":{"type":"LineString","coordinates":[[-122.19269500000003,42.21395899906107],[-122.192804,42.21400199906107],[-122.192935,42.21406999906107],[-122.19300500000001,42.21409599906106],[-122.193268,42.21414299906106],[-122.19337300000001,42.21417099906107],[-122.19364999999999,42.21426599906106],[-122.19378699999997,42.21432899906107],[-122.19387100000004,42.21440299906105],[-122.19396900000002,42.21453399906109],[-122.19433700000006,42.214928999061065],[-122.19454600000002,42.21512199906107],[-122.194661,42.21519599906106],[-122.19473700000006,42.21522199906105],[-122.195455,42.21540599906107],[-122.19570199999998,42.215456999061075],[-122.19582800000002,42.21547399906106],[-122.195919,42.21549599906107]]},"id":"003c00000000000017e1","properties":{"fullname":"Miners Creek Tie","linearid":"1102302170071","mtfcc":"S1400","rttyp":"M"}},{"type":"Feature","geometry":{"type":"LineString","coordinates":[[-122.16838400000003,42.191291999061136],[-122.16795400000004,42.191167999061136],[-122.16731100000001,42.19099699906114],[-122.166747,42.190828999061154],[-122.165995,42.19058799906115],[-122.16548,42.190415999061145],[-122.16520500000003,42.19031699906115],[-122.164926,42.19022699906114],[-122.16478200000002,42.19018999906115],[-122.16455400000002,42.190149999061155],[-122.164442,42.19012599906113],[-122.16434500000001,42.19009599906114],[-122.16416,42.19001999906114],[-122.16389000000005,42.189894999061146],[-122.16343400000002,42.189694999061146],[-122.16317100000003,42.189580999061135],[-122.16301600000006,42.189535999061135]]},"id":"003c0000000000000e72","properties":{"fullname":"Onion Spring Spr","linearid":"1102302324804","mtfcc":"S1400","rttyp":"M"}},{"type":"Feature","geometry":{"type":"LineString","coordinates":[[-122.40050799999999,42.02612999906169],[-122.40038500000004,42.02636999906168],[-122.400369,42.026401999061676],[-122.40028099999999,42.02687899906168],[-122.40025300000003,42.02746499906168],[-122.400296,42.027924999061675],[-122.400302,42.02837399906168],[-122.40040400000004,42.02887699906168],[-122.400477,42.02927699906168],[-122.40068699999999,42.02965399906167],[-122.40091100000001,42.02986599906168],[-122.40155099999997,42.03028399906166],[-122.402002,42.03051599906168],[-122.40258800000002,42.03083599906168],[-122.403884,42.03194499906167],[-122.404171,42.03239799906167],[-122.404449,42.032779999061646],[-122.404866,42.03310599906166],[-122.40543500000001,42.03324399906165],[-122.406709,42.03329699906166],[-122.407144,42.03332699906166],[-122.407684,42.033572999061654],[-122.40792699999999,42.03359399906166],[-122.408253,42.03370799906166],[-122.40891100000002,42.033928999061665],[-122.409435,42.033948999061664],[-122.41027700000002,42.03429099906166],[-122.41082100000001,42.03485199906166],[-122.411308,42.03495899906166],[-122.41185400000002,42.035033999061646],[-122.41202799999999,42.035492999061645],[-122.41217,42.03599499906165],[-122.41299200000005,42.03625999906164],[-122.41446900000001,42.03645199906165],[-122.41550000000001,42.03654099906165],[-122.41612000000002,42.036529999061656],[-122.41660099999999,42.03651999906165],[-122.41745600000003,42.036494999061645],[-122.41817100000002,42.036513999061654],[-122.418716,42.03658899906165],[-122.419221,42.036854999061646],[-122.419745,42.03695099906165],[-122.420505,42.03712299906166],[-122.421229,42.037316999061645],[-122.421674,42.03760499906165],[-122.42169799999999,42.03778599906165],[-122.42132299999999,42.03805499906165],[-122.421076,42.03825799906165],[-122.421115,42.03856499906164],[-122.42084299999999,42.038886999061624],[-122.42078399999998,42.03906799906164],[-122.42075600000001,42.039151999061644],[-122.420676,42.03934399906164],[-122.42077400000002,42.03949999906165],[-122.42079499999998,42.039520999061644],[-122.42116900000003,42.039719999061646],[-122.42168800000003,42.04009699906163],[-122.42222500000004,42.04060499906163],[-122.42218199999999,42.040884999061625],[-122.422355,42.04112099906163],[-122.42299400000003,42.04153999906162],[-122.423832,42.04210699906164],[-122.424501,42.04248299906162],[-122.42524300000001,42.043006999061625],[-122.425823,42.043442999061625],[-122.42657800000002,42.043735999061624],[-122.42666400000003,42.04415799906162],[-122.42705200000002,42.04466199906162],[-122.42746100000001,42.045043999061605],[-122.427921,42.04525599906162],[-122.42874899999998,42.04528999906163],[-122.42891500000003,42.04567899906161],[-122.42952100000004,42.04587399906162],[-122.430078,42.046134999061614],[-122.429948,42.04645999906161],[-122.43022499999996,42.04682099906161],[-122.43050100000004,42.04699099906161],[-122.430915,42.047245999061616],[-122.43128699999997,42.047545999061605],[-122.431727,42.047998999061605],[-122.432423,42.0483149990616],[-122.43291300000001,42.04868499906161],[-122.43290000000003,42.04877899906162],[-122.43408000000002,42.0495139990616],[-122.43467599999998,42.05006099906158],[-122.434848,42.0502189990616],[-122.43517899999999,42.050096999061594],[-122.43538099999999,42.04966699906159],[-122.43545400000001,42.04945899906159],[-122.43548099999998,42.049380999061604],[-122.435689,42.049379999061614],[-122.43593900000002,42.0493569990616],[-122.43656900000002,42.049550999061616],[-122.43721800000002,42.0502949990616],[-122.437742,42.050451999061615],[-122.437936,42.05064299906161],[-122.438211,42.05078999906161],[-122.43879000000001,42.0510289990616],[-122.43946500000001,42.0514919990616],[-122.439937,42.051351999061595],[-122.44056499999999,42.0513929990616],[-122.44119400000001,42.0515489990616],[-122.441985,42.0516939990616],[-122.44254100000002,42.052063999061595],[-122.44275200000001,42.05245299906159],[-122.443555,42.0530369990616],[-122.443631,42.0532939990616],[-122.44391100000001,42.05396799906159],[-122.444463,42.05451999906158],[-122.445033,42.05475899906159],[-122.44569899999998,42.05494199906159],[-122.44573699999998,42.054952999061584],[-122.44632999999999,42.055224999061586],[-122.44669,42.05585999906158],[-122.44669900000002,42.05603199906157],[-122.44670800000003,42.056210999061584],[-122.44692600000002,42.05663799906158],[-122.44717700000002,42.05729599906158],[-122.44730300000003,42.05739999906159],[-122.44766199999998,42.05785399906158],[-122.448062,42.057972999061576],[-122.44831400000001,42.05809799906158],[-122.44862100000003,42.05847499906158],[-122.448704,42.05873799906157],[-122.448824,42.05898999906157],[-122.44927500000003,42.059082999061566],[-122.450392,42.05931199906158],[-122.45119300000003,42.05946699906158],[-122.453122,42.059851999061564],[-122.45380900000002,42.05986499906156],[-122.45444399999998,42.059784999061556],[-122.454859,42.060035999061554],[-122.45582999999999,42.060458999061574],[-122.45614400000001,42.06073199906158],[-122.45661400000002,42.06120699906157],[-122.45713100000005,42.06203399906156],[-122.457069,42.06245699906156],[-122.45716399999999,42.06308199906156],[-122.45755099999998,42.06343699906155],[-122.45786700000001,42.06334799906157],[-122.45813900000002,42.063280999061554],[-122.45884200000002,42.06336999906155],[-122.46109300000003,42.06405099906156],[-122.461689,42.063975999061554],[-122.461969,42.063842999061556],[-122.46215300000006,42.06378699906155],[-122.46250300000001,42.06412599906155],[-122.46320599999997,42.064297999061566],[-122.46414600000003,42.06448999906155],[-122.46492700000003,42.06437699906155],[-122.465702,42.06425199906155],[-122.46651999999999,42.06419199906155],[-122.46689100000002,42.06436099906156],[-122.466863,42.06443899906156]]},"id":"003c0000000000000794","properties":{"fullname":"Skookum Creek Rd","linearid":"110340491338","mtfcc":"S1400","rttyp":"M"}},{"type":"Feature","geometry":{"type":"LineString","coordinates":[[-122.47908,42.08023599906149],[-122.47900899999999,42.079788999061506],[-122.47817600000003,42.079290999061506],[-122.477528,42.07920599906149],[-122.47623400000003,42.079309999061515],[-122.47598300000001,42.079329999061486],[-122.47340100000001,42.0792789990615],[-122.470415,42.0786899990615],[-122.470019,42.078408999061516],[-122.469881,42.07790299906151],[-122.470187,42.0769319990615],[-122.47097199999999,42.07592499906151],[-122.47139500000002,42.07568699906151],[-122.47202899999998,42.075329999061516],[-122.473856,42.07462499906152],[-122.47548400000002,42.07305799906152],[-122.47554499999998,42.07228799906152],[-122.47529500000002,42.071170999061536],[-122.475274,42.07049799906154],[-122.47500499999998,42.070182999061544],[-122.47498000000002,42.068086999061535],[-122.47497800000001,42.067939999061544],[-122.47463299999998,42.06793399906155],[-122.473859,42.06791899906153],[-122.471787,42.06905399906154],[-122.46970499999999,42.06982699906153],[-122.46888400000003,42.069712999061544],[-122.46834,42.06941999906154],[-122.46688300000001,42.06897899906154],[-122.46595500000002,42.068193999061535],[-122.464978,42.06769899906154],[-122.46490899999999,42.06766599906153],[-122.464525,42.06753099906154],[-122.46424599999999,42.067075999061544],[-122.46442900000002,42.066800999061535],[-122.46449900000002,42.06645499906154],[-122.46517,42.065725999061556],[-122.465986,42.06530499906154],[-122.466696,42.064888999061566],[-122.466863,42.06443899906156],[-122.46709700000001,42.06432699906156],[-122.467686,42.06421399906156],[-122.46796699999999,42.064178999061554],[-122.46816799999999,42.06371699906155],[-122.46789400000003,42.06349299906156],[-122.467572,42.06317099906156],[-122.46759200000001,42.062873999061566],[-122.46753599999997,42.06254499906157],[-122.46733300000002,42.062260999061564],[-122.46748500000002,42.06173799906156],[-122.46761300000001,42.061424999061565],[-122.467728,42.061121999061584],[-122.467756,42.06089099906157],[-122.46746999999999,42.06045299906157],[-122.466776,42.06035299906157],[-122.46626700000004,42.06038799906157],[-122.46585999999998,42.06039599906156],[-122.46540800000002,42.06024399906157],[-122.46522,42.05988299906157],[-122.46523100000002,42.05947699906158],[-122.46539099999998,42.05910199906157],[-122.465527,42.058810999061585],[-122.465686,42.058485999061574],[-122.46532699999999,42.057970999061574],[-122.465447,42.05756399906159],[-122.46517,42.05708299906158],[-122.46488300000001,42.05713299906159],[-122.46439399999998,42.05774599906158],[-122.464037,42.058164999061574],[-122.463806,42.05872599906158],[-122.463402,42.05958499906158],[-122.46319599999998,42.05971199906157],[-122.463045,42.05934499906158],[-122.46296000000001,42.05893399906159],[-122.462567,42.05880999906158],[-122.462224,42.058558999061574],[-122.462221,42.05816899906158],[-122.46244600000001,42.05782699906157],[-122.46267099999999,42.05742499906159],[-122.46266,42.05707899906158],[-122.46253199999998,42.05693199906158],[-122.462229,42.056712999061574],[-122.46184200000002,42.05640199906158],[-122.461128,42.05594999906159],[-122.460994,42.05580799906159],[-122.46071599999999,42.05538699906158],[-122.460657,42.054667999061586],[-122.46067500000001,42.0542059990616],[-122.460382,42.053663999061605],[-122.46001599999998,42.05339199906159],[-122.45969799999999,42.05317399906159]]},"id":"003c000000000000079d","properties":{"fullname":"Soda Mountain Rd","linearid":"110340491352","mtfcc":"S1400","rttyp":"M"}},{"type":"Feature","geometry":{"type":"LineString","coordinates":[[-122.47750200000002,42.072564999061534],[-122.47752099999998,42.07287699906154],[-122.477673,42.07327099906152],[-122.47776700000001,42.07373199906152],[-122.47795,42.074384999061536],[-122.47819899999999,42.074871999061536],[-122.47837100000001,42.075128999061505],[-122.47862200000002,42.07572599906151],[-122.47907200000002,42.07630599906152],[-122.479518,42.07666599906152],[-122.479623,42.07691799906153],[-122.47962800000002,42.07722599906152],[-122.479579,42.077478999061505],[-122.47936200000004,42.07795199906152],[-122.479069,42.07826699906151],[-122.479056,42.07848099906151],[-122.479294,42.07855699906151],[-122.47956200000002,42.078801999061504],[-122.47997800000003,42.078986999061506],[-122.47997999999998,42.079222999061514],[-122.47990899999999,42.079524999061505],[-122.47999499999997,42.07991999906151],[-122.480065,42.080331999061514],[-122.47992599999998,42.0803979990615],[-122.479756,42.080343999061505],[-122.479585,42.080223999061516],[-122.47931899999999,42.0802039990615],[-122.47908,42.08023599906149]]},"id":"003c000000000000079f","properties":{"fullname":"Soda Mountain Rd","linearid":"110340491350","mtfcc":"S1400","rttyp":"M"}},{"type":"Feature","geometry":{"type":"LineString","coordinates":[[-122.47908,42.08023599906149],[-122.47927700000002,42.08148299906149],[-122.47925199999999,42.0815699990615],[-122.47896800000001,42.082576999061516],[-122.48008500000002,42.08387199906147],[-122.48162400000002,42.085116999061476],[-122.48162300000004,42.08513499906149],[-122.48337199999999,42.085767999061495],[-122.48480700000002,42.08628799906149],[-122.48741400000002,42.087106999061476],[-122.489313,42.08864299906148],[-122.49009900000003,42.09032699906147],[-122.49014400000003,42.09042299906148],[-122.49109800000004,42.09200799906148],[-122.491018,42.092201999061466],[-122.49025800000001,42.09263199906145],[-122.48968300000001,42.093506999061454],[-122.488929,42.09412899906146],[-122.488163,42.094398999061454],[-122.48787599999999,42.09450799906146],[-122.48506,42.09557599906146],[-122.484512,42.09593799906146],[-122.483832,42.09686799906145],[-122.48372900000003,42.097008999061444],[-122.48323200000002,42.09762599906145],[-122.48337799999999,42.098168999061436],[-122.483115,42.09930399906144],[-122.48228499999999,42.10033499906145],[-122.48197399999998,42.100591999061436],[-122.48182500000003,42.10081599906143],[-122.481761,42.10272599906142],[-122.481637,42.10294199906143],[-122.48094000000002,42.103473999061436],[-122.48040000000002,42.10368099906142],[-122.47955900000002,42.10475499906143],[-122.479545,42.10529099906142],[-122.47991599999999,42.10567999906143],[-122.480479,42.106181999061405],[-122.48061800000002,42.106621999061424],[-122.480564,42.106866999061424],[-122.480401,42.10738499906142],[-122.48034300000002,42.107801999061415],[-122.48063700000002,42.109399999061424],[-122.48135400000002,42.110088999061404],[-122.48214200000004,42.1107189990614],[-122.48233400000001,42.111324999061395],[-122.48231100000002,42.111965999061404],[-122.482215,42.1130249990614],[-122.481991,42.113917999061385],[-122.47982200000003,42.116948999061385],[-122.47985099999998,42.11790199906138],[-122.480029,42.118830999061394],[-122.48018900000002,42.119187999061374],[-122.48002800000002,42.119527999061376],[-122.479555,42.12028099906137],[-122.47946800000005,42.12059699906137],[-122.47966199999998,42.120814999061366],[-122.481467,42.12299399906137],[-122.481695,42.12328099906137],[-122.482335,42.123734999061355],[-122.48348600000001,42.12505799906136],[-122.48384799999997,42.12609499906136],[-122.483843,42.12640899906135],[-122.48400900000001,42.12671999906134],[-122.48436299999999,42.12705199906135],[-122.485058,42.12774899906134],[-122.485131,42.12808599906134],[-122.48499000000002,42.128564999061346],[-122.48453800000004,42.12909699906135],[-122.484206,42.12946399906135],[-122.484109,42.129800999061345],[-122.48376799999998,42.130263999061334]]},"id":"003c00000000000007a3","properties":{"fullname":"Soda Mountain Rd","linearid":"110340491351","mtfcc":"S1400","rttyp":"M"}},{"type":"Feature","geometry":{"type":"LineString","coordinates":[[-122.47936500000003,42.06418499906155],[-122.47965,42.06406799906156],[-122.47991599999999,42.06397299906156],[-122.480261,42.06381799906156],[-122.48057699999998,42.06378799906157],[-122.480683,42.06399099906155],[-122.48056300000003,42.06443099906156],[-122.48026700000003,42.06509699906156],[-122.480029,42.06566899906155],[-122.479705,42.066423999061556],[-122.479389,42.06725999906154],[-122.47914800000001,42.06815099906155],[-122.47922600000001,42.06862299906153],[-122.47931499999997,42.069275999061524],[-122.47922300000002,42.069687999061536],[-122.47897100000002,42.07029299906154],[-122.47841700000002,42.07092199906154],[-122.478072,42.071269999061535],[-122.477802,42.071529999061525],[-122.47761399999999,42.071936999061535],[-122.47748700000002,42.07233299906154],[-122.47750200000002,42.072564999061534]]},"id":"003c00000000000007a1","properties":{"fullname":"Soda Mtn Lookout","linearid":"110340492265","mtfcc":"S1400","rttyp":"M"}},{"type":"Feature","geometry":{"type":"MultiLineString","coordinates":[[[-122.61722274313937,42.07382557339319],[-122.617259,42.07384499906152],[-122.61762700000001,42.07389499906152],[-122.61804900000003,42.07391699906154],[-122.61898500000004,42.07397299906152],[-122.61929400000001,42.07407099906152],[-122.619535,42.074260999061515],[-122.619702,42.074449999061514],[-122.61982800000001,42.07465699906152],[-122.619966,42.07485199906151],[-122.620109,42.07500099906152],[-122.620339,42.07513299906152],[-122.62051000000001,42.075190999061505],[-122.62059299999999,42.07521399906151],[-122.620775,42.07523699906153],[-122.62102800000002,42.075230999061525],[-122.62120599999999,42.07517899906152],[-122.62145399999999,42.07506099906152],[-122.62184899999998,42.07485199906151],[-122.62218199999998,42.07463999906153],[-122.62253800000002,42.074443999061515],[-122.62284800000002,42.074329999061526],[-122.623054,42.07428899906153],[-122.62335300000001,42.07426099906151],[-122.623634,42.07427799906151],[-122.62389200000003,42.07434099906152],[-122.62407600000002,42.07443899906152],[-122.62420800000001,42.074541999061516],[-122.624375,42.07470299906151],[-122.62459300000002,42.07490399906151],[-122.62479399999998,42.075029999061506],[-122.62505199999998,42.07513899906152],[-122.62527000000003,42.07518499906151],[-122.625494,42.07521899906151],[-122.625982,42.07519599906151],[-122.62657299999996,42.075104999061516],[-122.62701000000001,42.0750409990615],[-122.627257,42.075029999061506],[-122.62746300000002,42.07504699906152],[-122.627681,42.0750819990615],[-122.627888,42.075161999061514],[-122.62812900000002,42.07527699906151],[-122.62826100000002,42.07538599906152],[-122.62842200000003,42.07567299906152],[-122.62853100000002,42.07597699906151],[-122.62864599999999,42.07631599906151],[-122.62871499999999,42.0764309990615],[-122.62889799999998,42.07656299906153],[-122.62912200000002,42.07666599906152],[-122.629386,42.07671099906152],[-122.62947,42.07672499906152],[-122.62969299999999,42.07671999906151],[-122.629986,42.076612999061524],[-122.630241,42.07649699906151],[-122.63052000000003,42.0764129990615],[-122.63071100000002,42.07638999906152],[-122.63088700000003,42.07638499906151],[-122.63115699999997,42.076403999061505],[-122.63145000000002,42.0764129990615],[-122.63165400000003,42.07640399906151],[-122.63184900000002,42.076357999061514],[-122.632031,42.07628799906151],[-122.632193,42.076180999061506],[-122.63237500000001,42.076008999061514],[-122.63258800000001,42.07578599906151],[-122.63288800000002,42.07547799906151],[-122.63300900000002,42.07538599906152],[-122.63321500000002,42.07525999906153],[-122.63344500000001,42.07514499906151],[-122.63371500000001,42.0750819990615],[-122.63402500000002,42.07504099906151],[-122.63437500000003,42.07505899906151],[-122.63455299999997,42.07508699906152],[-122.634869,42.075190999061505],[-122.63511000000001,42.07530499906151],[-122.63535699999998,42.07546599906151],[-122.635712,42.0757019990615],[-122.63601700000001,42.07589099906151],[-122.63625800000001,42.076039999061514],[-122.63653900000001,42.07615499906151],[-122.63689500000002,42.07622399906152],[-122.63720500000002,42.07622999906152],[-122.63749200000001,42.07619499906151],[-122.637785,42.076120999061516],[-122.63808300000004,42.07599999906154],[-122.63826700000003,42.07584499906152],[-122.63843899999999,42.075614999061514],[-122.638589,42.07535099906152],[-122.63882400000004,42.074954999061525],[-122.63902500000005,42.07472599906153],[-122.639249,42.074570999061514],[-122.63961600000002,42.07442099906154],[-122.63990900000003,42.07439799906152],[-122.64001261828928,42.07439799915704]],[[-122.61147600268664,42.06616276209242],[-122.611516,42.06619599906154],[-122.61155307476936,42.06622916469905]]]},"id":"003c00000000000007be","properties":{"fullname":"Mt Ashland Ski Rd","linearid":"1104755885633","mtfcc":"S1400","rttyp":"M"}},{"type":"Feature","geometry":{"type":"LineString","coordinates":[[-122.16984500000001,42.18668799906116],[-122.169771,42.18678899906116],[-122.169723,42.186885999061175],[-122.16946600000001,42.18719199906114],[-122.169425,42.18725599906114],[-122.16936,42.18738899906115],[-122.16933700000001,42.18745799906116],[-122.16932100000002,42.187526999061156],[-122.16931099999998,42.18761099906116],[-122.16930799999997,42.187694999061144],[-122.169317,42.18782999906116],[-122.16932800000002,42.18789699906114],[-122.169363,42.18802899906117],[-122.16938500000005,42.188093999061145],[-122.169441,42.18822299906116],[-122.169507,42.18834899906115],[-122.16956899999998,42.18845099906115],[-122.169586,42.188503999061155],[-122.16959800000002,42.18864499906115],[-122.16959500000003,42.18873499906117],[-122.16956799999998,42.18884799906115],[-122.16954499999999,42.18890299906115],[-122.169483,42.18902499906116]]},"id":"003c0000000000000e76","properties":{"fullname":"Onion Springs Spr","linearid":"1102281668902","mtfcc":"S1400","rttyp":"M"}},{"type":"Feature","geometry":{"type":"LineString","coordinates":[[-122.48162400000002,42.08511699906148],[-122.48163999999998,42.08460799906148],[-122.48147200000004,42.08407099906149],[-122.48139499999996,42.08367599906149],[-122.48142800000001,42.08326899906149],[-122.48136999999998,42.0831179990615],[-122.48126700000002,42.08284699906149],[-122.48107900000004,42.08242599906149],[-122.48107600000002,42.082156999061496],[-122.48133099999998,42.08183199906149],[-122.481592,42.081368999061496],[-122.48183699999997,42.08091199906149],[-122.48189200000002,42.080433999061505],[-122.48170399999998,42.080006999061496],[-122.48134300000001,42.07944299906149],[-122.48128600000001,42.079047999061494],[-122.48113700000003,42.0788189990615],[-122.48078600000002,42.0783649990615],[-122.48073800000003,42.077958999061494],[-122.48063599999999,42.0774929990615],[-122.480422,42.07672499906152],[-122.48010600000002,42.07621599906151],[-122.479991,42.07566199906152],[-122.47965600000003,42.074746999061524],[-122.47940100000001,42.074314999061514],[-122.47915300000005,42.073992999061524],[-122.47902400000002,42.073509999061514],[-122.47894300000002,42.07301099906153],[-122.47885999999998,42.07265499906153],[-122.47942700000002,42.071898999061524],[-122.47997399999998,42.07123199906154],[-122.480659,42.07042699906153],[-122.481083,42.069963999061535],[-122.48164300000002,42.06927499906153],[-122.482131,42.068634999061544],[-122.482665,42.06812699906153],[-122.48326500000003,42.06776199906154],[-122.48400800000002,42.06755499906154],[-122.48462099999999,42.06747999906154],[-122.48535,42.067409999061546],[-122.48600700000003,42.067395999061524],[-122.486979,42.067214999061534],[-122.48807099999999,42.06708799906154],[-122.489367,42.066844999061544],[-122.49011700000001,42.066610999061545],[-122.491079,42.06623199906153],[-122.49157600000001,42.06576899906155],[-122.49224100000002,42.06508999906155],[-122.49288900000002,42.064322999061545],[-122.493312,42.06378299906156],[-122.493852,42.06333499906156],[-122.494279,42.063085999061556],[-122.49496300000003,42.062950999061556],[-122.495816,42.062714999061555],[-122.49624999999999,42.06253199906156],[-122.496392,42.06197699906156],[-122.49617900000003,42.06133499906155],[-122.49617200000002,42.06084699906157],[-122.49634400000001,42.06030199906157],[-122.49683799999998,42.05954799906156],[-122.49805400000001,42.05865699906156],[-122.49846300000002,42.058319999061574],[-122.49888400000003,42.05833399906157],[-122.499002,42.05836699906156],[-122.49929099999999,42.05847499906158],[-122.499714,42.05873099906158],[-122.50001900000001,42.058887999061575],[-122.500403,42.05890799906157],[-122.50069099999997,42.05837899906157],[-122.50091500000002,42.05782899906156],[-122.501464,42.05743599906158],[-122.50186800000002,42.05726899906157],[-122.50264000000001,42.05705699906158],[-122.503,42.05686299906157],[-122.50344400000002,42.056425999061574],[-122.50375100000001,42.056045999061574],[-122.50427,42.05553299906159],[-122.50468600000002,42.05513499906158],[-122.50535900000001,42.05462099906159],[-122.50589500000004,42.05434299906158],[-122.506688,42.053998999061584],[-122.507121,42.053819999061595],[-122.50765800000002,42.05361999906159],[-122.508024,42.053436999061596],[-122.50834699999999,42.053176999061584],[-122.50852700000002,42.05286799906158],[-122.50894500000001,42.052525999061594],[-122.50971599999998,42.0523509990616],[-122.510558,42.0524289990616],[-122.511445,42.052516999061595],[-122.51204299999998,42.05263499906158],[-122.51232400000002,42.0526439990616],[-122.51277199999998,42.052460999061594],[-122.51374600000001,42.05238399906159],[-122.514134,42.05220599906158],[-122.51454100000004,42.05162699906159],[-122.51486,42.05112599906159],[-122.51516500000001,42.0506139990616],[-122.51557800000003,42.0500509990616],[-122.51598700000002,42.0495939990616],[-122.516536,42.0492059990616],[-122.516959,42.0488029990616],[-122.51711700000004,42.048324999061606],[-122.51716299999997,42.0478629990616],[-122.517114,42.04743499906162],[-122.517109,42.04688099906161],[-122.51723399999999,42.04624299906161],[-122.51752400000004,42.04569799906162],[-122.518073,42.04532699906163],[-122.51857200000002,42.045104999061614],[-122.518863,42.044745999061625],[-122.51924200000002,42.04440399906162],[-122.51960799999999,42.04412199906162],[-122.52043700000002,42.04374399906162],[-122.52098099999999,42.04352699906162],[-122.52118499999999,42.043469999061614],[-122.521775,42.043307999061625],[-122.522539,42.04302899906161],[-122.52355500000003,42.04278699906162],[-122.524341,42.04250299906163],[-122.524561,42.04259899906164],[-122.524982,42.04262799906162],[-122.52547600000001,42.04269499906162],[-122.52606300000004,42.04263999906162],[-122.52656000000005,42.042799999061614],[-122.527363,42.042868999061625],[-122.52800300000003,42.04285199906162],[-122.528338,42.04262399906163],[-122.52884600000003,42.04222999906163],[-122.530104,42.04177999906163],[-122.53072,42.04170799906162],[-122.531992,42.04171299906164],[-122.53255300000001,42.04167399906163],[-122.53282600000004,42.04174899906163],[-122.53349800000002,42.04153399906162],[-122.53406100000001,42.04129299906163],[-122.53490800000003,42.04130699906163],[-122.53541100000001,42.04148299906162],[-122.536067,42.04150999906163],[-122.536375,42.041528999061626],[-122.53699299999998,42.041489999061625],[-122.537469,42.04135399906163],[-122.53754900000001,42.040875999061626],[-122.53714100000003,42.040742999061635],[-122.53685000000003,42.040509999061626],[-122.536877,42.040371999061634],[-122.53713900000002,42.04022199906163],[-122.53776100000002,42.03999099906164],[-122.53869900000001,42.03984499906163],[-122.539871,42.03987799906164],[-122.54028600000002,42.04001699906164],[-122.540874,42.03997799906163],[-122.541553,42.03974099906163],[-122.541688,42.039470999061635],[-122.54201000000002,42.03936999906163],[-122.54273100000005,42.039334999061644],[-122.54309999999998,42.03941399906164],[-122.54369200000001,42.039583999061634],[-122.54428499999999,42.03985799906163],[-122.54467999999999,42.04007299906163],[-122.545513,42.04020299906164],[-122.54615299999999,42.04052499906163],[-122.54669400000002,42.04078299906163],[-122.547119,42.04105399906164],[-122.54807799999999,42.04155399906163],[-122.548446,42.041616999061624],[-122.54872000000003,42.04166299906162],[-122.549367,42.04122899906163],[-122.54953399999998,42.04064099906164],[-122.549618,42.040129999061634],[-122.54960900000002,42.03962099906164],[-122.549656,42.03938399906162],[-122.55039599999999,42.03919799906163],[-122.550446,42.03915399906165],[-122.55072800000002,42.03884399906163],[-122.55103600000004,42.03874699906163],[-122.551722,42.038832999061626],[-122.55204699999999,42.03892799906163],[-122.55252300000004,42.03868199906165],[-122.55285199999999,42.038085999061636],[-122.552868,42.03741199906164],[-122.55293300000001,42.03686899906165],[-122.55346300000004,42.03602999906165],[-122.55432900000001,42.03580699906165],[-122.55623200000002,42.03602699906164],[-122.55711200000002,42.03578199906164],[-122.55757400000003,42.03563999906165],[-122.557967,42.03522299906165],[-122.55873700000001,42.03498499906164],[-122.559465,42.03509799906165],[-122.55990800000001,42.035389999061636],[-122.560288,42.03569299906164],[-122.56080599999999,42.035614999061636],[-122.56111200000001,42.03540899906165],[-122.561404,42.03478099906165],[-122.56184700000001,42.03447499906166],[-122.56246700000001,42.03417699906164],[-122.56284800000003,42.03355899906165],[-122.563478,42.03303699906166],[-122.56390700000001,42.032708999061654],[-122.564328,42.03258299906166],[-122.56467,42.032508999061655],[-122.56504199999999,42.03250099906166],[-122.565539,42.03281899906166],[-122.56625300000003,42.03271999906166],[-122.56637900000001,42.03235499906167],[-122.56677799999999,42.031734999061655],[-122.567046,42.031531999061656],[-122.56722500000001,42.03133899906166],[-122.56776799999999,42.031060999061665],[-122.56802000000002,42.03089299906167],[-122.56865199999997,42.03074399906166],[-122.56949999999999,42.03050599906167],[-122.57009699999999,42.03047699906167]]},"id":"003c000000000000079a","properties":{"fullname":"Pacific Crest Trl","linearid":"110340491254","mtfcc":"S1400","rttyp":"M"}},{"type":"Feature","geometry":{"type":"LineString","coordinates":[[-122.46632700000002,42.16542599906122],[-122.466858,42.16501699906123],[-122.46782499999999,42.16443699906124],[-122.46921400000001,42.16369599906123],[-122.47032099999998,42.16318399906123],[-122.47162700000001,42.16269499906124],[-122.473051,42.16218599906124],[-122.474854,42.161459999061236],[-122.47626199999999,42.16095599906124],[-122.477479,42.16052699906124],[-122.47828000000001,42.16025899906124],[-122.479194,42.16028399906124],[-122.47993199999995,42.16029599906125],[-122.48040200000003,42.16039899906124],[-122.480588,42.160389999061245],[-122.48078399999999,42.160050999061234],[-122.480503,42.15956399906124],[-122.48006400000001,42.15926299906124],[-122.47961099999998,42.15896199906125],[-122.47927700000001,42.15858499906125],[-122.479335,42.15808499906125],[-122.480416,42.157758999061244],[-122.48153600000003,42.15790199906125],[-122.48194000000005,42.158058999061254],[-122.482797,42.15849599906125],[-122.48348700000001,42.158754999061244],[-122.48410499999999,42.15887699906125],[-122.485419,42.15900799906125],[-122.48569500000002,42.15893099906125],[-122.48583500000001,42.15888699906125],[-122.48616800000002,42.158726999061244],[-122.48621500000002,42.15870399906125],[-122.48663400000001,42.158695999061244],[-122.48765000000003,42.15848199906124],[-122.48825700000002,42.15859899906125],[-122.48928400000003,42.15854599906125],[-122.48983600000003,42.15832799906125],[-122.49094300000003,42.15799599906124],[-122.491249,42.15784099906125],[-122.49168300000002,42.157928999061255],[-122.49247299999999,42.15839599906125],[-122.49333400000002,42.15838099906124],[-122.49468600000002,42.157523999061254],[-122.49489200000002,42.15723099906125],[-122.49552899999999,42.15718699906124],[-122.495955,42.15738799906125],[-122.49666300000003,42.157686999061255],[-122.49781300000002,42.158705999061254],[-122.49837500000002,42.15879999906124],[-122.499632,42.15877799906123],[-122.500607,42.15865699906124],[-122.501857,42.15842699906124],[-122.50188599999997,42.15837299906124],[-122.502253,42.15769199906124],[-122.50291800000002,42.156639999061255],[-122.50389100000001,42.15601799906124],[-122.50392500000001,42.15599599906126],[-122.504424,42.155677999061254],[-122.505388,42.155243999061256],[-122.506489,42.15470499906125],[-122.507306,42.15406699906126],[-122.50812099999999,42.15332399906127],[-122.50865299999998,42.15248299906126],[-122.508909,42.151749999061266],[-122.50931100000001,42.15122299906127],[-122.51000200000001,42.15100299906127],[-122.51054700000002,42.15057699906127],[-122.51038799999999,42.14995599906128],[-122.50938299999999,42.149142999061276],[-122.50865500000002,42.14821999906129],[-122.50779699999998,42.14761099906127],[-122.506742,42.147177999061284],[-122.50609800000001,42.14691399906128],[-122.504535,42.146109999061295],[-122.50325200000002,42.145300999061284],[-122.50211800000004,42.1448009990613],[-122.50141299999997,42.1446059990613],[-122.50112400000003,42.14429899906129],[-122.50124000000001,42.14356899906129],[-122.50163200000003,42.1427299990613],[-122.50198800000001,42.140747999061304],[-122.501559,42.140443999061304],[-122.50127600000002,42.14034499906131],[-122.50002999999998,42.1406789990613],[-122.49943499999999,42.14102799906129],[-122.49893199999998,42.1413189990613],[-122.498101,42.14153499906129],[-122.497266,42.1416479990613],[-122.49643499999999,42.141864999061305],[-122.49574800000002,42.142287999061296],[-122.49449700000001,42.14240499906129],[-122.49238799999999,42.1428029990613],[-122.49172399999999,42.1429599990613],[-122.49116600000002,42.142970999061305],[-122.49032100000004,42.142676999061294],[-122.489617,42.1424839990613],[-122.489178,42.141869999061285],[-122.48770300000001,42.13951299906132],[-122.48726100000002,42.1387959990613],[-122.48610099999999,42.1374709990613],[-122.485674,42.13716799906132],[-122.484824,42.136769999061315],[-122.48410600000001,42.13616199906131],[-122.483953,42.135749999061325],[-122.48377500000001,42.13461299906133],[-122.48249000000001,42.13370499906132],[-122.481783,42.13340699906132],[-122.481636,42.13304399906132],[-122.48155000000001,42.13278999906131],[-122.481516,42.13224499906134],[-122.481033,42.13181699906133],[-122.481317,42.13140299906132],[-122.48177499999998,42.131014999061335],[-122.48206200000003,42.13077499906133],[-122.482423,42.13059399906134],[-122.48264300000001,42.130386999061336],[-122.482687,42.13010199906134],[-122.48264000000002,42.129886999061334],[-122.48229699999999,42.12956499906133],[-122.48189799999999,42.12903399906135],[-122.481767,42.12837799906134],[-122.48152100000003,42.12800699906134],[-122.481297,42.12774099906134],[-122.48117,42.12716999906133],[-122.48119900000005,42.126639999061354],[-122.481059,42.12602099906136],[-122.48072099999999,42.12553399906134],[-122.48018399999998,42.12504799906135],[-122.47948800000003,42.12477699906136],[-122.479167,42.12442199906137],[-122.478773,42.12431999906135],[-122.47825899999998,42.12381799906135],[-122.47801100000007,42.12338499906136],[-122.47797000000003,42.12295699906135],[-122.47783000000004,42.122375999061354],[-122.477916,42.12200799906137],[-122.47831299999999,42.12186299906136],[-122.47835899999998,42.121450999061366],[-122.47824300000002,42.120814999061366],[-122.47832799999996,42.12052299906137],[-122.47870900000002,42.120158999061374],[-122.478711,42.11969799906137],[-122.478742,42.11917099906138],[-122.47871400000002,42.11863299906138],[-122.478762,42.11818199906137],[-122.47895700000004,42.11774799906137],[-122.478777,42.11746899906137],[-122.47839699999999,42.11712999906138],[-122.478282,42.11687299906138],[-122.47863500000001,42.11665699906138],[-122.47906099999997,42.11642399906138],[-122.47919000000002,42.11604499906137],[-122.479572,42.11580699906137],[-122.47999199999998,42.11562299906138],[-122.48032099999999,42.11537999906139],[-122.48052899999999,42.114851999061386],[-122.48051799999998,42.114505999061386],[-122.48064099999998,42.11412099906138],[-122.48090400000002,42.113888999061395],[-122.48115800000001,42.11356899906141],[-122.48119000000004,42.1130699990614],[-122.48114400000006,42.112849999061396],[-122.48102999999999,42.112433999061395],[-122.48094400000001,42.112054999061385],[-122.48062000000003,42.111485999061394],[-122.480261,42.1110979990614],[-122.47973600000005,42.11094199906141],[-122.47893700000002,42.11072099906139],[-122.47786899999998,42.1104789990614],[-122.47749900000002,42.1103709990614],[-122.47712,42.11004999906141],[-122.47688699999999,42.10972699906139],[-122.47669100000003,42.1092559990614],[-122.47621499999998,42.1089839990614],[-122.47617500000003,42.108714999061405],[-122.47657100000002,42.10835599906142],[-122.47706999999998,42.1079909990614],[-122.47756700000004,42.107570999061416],[-122.47804899999998,42.107145999061416],[-122.47804599999999,42.106821999061424],[-122.477225,42.106721999061406],[-122.476625,42.106527999061406],[-122.47621,42.106463999061404],[-122.47624,42.106276999061414],[-122.476451,42.106033999061424],[-122.47655000000002,42.105660999061406],[-122.47648700000005,42.10517799906142],[-122.476237,42.10468499906141],[-122.47612800000002,42.10402699906141],[-122.47604100000001,42.10356599906143],[-122.47596500000002,42.10335799906143],[-122.475243,42.10280699906143],[-122.474946,42.10262799906143],[-122.474655,42.10239899906143],[-122.47435000000002,42.10211999906142],[-122.47407299999999,42.10174799906143],[-122.47408300000001,42.10131499906143],[-122.47433999999997,42.10104399906144],[-122.47489000000002,42.100662999061434],[-122.475198,42.100512999061415],[-122.47558699999999,42.10040599906142],[-122.47583800000002,42.10029499906143],[-122.475885,42.099910999061436],[-122.47560499999999,42.09922599906144],[-122.475276,42.09877799906143],[-122.47499799999999,42.09844999906142],[-122.474715,42.09810499906144],[-122.47421800000001,42.09790499906144],[-122.47361300000003,42.09786899906145],[-122.473117,42.09776799906145],[-122.472724,42.09754099906143],[-122.47265600000001,42.09750099906146],[-122.472686,42.09669899906145],[-122.47284200000006,42.09629799906144],[-122.47293499999999,42.09584699906144],[-122.473028,42.09558899906145],[-122.47323200000002,42.09528599906147],[-122.47353799999999,42.09487799906147],[-122.473694,42.09467799906145],[-122.47386600000002,42.094458999061466],[-122.47415800000002,42.09412799906145],[-122.47445,42.09394499906145],[-122.475215,42.093649999061455],[-122.47563200000005,42.09334099906146],[-122.476244,42.09321099906145],[-122.476811,42.093021999061456],[-122.47728900000001,42.092886999061456],[-122.47787800000002,42.092620999061474],[-122.478258,42.09233899906146],[-122.47847500000002,42.09192599906147],[-122.47857600000003,42.09156899906145],[-122.478606,42.09100799906146],[-122.478536,42.09059699906147],[-122.47864799999999,42.09007999906147],[-122.47852400000001,42.089597999061475],[-122.47848799999998,42.08880199906148],[-122.47858,42.08850499906146],[-122.47883500000002,42.08813599906147],[-122.479134,42.08779999906148],[-122.479573,42.087472999061475],[-122.480365,42.08691499906147],[-122.480768,42.086571999061476],[-122.48124100000001,42.08602599906148],[-122.48150399999999,42.085656999061484],[-122.48162300000004,42.08513499906149]]},"id":"003c00000000000007a4","properties":{"fullname":"Pacific Crest Trl","linearid":"110340491251","mtfcc":"S1400","rttyp":"M"}},{"type":"Feature","geometry":{"type":"LineString","coordinates":[[-122.61724151774033,42.07409755027509],[-122.61727499999999,42.074093999061525],[-122.61754499999999,42.074152999061525]]},"id":"003c00000000000007bb","properties":{"fullname":"Pacific Crest Trl","linearid":"1105004388304","mtfcc":"S1400","rttyp":"M"}},{"type":"Feature","geometry":{"type":"LineString","coordinates":[[-122.62041999999998,42.0765039990615],[-122.62052800000001,42.076588999061514],[-122.62082400000001,42.0766789990615],[-122.62114500000003,42.07645699906151],[-122.622154,42.07543699906152],[-122.62247299999999,42.075164999061506],[-122.62283000000002,42.074952999061516],[-122.62328500000002,42.074898999061524],[-122.62359199999999,42.0750719990615],[-122.624167,42.07550999906152],[-122.62501600000002,42.076010999061516],[-122.62539500000001,42.07620499906152],[-122.62583599999998,42.07618399906151],[-122.62632100000002,42.07612899906152],[-122.62696499999998,42.07620999906152],[-122.627501,42.07655599906152],[-122.627966,42.076994999061505],[-122.628719,42.077486999061506],[-122.62926200000001,42.07772799906151],[-122.629735,42.07745999906151],[-122.63035099999999,42.07730499906151],[-122.63075300000001,42.07716999906151],[-122.631601,42.07724299906151],[-122.63214699999997,42.07724799906151],[-122.63266700000004,42.077099999061524],[-122.63282299999997,42.0769119990615],[-122.63304700000002,42.07664099906151],[-122.63335000000002,42.076292999061515],[-122.63374699999999,42.07592699906152],[-122.63406899999998,42.07574799906151],[-122.63462700000001,42.075769999061514],[-122.63569200000002,42.076350999061525],[-122.63618500000001,42.076646999061516],[-122.636645,42.07685099906151],[-122.63702100000006,42.0768579990615],[-122.63748200000002,42.076715999061506],[-122.63781600000002,42.07647699906151],[-122.63875500000005,42.076664999061514],[-122.63894800000001,42.07637199906151],[-122.63917499999998,42.07596899906152],[-122.63943100000002,42.07548399906152],[-122.63977599999998,42.07507499906152],[-122.64001187323663,42.07493905691163]]},"id":"003c0000000000000808","properties":{"fullname":"Pacific Crest Trl","linearid":"110340491252","mtfcc":"S1400","rttyp":"M"}},{"type":"Feature","geometry":{"type":"LineString","coordinates":[[-122.39047165619428,42.200333318780224],[-122.391938,42.20040599906112],[-122.392075,42.20041299906111],[-122.393042,42.20053099906111],[-122.39409,42.20058299906111],[-122.395182,42.20068499906112],[-122.39629000000001,42.20070999906112],[-122.39725899999999,42.20059199906111],[-122.39845000000003,42.20037499906111],[-122.39988299999999,42.20026799906112],[-122.40193100000002,42.20013599906112],[-122.403129,42.20006799906112],[-122.40417600000002,42.200157999061126],[-122.40485600000001,42.20011599906112],[-122.40500599999999,42.200192999061116],[-122.40554599999999,42.200214999061124],[-122.405986,42.20036199906111],[-122.40666300000001,42.20055599906112],[-122.406823,42.20068899906112],[-122.407487,42.20079999906112],[-122.40818,42.200844999061125],[-122.40882700000002,42.20104399906111],[-122.40994400000005,42.20130799906111],[-122.41058900000003,42.20163899906112],[-122.41120500000002,42.20191399906111],[-122.41212600000003,42.202148999061116],[-122.41282999999999,42.20240899906111],[-122.413897,42.20268299906112],[-122.41467699999998,42.20282299906111],[-122.415621,42.2029029990611],[-122.41646300000001,42.20287299906111],[-122.41756600000001,42.2027679990611],[-122.418455,42.2025239990611],[-122.41904300000003,42.2021829990611],[-122.419681,42.20151199906111],[-122.42033100000003,42.2010399990611],[-122.421223,42.20063599906112],[-122.42162900000002,42.20008999906113],[-122.422416,42.19928899906111],[-122.42284899999999,42.1989739990611],[-122.42320800000003,42.19868599906112],[-122.42397299999998,42.19830299906111],[-122.42442000000001,42.19808699906113],[-122.42476200000002,42.197809999061114],[-122.42540500000001,42.19735999906113],[-122.42592900000002,42.19691399906112],[-122.42624700000002,42.19627899906112],[-122.42671700000001,42.19549099906113],[-122.42761100000001,42.194850999061124],[-122.42795000000001,42.194440999061136],[-122.42804800000003,42.19382599906113],[-122.428225,42.19328299906114],[-122.42858300000002,42.192565999061124],[-122.429225,42.19204399906114],[-122.42997700000001,42.191484999061146],[-122.43074599999998,42.19096999906115],[-122.431326,42.19058999906115],[-122.431557,42.18994299906114],[-122.431604,42.18925099906114],[-122.431551,42.18885399906115],[-122.431617,42.188375999061144],[-122.43177,42.18795399906115],[-122.43378200000001,42.187197999061155],[-122.434346,42.187059999061155],[-122.43500500000002,42.18687399906116],[-122.43550200000001,42.18671899906115],[-122.43590600000002,42.18636599906115],[-122.43628199999999,42.18591799906117],[-122.43664599999998,42.18522799906116],[-122.43692999999999,42.18440099906117],[-122.43665799999998,42.18383099906117],[-122.43629,42.18317299906117],[-122.43627299999999,42.18283799906118],[-122.43649900000001,42.182630999061175],[-122.43760900000001,42.18227299906117],[-122.43825500000001,42.18208099906117],[-122.438644,42.18182599906118],[-122.439692,42.181670999061176],[-122.440788,42.18147199906117],[-122.44162200000002,42.181435999061165],[-122.44214899999999,42.18123199906119],[-122.44260600000001,42.181367999061166],[-122.44325700000005,42.18126499906117],[-122.44376499999997,42.18081299906118],[-122.44385200000004,42.18040699906118],[-122.44346700000001,42.17994699906118],[-122.44287900000003,42.179769999061186],[-122.442901,42.17924799906118],[-122.44324600000003,42.17889399906118],[-122.44375199999999,42.17865699906118],[-122.44394999999999,42.17863899906119],[-122.44494900000002,42.178546999061176],[-122.445516,42.17862399906118],[-122.44637900000002,42.17866499906119],[-122.44691000000002,42.17859799906119],[-122.44739400000005,42.17832799906118],[-122.448227,42.177977999061184],[-122.44905200000001,42.17805199906119],[-122.44966300000003,42.17819499906119],[-122.45039200000001,42.17825199906119],[-122.45143999999999,42.17830499906118],[-122.452047,42.17814599906119],[-122.452679,42.17776699906118],[-122.452977,42.17777099906118]]},"id":"003c0000000000000a61","properties":{"fullname":"Pacific Crest Trl","linearid":"110340491247","mtfcc":"S1400","rttyp":"M"}},{"type":"Feature","geometry":{"type":"LineString","coordinates":[[-122.28768200000002,42.24314599906099],[-122.287819,42.243095999060984],[-122.28866599999999,42.24295099906098],[-122.28960999999998,42.242772999060975],[-122.29122500000001,42.24274199906096],[-122.29237700000002,42.24257399906096],[-122.29294299999998,42.24247899906098],[-122.29382200000002,42.242498999060984],[-122.29450000000001,42.242370999060974],[-122.29475700000003,42.24211799906097],[-122.29517599999998,42.24209999906098],[-122.29536799999998,42.24190199906098],[-122.295978,42.241735999060985],[-122.29669500000001,42.24175599906097],[-122.297543,42.24175399906098],[-122.29816999999997,42.241807999060974],[-122.29895399999998,42.24216299906097],[-122.29960500000001,42.24236999906098],[-122.30019600000004,42.24258299906098],[-122.30087699999999,42.24279499906098],[-122.30158700000001,42.24289799906097],[-122.302266,42.24298999906097],[-122.30278900000003,42.242960999060976],[-122.303254,42.242805999060984],[-122.303536,42.24304199906099],[-122.304112,42.24329799906098],[-122.30468200000001,42.243318999060975],[-122.305315,42.243261999060984],[-122.305434,42.24328599906097],[-122.305966,42.24339299906098],[-122.30629700000001,42.24337499906099],[-122.30655400000003,42.243242999060975],[-122.30717300000002,42.24311999906098],[-122.30726900000002,42.24305099906098],[-122.30780399999999,42.242662999060975],[-122.30792,42.24220699906099],[-122.30796100000003,42.24164599906097],[-122.308346,42.24084299906098],[-122.30835000000002,42.24033699906098],[-122.308597,42.23988599906098],[-122.30902000000002,42.23913299906099],[-122.30946200000004,42.23875199906098],[-122.31019099999999,42.238546999060986],[-122.31056400000001,42.238446999061],[-122.310562,42.238117999061],[-122.311017,42.237610999061],[-122.31145599999998,42.23710499906098],[-122.31174300000002,42.23694999906101],[-122.312671,42.236699999061],[-122.31329100000004,42.236681999061],[-122.31394699999998,42.236707999061004],[-122.31430899999997,42.23657499906101],[-122.31457199999998,42.23629999906099],[-122.31536800000003,42.236181999060996],[-122.31610999999998,42.235855999060995],[-122.31635000000001,42.235588999060994],[-122.31638200000002,42.23555399906101],[-122.31659200000003,42.235228999061],[-122.31687200000002,42.23491999906101],[-122.317534,42.23464399906101],[-122.31817800000002,42.234075999061],[-122.318509,42.233893999060996],[-122.31880900000002,42.233618999061],[-122.320191,42.23286799906102],[-122.32108300000003,42.23282199906101],[-122.32170500000002,42.232852999061016],[-122.32242900000004,42.233185999061014],[-122.32306700000001,42.23358599906101],[-122.323746,42.23358399906102],[-122.32443500000001,42.23300499906101],[-122.32477,42.232399999060995],[-122.325085,42.23206399906102],[-122.32580400000002,42.231600999061],[-122.326281,42.23115999906102],[-122.32659500000003,42.230724999061],[-122.326961,42.23038299906103],[-122.327683,42.23016699906101],[-122.328663,42.23016999906102],[-122.32910700000001,42.23019599906101],[-122.330155,42.230225999061005],[-122.33094399999999,42.230124999061026],[-122.33167900000002,42.229930999061025],[-122.332476,42.22991799906101],[-122.33287399999999,42.229960999061014],[-122.33352299999999,42.229799999061015],[-122.33463800000004,42.229889999061015],[-122.33527999999998,42.230019999061014],[-122.33641900000003,42.23045099906102],[-122.33721600000001,42.23054199906101],[-122.33787400000004,42.23069999906103],[-122.33836299999999,42.23106099906101],[-122.33885899999999,42.23127399906102],[-122.339097,42.23128499906101],[-122.33939900000001,42.23129999906102],[-122.340127,42.231126999061026],[-122.340901,42.231020999061016],[-122.34252100000005,42.23053299906102],[-122.34320000000001,42.23064599906102],[-122.34386400000001,42.23060599906102],[-122.34446100000001,42.230581999061016],[-122.34490300000004,42.230487999061026],[-122.345271,42.23024499906101],[-122.34571000000001,42.229792999061026],[-122.34615099999999,42.229516999061026],[-122.347591,42.22884799906102],[-122.348251,42.228444999061026],[-122.34883400000002,42.228157999061025],[-122.34910300000001,42.227711999061015],[-122.349432,42.22728799906103],[-122.350239,42.22654899906103],[-122.351321,42.22541499906104],[-122.35159799999998,42.22505099906103],[-122.351876,42.22479799906104],[-122.35307800000001,42.22459099906104],[-122.35362100000002,42.22416599906104],[-122.35414800000001,42.22368699906103],[-122.35502899999999,42.22320599906104],[-122.355991,42.22260999906105],[-122.35648999999998,42.22218499906104],[-122.356995,42.22183199906105],[-122.35820000000001,42.22106499906105],[-122.35861700000002,42.22076699906105],[-122.359204,42.22038599906105],[-122.35988700000001,42.220015999061054],[-122.36051200000001,42.219739999061055],[-122.36078300000001,42.21947499906105],[-122.36091700000001,42.219394999061066],[-122.36141600000002,42.219093999061066],[-122.362401,42.21868999906106],[-122.36355600000003,42.218230999061056],[-122.36464299999999,42.21767799906105],[-122.365267,42.217417999061055],[-122.365864,42.217195999061055],[-122.36626799999999,42.217200999061056],[-122.36666699999999,42.21718799906107],[-122.36678199999997,42.21715699906106],[-122.36710099999998,42.21707199906106],[-122.36713000000002,42.21703699906105],[-122.367298,42.21682899906108],[-122.36718599999999,42.21669199906106],[-122.366963,42.21641799906107],[-122.36650900000004,42.21600799906106],[-122.36637499999999,42.21563999906106],[-122.367257,42.21540099906108],[-122.36771299999997,42.21508599906109],[-122.36775100000001,42.215056999061076],[-122.36809799999997,42.214787999061066],[-122.36851200000001,42.21466199906108],[-122.369023,42.21458199906108],[-122.36969000000002,42.214331999061066],[-122.369638,42.21366399906107],[-122.369356,42.21280899906108],[-122.36882000000004,42.212077999061066],[-122.36880800000002,42.21169599906108],[-122.36898900000001,42.211286999061066],[-122.37012600000001,42.21064699906109],[-122.370438,42.21055199906108],[-122.37120800000001,42.21031899906108],[-122.37240499999999,42.20953499906109],[-122.37284199999996,42.20912199906108],[-122.37323800000003,42.2084939990611],[-122.37369200000002,42.20823399906109],[-122.37436099999996,42.20793599906109]]},"id":"003c0000000000000ab9","properties":{"fullname":"Pacific Crest Trl","linearid":"110340491250","mtfcc":"S1400","rttyp":"M"}},{"type":"Feature","geometry":{"type":"LineString","coordinates":[[-122.22827200000002,42.250592999060956],[-122.22843100000001,42.25037999906095],[-122.228493,42.25027999906095],[-122.22858600000004,42.250092999060946],[-122.22863000000001,42.24991899906096],[-122.228637,42.249851999060944],[-122.22863599999998,42.249785999060954],[-122.22861999999999,42.24967999906096],[-122.22859900000002,42.24960899906096],[-122.22858300000003,42.24957599906095],[-122.22854000000001,42.249513999060966],[-122.22851200000002,42.24948599906095],[-122.22841400000001,42.24941499906096],[-122.22837499999999,42.249396999060956],[-122.228307,42.24937999906096],[-122.22821799999998,42.249375999060945],[-122.228159,42.24938299906096],[-122.228108,42.249396999060956],[-122.22805800000003,42.24941699906097],[-122.22796099999998,42.24946899906096],[-122.227914,42.249502999060944],[-122.22787299999999,42.24954099906097],[-122.22780100000001,42.24962299906095],[-122.22773600000004,42.24971799906097],[-122.22768500000001,42.24983099906097],[-122.22766700000004,42.24989199906096],[-122.22765200000006,42.24994499906095],[-122.22762000000002,42.25013999906096],[-122.22764000000004,42.250245999060965],[-122.22766300000002,42.25029699906096],[-122.22769300000004,42.25034099906095],[-122.227773,42.25042199906096],[-122.22782799999999,42.250457999060956],[-122.227889,42.25048899906094],[-122.22800000000001,42.250532999060944],[-122.228147,42.250572999060964],[-122.22827200000002,42.250592999060956]]},"id":"003c000000000000181c","properties":{"fullname":"Surveyor Rec Site","linearid":"1102289059639","mtfcc":"S1400","rttyp":"M"}},{"type":"Feature","geometry":{"type":"LineString","coordinates":[[-122.49441600000002,42.19368899906113],[-122.49364,42.193520999061114],[-122.492313,42.193360999061134],[-122.49148500000001,42.19291899906113],[-122.491129,42.19257499906113],[-122.490757,42.192136999061134],[-122.49053199999999,42.19189299906114],[-122.490249,42.19154899906113],[-122.489258,42.19107299906114],[-122.48911000000001,42.19060899906114],[-122.489224,42.18977399906114],[-122.489085,42.18918499906114],[-122.48864,42.188729999061145],[-122.48792300000002,42.18833299906115],[-122.48716700000001,42.18800699906115],[-122.48612800000002,42.187831999061146],[-122.48494900000001,42.18756299906115],[-122.484239,42.18717199906115],[-122.483382,42.18672899906116],[-122.48285600000001,42.18637299906117],[-122.48216699999999,42.186002999061145],[-122.481455,42.18590699906116],[-122.48134000000002,42.18589099906116],[-122.48048900000002,42.186103999061174],[-122.48012299999999,42.18649099906116],[-122.47976200000002,42.186970999061145],[-122.47932700000003,42.18750599906115],[-122.478711,42.18817199906116],[-122.47846899999999,42.188680999061155],[-122.47841100000002,42.18916999906115],[-122.47847500000002,42.18974299906114],[-122.47874300000001,42.190223999061146],[-122.47889800000002,42.190725999061144],[-122.47866400000002,42.191201999061136],[-122.47839099999999,42.191611999061124],[-122.47842100000001,42.19221199906113],[-122.47857100000002,42.19269499906114],[-122.47866099999999,42.192983999061134],[-122.47861200000003,42.19329699906114],[-122.47838300000001,42.19387799906113],[-122.47750800000003,42.19414499906113],[-122.47730200000001,42.19419999906113],[-122.47654500000002,42.19440099906112],[-122.475663,42.194590999061134],[-122.47503,42.19472199906113],[-122.47352400000001,42.19503299906113],[-122.47288799999998,42.195054999061135],[-122.47207200000001,42.194881999061124],[-122.47123100000002,42.19478099906113],[-122.470751,42.19483699906112],[-122.47030199999999,42.19532799906113],[-122.469835,42.19591199906111],[-122.46944500000001,42.19630999906112],[-122.46938799999998,42.19671699906112],[-122.46924899999999,42.197127999061124],[-122.46844999999999,42.19730799906111],[-122.46791599999999,42.19745699906111],[-122.46743099999999,42.19783199906111],[-122.466819,42.19832099906112],[-122.46614400000001,42.19912899906111],[-122.465648,42.19973499906111],[-122.465357,42.19989799906111],[-122.46496,42.200119999061116],[-122.464681,42.20027599906112],[-122.46428500000003,42.200329999061125]]},"id":"003c0000000000000a68","properties":{"fullname":"Table Mountain Rd","linearid":"110340491700","mtfcc":"S1400","rttyp":"M"}},{"type":"Feature","geometry":{"type":"LineString","coordinates":[[-122.18321900000001,42.20457799906109],[-122.18262000000001,42.20440099906111],[-122.18181700000002,42.2041529990611],[-122.18115999999999,42.203942999061105],[-122.18107100000002,42.20390599906111],[-122.18099200000002,42.20386399906109],[-122.180917,42.20381699906111],[-122.180776,42.2037159990611],[-122.18069900000002,42.20364999906109],[-122.18062699999999,42.203579999061105],[-122.18050300000002,42.203472999061105],[-122.18034700000001,42.2033589990611],[-122.17986699999999,42.20302699906109],[-122.17973400000005,42.2029229990611],[-122.17959600000002,42.2027959990611],[-122.17953000000001,42.202749999061105],[-122.179199,42.20242499906111],[-122.17906899999998,42.20236499906111]]},"id":"003c0000000000000e89","properties":{"fullname":"Cherry Glade C Spr","linearid":"1102302326651","mtfcc":"S1400","rttyp":"M"}},{"type":"Feature","geometry":{"type":"MultiLineString","coordinates":[[[-122.36576,42.24340499906099],[-122.36801100000002,42.24329499906098],[-122.36950499999998,42.24334899906097],[-122.37140600000004,42.243069999060985],[-122.374755,42.242731999060986],[-122.37595699999999,42.24271699906099],[-122.377565,42.24264499906099],[-122.38006399999999,42.242760999060984],[-122.38258599999999,42.24314199906099],[-122.38491999999998,42.24307099906098],[-122.38544799999998,42.24305399906098],[-122.38564342314676,42.24315381965406]],[[-122.38727082421893,42.243967172525906],[-122.387713,42.24420599906097],[-122.38960599999999,42.24442299906097],[-122.38972600000001,42.24435799906098],[-122.39359700000001,42.24451899906098],[-122.39368600000002,42.24445199906098],[-122.396657,42.24439099906097],[-122.398097,42.24462299906099],[-122.399236,42.24446099906097],[-122.399718,42.24449299906098],[-122.40042299999999,42.24513299906098],[-122.400581,42.24526699906099]]]},"id":"003c0000000000000aa2","properties":{"fullname":"Grizzly Prairie Rd","linearid":"110340491800","mtfcc":"S1400","rttyp":"M"}},{"type":"Feature","geometry":{"type":"LineString","coordinates":[[-122.30979799999999,42.182959999061175],[-122.30918599999998,42.18340099906116],[-122.308282,42.184452999061165],[-122.30802964234798,42.18534851615824]]},"id":"003c0000000000000aee","properties":{"fullname":"Johnson Prairie Rd","linearid":"110340491818","mtfcc":"S1400","rttyp":"M"}},{"type":"Feature","geometry":{"type":"LineString","coordinates":[[-122.152167,42.19696499906111],[-122.15205,42.19637999906112],[-122.151988,42.19612999906112],[-122.15197200000001,42.19597199906113],[-122.151979,42.19593699906113],[-122.15201000000005,42.19588399906112],[-122.152033,42.19586199906113],[-122.152066,42.195844999061116],[-122.15216700000003,42.19581799906113],[-122.15231800000004,42.19579499906112]]},"id":"003c0000000000000ea3","properties":{"fullname":"Shasta Regen C Spr","linearid":"1102300945174","mtfcc":"S1400","rttyp":"M"}},{"type":"Feature","geometry":{"type":"LineString","coordinates":[[-122.53605000000002,42.087189999061486],[-122.535853,42.08780399906148],[-122.535788,42.08879299906148],[-122.53544000000002,42.08945499906147],[-122.535054,42.09103399906147],[-122.53507199999997,42.091646999061474],[-122.535146,42.09211899906147],[-122.53546799999998,42.09261499906145],[-122.53546000000003,42.09298299906146],[-122.53545499999998,42.09322799906146],[-122.534715,42.09405699906146],[-122.53469799999999,42.09455299906144],[-122.533955,42.09524199906146],[-122.533754,42.09571499906146],[-122.53382500000002,42.09604499906144],[-122.534397,42.09661399906143],[-122.53441,42.09706199906145],[-122.53426999999998,42.09755699906144],[-122.53425700000003,42.09819399906144],[-122.53409300000001,42.098924999061445],[-122.53368200000001,42.09951699906144],[-122.53344200000001,42.09963699906146],[-122.53313500000002,42.10045999906143],[-122.53312299999999,42.10149299906144],[-122.533103,42.103227999061424],[-122.53319499999999,42.10352599906143],[-122.533163,42.104714999061414],[-122.53325600000001,42.10487599906142],[-122.53316300000003,42.10585899906143],[-122.53339100000001,42.106174999061416],[-122.533815,42.10674099906142],[-122.53397300000002,42.10725799906142],[-122.534284,42.107593999061415],[-122.535215,42.10821899906142],[-122.535743,42.108710999061415],[-122.536127,42.11021699906141],[-122.53690500000002,42.1110239990614],[-122.536907,42.1112559990614],[-122.536826,42.11133699906141],[-122.53634499999998,42.11148899906141]]},"id":"003c00000000000007a9","properties":{"fullname":"Buckhorn Springs Rd","linearid":"110340492030","mtfcc":"S1400","rttyp":"M"}},{"type":"Feature","geometry":{"type":"LineString","coordinates":[[-122.53634500000004,42.11148899906141],[-122.536638,42.11158199906139],[-122.53720400000003,42.11245799906139],[-122.53758399999998,42.11310899906141],[-122.53842500000002,42.11376999906138],[-122.53863000000004,42.114175999061395],[-122.53904300000002,42.114663999061385],[-122.53973200000004,42.114975999061386],[-122.539953,42.11510499906138],[-122.54002000000001,42.11520899906139],[-122.54097699999998,42.116687999061384],[-122.54175900000001,42.11695599906138],[-122.54328099999998,42.117445999061374],[-122.544329,42.11802899906138],[-122.54474300000001,42.11827899906138],[-122.544895,42.11838899906138],[-122.545003,42.11847499906138],[-122.54511600000004,42.11864199906138],[-122.54521299999999,42.11882399906138],[-122.545294,42.11896399906138],[-122.545374,42.11907399906138],[-122.545513,42.11919399906138],[-122.545686,42.119310999061376],[-122.54592800000002,42.119459999061384],[-122.54607599999999,42.119524999061376],[-122.546518,42.11965099906137],[-122.54690600000002,42.11974599906138],[-122.547064,42.11979399906137],[-122.54719399999999,42.11984299906137],[-122.54729799999998,42.11990399906137],[-122.54736900000002,42.11996399906137],[-122.547428,42.12002799906137],[-122.54745,42.12007899906137],[-122.54748399999998,42.12058899906137],[-122.547515,42.120820999061365],[-122.54754299999999,42.12097899906137],[-122.54759,42.12108999906137],[-122.54767299999999,42.121194999061366],[-122.54782500000002,42.12136599906137],[-122.54792,42.121457999061356],[-122.548124,42.12159699906136],[-122.54990100000005,42.122837999061375],[-122.550041,42.122884999061355],[-122.55019,42.12291699906136],[-122.550334,42.12293299906137],[-122.55051499999999,42.122929999061355],[-122.55079399999997,42.122925999061344],[-122.55114500000003,42.122937999061364],[-122.55133200000003,42.12294999906137],[-122.551535,42.12297499906137],[-122.55176300000001,42.123013999061364],[-122.55194600000002,42.12303899906136],[-122.55207199999998,42.12306699906135],[-122.552181,42.12310299906136],[-122.552454,42.123266999061364],[-122.552577,42.123355999061374],[-122.55269000000001,42.123443999061344],[-122.55278799999999,42.12353899906137],[-122.55310200000001,42.12389399906135],[-122.553613,42.12445199906134],[-122.553698,42.12453599906136],[-122.55377099999998,42.12459699906137],[-122.55392400000001,42.12469999906135],[-122.554028,42.124743999061344],[-122.55416,42.124785999061366],[-122.55454,42.12489099906135],[-122.55517300000004,42.12507499906136],[-122.55527900000001,42.125108999061354],[-122.55564800000005,42.12522399906136],[-122.55609500000001,42.12538699906136],[-122.55632399999998,42.12548599906134],[-122.556458,42.12555299906134],[-122.55652099999999,42.12559699906135],[-122.55660500000002,42.12566999906133],[-122.55667400000002,42.12575299906135],[-122.556747,42.12586399906134],[-122.55682399999999,42.126018999061344],[-122.55691700000001,42.12622399906136],[-122.557012,42.12647799906135],[-122.557132,42.12676899906136],[-122.557207,42.12687599906133],[-122.55726600000004,42.12695099906134],[-122.55734100000001,42.12702699906134],[-122.557486,42.12715199906135],[-122.55755699999999,42.127207999061355],[-122.55764500000001,42.12726699906134],[-122.55906300000005,42.12798499906134],[-122.55944000000004,42.12819199906134],[-122.559869,42.12843899906136],[-122.56012500000003,42.128592999061354],[-122.56072200000001,42.129020999061346],[-122.56099799999998,42.12920699906135],[-122.561152,42.129297999061336],[-122.56134000000002,42.129391999061326],[-122.56158400000001,42.12949599906134],[-122.56194100000003,42.12962099906134],[-122.56272,42.12991299906133],[-122.562906,42.12997499906133],[-122.563098,42.13003199906133],[-122.56324100000002,42.130063999061335],[-122.56333100000002,42.13007799906133],[-122.56342600000002,42.13008399906132],[-122.56425399999999,42.130068999061336],[-122.56460300000002,42.13007599906135],[-122.564821,42.13009299906133],[-122.56489125549872,42.13011134168049]]},"id":"003c0000000000000a25","properties":{"fullname":"Buckhorn Springs Rd","linearid":"110340492029","mtfcc":"S1400","rttyp":"M"}},{"type":"Feature","geometry":{"type":"LineString","coordinates":[[-122.57165627820744,42.12005507538471],[-122.57107500000001,42.12108999906137],[-122.57107700000002,42.12126799906137],[-122.571483,42.12141999906138],[-122.571766,42.12163999906135],[-122.57170900000003,42.12186299906136],[-122.57146700000001,42.122039999061364],[-122.57059000000005,42.122341999061355],[-122.569961,42.12309599906136],[-122.56926700000001,42.12412399906137],[-122.567809,42.12574099906135],[-122.56738699999998,42.12607199906136]]},"id":"003c0000000000000a3b","properties":{"fullname":"Buckhorn Springs Rd","linearid":"1104318653099","mtfcc":"S1400","rttyp":"M"}},{"type":"Feature","geometry":{"type":"LineString","coordinates":[[-122.529368,42.105670999061424],[-122.52962800000002,42.105408999061424],[-122.53009700000001,42.10526699906142],[-122.53050600000003,42.105249999061414],[-122.530988,42.10550899906141],[-122.53090799999998,42.10698699906141],[-122.53112600000004,42.10738299906141],[-122.53112400000003,42.10772699906141],[-122.53118100000003,42.1082879990614],[-122.53142300000002,42.1086359990614],[-122.53238,42.10935299906141],[-122.533079,42.109577999061415],[-122.534166,42.10954899906141],[-122.53415400000003,42.1099779990614],[-122.53428900000004,42.110184999061396],[-122.53469300000002,42.11042599906139],[-122.535526,42.1112299990614],[-122.53634500000004,42.11148899906141]]},"id":"003c0000000000000a48","properties":{"fullname":"Buckhorn Springs Rd","linearid":"110340492031","mtfcc":"S1400","rttyp":"M"}},{"type":"Feature","geometry":{"type":"LineString","coordinates":[[-122.177403,42.19643799906114],[-122.17716800000004,42.19642499906113],[-122.17655100000006,42.196433999061135],[-122.17571699999999,42.19641699906112],[-122.17534400000005,42.19641799906114],[-122.17504900000003,42.19642499906113],[-122.174721,42.19642499906113],[-122.174592,42.19641799906114],[-122.17448600000002,42.19640199906112],[-122.17417600000003,42.19632799906113],[-122.17392400000003,42.19628799906113],[-122.17379600000002,42.19627599906113],[-122.17367199999997,42.19627399906113],[-122.173549,42.19627799906111],[-122.17342700000002,42.19628999906113],[-122.17330700000001,42.196307999061126],[-122.17306899999998,42.19635399906112],[-122.172864,42.196399999061114],[-122.17274899999998,42.19641999906112],[-122.17251700000001,42.19644699906112],[-122.17222599999998,42.19646199906113]]},"id":"003c0000000000000e85","properties":{"fullname":"Cherry Glades A Spr","linearid":"1102300941916","mtfcc":"S1400","rttyp":"M"}},{"type":"Feature","geometry":{"type":"LineString","coordinates":[[-122.30740299999997,42.21483199906107],[-122.30746799999999,42.21495699906107],[-122.30749400000002,42.21539699906106],[-122.30745899999998,42.21590299906105],[-122.30812200000003,42.21679799906106],[-122.30845700000003,42.21734699906105],[-122.30884300000001,42.21774199906107],[-122.309136,42.21765299906105],[-122.30960500000002,42.21714599906104],[-122.30967500000001,42.21695699906107],[-122.30974200000003,42.21677699906107],[-122.309992,42.216468999061064],[-122.31024099999999,42.21635799906107],[-122.31080800000001,42.21629599906107],[-122.31161700000003,42.21606299906106],[-122.31202899999998,42.215929999061075],[-122.312637,42.21558799906107],[-122.31307900000002,42.21534999906107],[-122.31369499999998,42.21541299906106],[-122.313868,42.215430999061056],[-122.31469400000002,42.21552199906106],[-122.315966,42.21535399906107],[-122.31695899999998,42.215092999061056],[-122.317903,42.21499199906106],[-122.31861200000003,42.21524299906107],[-122.31924000000002,42.21557699906107],[-122.31985900000001,42.215585999061055],[-122.32030300000002,42.21586499906107],[-122.32030500000003,42.216183999061066],[-122.3202,42.21694899906107],[-122.32018999999998,42.21774099906106],[-122.32027599999999,42.21841199906106],[-122.32049200000003,42.21886199906106],[-122.32096100000004,42.21930099906106],[-122.32144,42.21960299906105],[-122.32221000000001,42.219891999061055],[-122.32258,42.22018799906105],[-122.323232,42.220642999061056],[-122.324548,42.22138699906105],[-122.324986,42.22178799906105],[-122.325252,42.22220399906106]]},"id":"003c00000000000018ff","properties":{"fullname":"Nameless Springs Rd","linearid":"110340492196","mtfcc":"S1400","rttyp":"M"}},{"type":"Feature","geometry":{"type":"LineString","coordinates":[[-122.15030245078368,42.18486153534167],[-122.15050200000003,42.185007999061156],[-122.15079,42.185199999061155],[-122.15094100000002,42.18529099906115],[-122.15117199999999,42.18540999906115],[-122.15141600000001,42.18551399906116],[-122.15166799999999,42.18560899906115],[-122.15188700000002,42.18568199906116],[-122.15210999999998,42.18574899906116],[-122.152256,42.185787999061155],[-122.15255300000003,42.18585899906116],[-122.15270300000002,42.185888999061156],[-122.152855,42.18591199906117],[-122.15298400000003,42.18592499906115],[-122.15337599999998,42.185940999061145],[-122.15357199999998,42.185964999061156],[-122.153771,42.18600399906116],[-122.153876,42.186033999061145],[-122.153978,42.186068999061156],[-122.15417300000003,42.18615299906116],[-122.15427500000001,42.18620599906116],[-122.15437400000003,42.18626399906117],[-122.15446600000001,42.186325999061154],[-122.154543,42.186389999061156],[-122.154612,42.18645999906116],[-122.154741,42.18660599906116],[-122.15480900000004,42.18667599906116],[-122.154959,42.18678399906115],[-122.155086,42.186924999061155],[-122.15532000000003,42.187126999061135],[-122.15546900000001,42.18726599906116],[-122.155744,42.187568999061156],[-122.15589499999999,42.187723999061156],[-122.156054,42.187875999061156],[-122.156335,42.18811599906117],[-122.156482,42.18823299906114],[-122.15716900000001,42.18874599906115],[-122.15754199999998,42.18907099906113],[-122.158016,42.189449999061154],[-122.15809599999999,42.189525999061146],[-122.15817100000001,42.18960599906114],[-122.15823900000004,42.18968899906115],[-122.15834000000004,42.18984199906115],[-122.15847300000003,42.190013999061144],[-122.15854700000001,42.19009599906114],[-122.15864200000001,42.19018499906114],[-122.15925100000003,42.190709999061134],[-122.159383,42.19082799906115],[-122.15946199999999,42.190906999061134],[-122.15957300000005,42.19102799906113],[-122.15962200000001,42.191090999061146],[-122.159663,42.19116099906114],[-122.15968000000004,42.19120399906114],[-122.159696,42.19129499906112],[-122.15968699999999,42.19138599906115],[-122.15967799999999,42.191435999061135]]},"id":"003c0000000000000e61","properties":{"fullname":"Onion Springs A Spr","linearid":"1102381588889","mtfcc":"S1400","rttyp":"M"}},{"type":"Feature","geometry":{"type":"LineString","coordinates":[[-122.40177800000001,42.171625999061206],[-122.40268800000001,42.17248099906119],[-122.403761,42.173367999061206],[-122.40419999999999,42.173775999061185],[-122.404626,42.1742719990612],[-122.404827,42.17499299906119],[-122.40477100000001,42.1756959990612],[-122.40427799999999,42.176678999061195],[-122.403515,42.177089999061174],[-122.40260300000001,42.17755499906117],[-122.402583,42.17774899906118]]},"id":"003c0000000000000add","properties":{"fullname":"W Little Chinquapin","linearid":"110340492436","mtfcc":"S1400","rttyp":"M"}},{"type":"Feature","geometry":{"type":"LineString","coordinates":[[-122.48290099999998,42.130067999061346],[-122.482912,42.13012599906133],[-122.48324500000003,42.130882999061335],[-122.48350799999999,42.13124999906134],[-122.48381900000003,42.13192099906132],[-122.483837,42.132150999061324],[-122.484023,42.132363999061326],[-122.48431500000001,42.13258499906134],[-122.48450199999998,42.132824999061334],[-122.48467000000001,42.133054999061336],[-122.48474100000001,42.13332099906132],[-122.484714,42.133524999061315],[-122.484546,42.13385299906133],[-122.484422,42.13414499906132],[-122.484431,42.13437599906133],[-122.48450999999999,42.13455299906131],[-122.48468800000003,42.13473899906132],[-122.48489099999999,42.134897999061316],[-122.485193,42.135048999061326],[-122.485689,42.13527899906131],[-122.48598100000002,42.13540399906133],[-122.486451,42.135589999061324],[-122.48671700000001,42.13573999906131],[-122.48712500000002,42.13590899906131],[-122.48755900000003,42.136147999061315],[-122.48775399999998,42.136360999061324],[-122.48797500000002,42.13664399906131],[-122.48819700000001,42.13710499906132],[-122.48839200000002,42.13771599906131],[-122.48851600000002,42.13791999906132],[-122.48874599999996,42.138105999061324],[-122.48879100000002,42.138318999061305],[-122.488729,42.13860299906131],[-122.488729,42.138832999061314],[-122.48877300000002,42.13903699906131],[-122.48887000000002,42.139151999061305],[-122.48903,42.1393199990613],[-122.48934,42.14016199906129],[-122.48940199999998,42.1403929990613],[-122.48961500000001,42.140755999061305],[-122.48986300000001,42.14113699906132],[-122.490022,42.141375999061296],[-122.49024400000002,42.1415449990613],[-122.49098000000002,42.141916999061294],[-122.491644,42.1422449990613],[-122.49212099999998,42.14257499906132],[-122.49238799999999,42.1428029990613],[-122.49268500000002,42.14300099906129],[-122.493059,42.14316799906129],[-122.49354900000003,42.143406999061305],[-122.493865,42.14351699906129],[-122.49410400000001,42.14356799906129],[-122.49438800000001,42.14356799906129],[-122.49462000000001,42.143580999061285],[-122.49492300000001,42.143658999061294],[-122.49524500000001,42.143799999061294],[-122.495407,42.14399399906127],[-122.49542000000002,42.144199999061286],[-122.495432,42.14444499906127],[-122.49549100000002,42.14460699906129],[-122.49560000000002,42.14474799906129],[-122.49589000000005,42.144986999061295],[-122.496168,42.14513499906128],[-122.49643900000001,42.145360999061296],[-122.49679999999998,42.1456449990613],[-122.49698700000003,42.14587699906129],[-122.497116,42.14616099906128],[-122.4972,42.146514999061296],[-122.49727000000001,42.14663199906128],[-122.49746400000001,42.14682499906127],[-122.49759899999998,42.14706999906128],[-122.49768999999999,42.14737999906127],[-122.49778600000002,42.14763799906129],[-122.49781200000001,42.14790199906128],[-122.49781200000001,42.14812099906127],[-122.49781899999999,42.14831499906127],[-122.49790900000002,42.14874699906129],[-122.49801200000002,42.14926299906128],[-122.49816700000002,42.14985599906126],[-122.49821899999999,42.15009499906128],[-122.498335,42.150294999061266],[-122.49840600000002,42.15052699906127],[-122.498659,42.15124199906127],[-122.498476,42.151700999061276],[-122.49842899999999,42.15211199906126],[-122.49835900000001,42.152628999061264],[-122.49828799999999,42.15286399906126],[-122.49814700000005,42.15299399906126],[-122.49788900000001,42.15311099906127],[-122.49755900000001,42.153146999061256],[-122.49733600000006,42.153204999061245],[-122.49698300000001,42.15338199906126],[-122.49652500000002,42.15365199906127],[-122.496219,42.15376999906127],[-122.49538500000001,42.15382799906125],[-122.49426799999999,42.15385199906127],[-122.49321000000003,42.153816999061256],[-122.492705,42.15375799906126],[-122.49222300000002,42.15371099906126],[-122.49133,42.15374599906126],[-122.490789,42.153757999061256],[-122.490342,42.15383999906127],[-122.48979,42.15392199906127],[-122.48927300000001,42.153898999061255],[-122.48914299999998,42.153898999061255],[-122.48888500000001,42.15400499906125],[-122.48833200000003,42.154109999061255],[-122.488133,42.15420399906127],[-122.48818,42.15440399906125],[-122.488238,42.154838999061255],[-122.48821500000001,42.155238999061254],[-122.48790100000004,42.15576199906126],[-122.487592,42.156131999061245],[-122.487286,42.156359999061245],[-122.486877,42.15633399906126],[-122.48658899999998,42.15631899906125],[-122.48614400000001,42.15641099906126],[-122.48530899999999,42.15694199906125],[-122.485138,42.15721199906126],[-122.485015,42.15758099906125],[-122.48507799999999,42.15814699906125],[-122.48539800000003,42.15882099906125],[-122.485419,42.15900799906125],[-122.48536599999998,42.159170999061246],[-122.48523199999997,42.15942599906124],[-122.485254,42.15956699906124],[-122.485412,42.15971399906124],[-122.48554800000002,42.159854999061245],[-122.48556499999998,42.15995699906124],[-122.48555899999998,42.16015399906124],[-122.48561000000001,42.16041399906125],[-122.48565500000001,42.16058899906124],[-122.485818,42.160808999061246],[-122.486061,42.16101799906123],[-122.48635999999998,42.16129999906123],[-122.48659700000002,42.16143499906123],[-122.48669300000002,42.161575999061235],[-122.486671,42.16163799906125],[-122.48651800000002,42.16185799906124],[-122.486484,42.16202199906124],[-122.486496,42.16229299906122],[-122.48645600000002,42.16248499906123],[-122.48637200000002,42.16261499906125],[-122.486309,42.16281199906124],[-122.486349,42.16296999906123],[-122.48642799999996,42.16318499906123],[-122.48642799999996,42.16339399906123],[-122.48635999999998,42.16373199906121],[-122.48627600000002,42.16403099906124],[-122.48618500000002,42.16432499906123],[-122.486151,42.164533999061234],[-122.486135,42.16477599906123],[-122.48607800000003,42.16494599906123],[-122.48586900000004,42.165204999061224],[-122.48556499999998,42.165469999061216],[-122.48522,42.165701999061234],[-122.48492100000001,42.16587099906123],[-122.48462200000002,42.16602299906122],[-122.48435699999999,42.166186999061225],[-122.48422099999999,42.16633999906123],[-122.48408599999999,42.166559999061214],[-122.484007,42.16675699906122],[-122.48371299999997,42.16700499906122],[-122.483443,42.16716299906122],[-122.4832,42.16726499906121],[-122.48290099999998,42.167332999061216],[-122.482726,42.167377999061195],[-122.48265,42.167506999061224],[-122.482641,42.1676259990612],[-122.48270900000001,42.16774999906121],[-122.48279900000007,42.16790299906122],[-122.48284400000001,42.16801599906123],[-122.48284400000001,42.168111999061225],[-122.48280500000004,42.168263999061224],[-122.48276499999999,42.168432999061224],[-122.48278200000003,42.16860799906122],[-122.48278200000003,42.1686649990612],[-122.48274,42.168762999061215],[-122.48217499999998,42.169772999061195]]},"id":"003c0000000000000a4e","properties":{"fullname":"Old Hyatt Prairie Rd","linearid":"1104755865422","mtfcc":"S1400","rttyp":"M"}},{"type":"Feature","geometry":{"type":"LineString","coordinates":[[-122.47531300000003,42.225509999061025],[-122.475267,42.225706999061025],[-122.47550600000001,42.22623599906103],[-122.475304,42.226535999061035],[-122.47471300000005,42.22685499906104],[-122.47394199999998,42.22698299906103],[-122.473096,42.22697299906103],[-122.47249100000002,42.226521999061035],[-122.47201000000003,42.22628799906103],[-122.47126200000002,42.22629899906103],[-122.47034200000002,42.22637199906103],[-122.46940700000002,42.22653999906103],[-122.469167,42.22683499906104],[-122.468866,42.22729299906102],[-122.46839299999999,42.22726199906103],[-122.468173,42.22724699906103],[-122.467391,42.22714899906103],[-122.46669700000001,42.22710699906102],[-122.46592799999999,42.22730099906103],[-122.46540900000001,42.227660999061015],[-122.464735,42.22806499906103],[-122.46409700000001,42.22843499906102],[-122.463849,42.22872299906103],[-122.46373900000002,42.228850999061024],[-122.46306299999999,42.229446999061025],[-122.46241000000003,42.22976799906102],[-122.46144100000001,42.23007099906102],[-122.460486,42.23042299906103],[-122.459672,42.23069899906102],[-122.458232,42.23066399906102],[-122.457706,42.23085899906102],[-122.45758500000001,42.23129299906103],[-122.457427,42.231791999061016],[-122.45697300000003,42.23226799906101],[-122.456753,42.23308699906101],[-122.456638,42.23359199906101],[-122.45568100000001,42.234229999061],[-122.45503000000001,42.234594999060995],[-122.45411700000004,42.234996999060996],[-122.453142,42.235161999061006],[-122.452371,42.23549899906101],[-122.451547,42.23618699906102],[-122.45111299999999,42.23689999906099],[-122.45080700000003,42.237552999060995],[-122.45035200000004,42.23790199906099],[-122.44922800000002,42.23816499906099],[-122.44855000000004,42.23801899906099],[-122.44764000000002,42.23810699906098],[-122.44711800000002,42.23877499906098],[-122.44715900000003,42.23920999906098],[-122.44686700000003,42.239840999060974],[-122.44601899999998,42.24094099906098],[-122.44578500000001,42.24138599906098],[-122.44555500000003,42.241702999060976],[-122.445073,42.24200299906097],[-122.44452900000003,42.24249999906098],[-122.44440099999998,42.24296699906099],[-122.444508,42.243379999060984],[-122.44464800000003,42.243840999060986],[-122.44466700000002,42.243902999060985],[-122.445086,42.24429099906097],[-122.44594099999998,42.24464699906098],[-122.44653599999998,42.24502999906097],[-122.44724300000003,42.24552299906096],[-122.44800699999998,42.24604399906096],[-122.44931000000004,42.246848999060965],[-122.44997900000001,42.24731999906097],[-122.45039000000001,42.247574999060966],[-122.45069100000002,42.24783499906097],[-122.450646,42.24819799906096],[-122.45029500000004,42.24851499906096],[-122.44977000000003,42.24867699906097],[-122.44917,42.248810999060964],[-122.44857100000004,42.24889599906097],[-122.448089,42.249145999060964],[-122.447615,42.249450999060954],[-122.44690200000001,42.24993099906095],[-122.44637300000002,42.250384999060955],[-122.445892,42.25076199906095],[-122.445255,42.250906999060945],[-122.44472300000001,42.25083799906096],[-122.44426941801288,42.25094150683899]]},"id":"003c0000000000000a8f","properties":{"fullname":"Old Hyatt Prairie Rd","linearid":"110340491137","mtfcc":"S1400","rttyp":"M"}},{"type":"Feature","geometry":{"type":"LineString","coordinates":[[-122.19816099999998,42.235882999061005],[-122.198307,42.23598899906099],[-122.19865300000002,42.236311999061],[-122.19879400000005,42.236435999061],[-122.19894099999999,42.23655599906101],[-122.199073,42.236653999061005],[-122.19988000000002,42.237217999060995],[-122.200501,42.23761999906099],[-122.20061899999999,42.23769199906099],[-122.20074300000005,42.23775699906098],[-122.20086400000004,42.237811999060995],[-122.20119600000001,42.23793599906099],[-122.201441,42.238013999060996],[-122.201607,42.238059999060994],[-122.20177000000001,42.238098999060995],[-122.20193700000003,42.238133999061],[-122.20227299999999,42.238189999060985],[-122.20254300000003,42.23822699906099],[-122.20309700000004,42.238282999061006],[-122.2036,42.238325999061004],[-122.203852,42.23833899906099],[-122.20414700000002,42.23834399906099],[-122.20474499999999,42.23834299906099],[-122.20504700000001,42.23833899906099],[-122.20535000000001,42.238328999061],[-122.205911,42.238292999060995],[-122.206635,42.238238999061004],[-122.20707800000002,42.23820099906099],[-122.20785599999998,42.238108999061005],[-122.208595,42.23801199906099],[-122.20883699999999,42.237975999061]]},"id":"003c00000000000017be","properties":{"fullname":"Surveyor Meadows Spr","linearid":"1102314571086","mtfcc":"S1400","rttyp":"M"}},{"type":"Feature","geometry":{"type":"LineString","coordinates":[[-122.208263,42.234393999061005],[-122.20827099999998,42.234566999061],[-122.20836000000001,42.23534699906101],[-122.208396,42.23561099906099],[-122.20842100000002,42.23574299906099],[-122.208455,42.235872999061],[-122.2085,42.23600499906099],[-122.208599,42.236267999061],[-122.20862400000004,42.23635499906101],[-122.20872800000001,42.236787999061],[-122.20876400000003,42.23695799906101],[-122.20879000000001,42.23712899906099],[-122.20880600000004,42.23739499906099],[-122.20880400000003,42.237527999060994],[-122.20881900000002,42.237669999061],[-122.20883699999999,42.237975999061]]},"id":"003c00000000000017f8","properties":{"fullname":"Surveyor Meadows Spr","linearid":"1102284191453","mtfcc":"S1400","rttyp":"M"}},{"type":"Feature","geometry":{"type":"LineString","coordinates":[[-122.20883699999999,42.237975999061],[-122.20942700000003,42.237934999061],[-122.20967100000003,42.23791299906099],[-122.20975200000002,42.237913999060986],[-122.20988900000003,42.237930999061],[-122.20995700000002,42.237944999061],[-122.21002000000001,42.23796499906099],[-122.210075,42.23798899906099],[-122.210127,42.23801699906099],[-122.21017599999999,42.238048999060986],[-122.21024699999997,42.23810699906098],[-122.21038999999999,42.238285999060984],[-122.21049099999999,42.23842499906098],[-122.210566,42.23851499906098],[-122.21066399999998,42.238616999060994],[-122.21070099999999,42.23864799906099],[-122.210743,42.238673999061],[-122.210822,42.238708999061],[-122.21090999999997,42.238730999061],[-122.21099999999998,42.238730999061],[-122.21104800000003,42.238719999061],[-122.21116300000003,42.238671999061],[-122.21127800000002,42.238611999061],[-122.21132900000002,42.23859499906099],[-122.21145000000001,42.23857699906099]]},"id":"003c00000000000017fa","properties":{"fullname":"Surveyor Meadows Spr","linearid":"1102314571085","mtfcc":"S1400","rttyp":"M"}},{"type":"Feature","geometry":{"type":"LineString","coordinates":[[-122.51991400000003,42.08224699906149],[-122.520649,42.08193899906149]]},"id":"003c00000000000007ab","properties":{"fullname":"Baldy Ck Shopping Plz","linearid":"110340493657","mtfcc":"S1400","rttyp":"M"}},{"type":"Feature","geometry":{"type":"MultiLineString","coordinates":[[[-122.37564734646259,42.212084040808925],[-122.375016,42.21104699906108],[-122.37405600000002,42.210049999061084],[-122.373818,42.20958899906108],[-122.373844,42.208849999061094],[-122.37405400000002,42.208393999061094],[-122.37436099999996,42.20793599906109],[-122.37683700000001,42.206083999061086],[-122.37755,42.2052979990611],[-122.377981,42.20415899906111],[-122.37832899999998,42.20349799906109],[-122.37868500000003,42.203054999061095],[-122.37916300000002,42.20245999906111],[-122.380032,42.201527999061106],[-122.38046000000001,42.20122299906109],[-122.38084499999998,42.20085899906112],[-122.38159899999998,42.200357999061126],[-122.382155,42.20020599906112],[-122.38251200000003,42.20019999906111],[-122.38307,42.200190999061114],[-122.38329200000001,42.200186999061124],[-122.383887,42.20026099906112],[-122.38530700000001,42.20058199906111],[-122.38555230831652,42.20064547106612]],[[-122.36628200000003,42.22921499906102],[-122.36689500000001,42.22770099906103],[-122.367341,42.22656499906103],[-122.36920599999999,42.22249599906105],[-122.370517,42.21972199906106],[-122.37085906086409,42.21912955447757]],[[-122.39046054010119,42.203197131059845],[-122.390465,42.20319999906111],[-122.39114365216437,42.20381978577526]],[[-122.39536770357662,42.20734474137816],[-122.39541500000001,42.20739299906109],[-122.39547798135513,42.20749280339273]],[[-122.37564157092675,42.21470183220463],[-122.37566296089783,42.214629176031416]]]},"id":"003c0000000000000a8c","properties":{"fullname":"Howard Prairie Dam Rd","linearid":"1104755863610","mtfcc":"S1400","rttyp":"M"}},{"type":"Feature","geometry":{"type":"LineString","coordinates":[[-122.26499300000003,42.24375999906098],[-122.264871,42.24376799906098],[-122.26477000000001,42.243783999060966],[-122.26461100000002,42.24381999906096],[-122.26443600000002,42.24387199906097],[-122.26422700000002,42.24391999906098],[-122.264126,42.243949999060966],[-122.26403300000003,42.243986999060965],[-122.263944,42.24402999906098],[-122.263775,42.244126999060974],[-122.26367700000002,42.24419299906098],[-122.26358300000003,42.24426299906097],[-122.26349500000003,42.244337999060974],[-122.26341300000001,42.24441599906098],[-122.26332199999999,42.24452299906098],[-122.26327,42.24457299906097],[-122.26317500000002,42.24463599906097],[-122.26312300000004,42.24466299906098],[-122.263061,42.24468699906098],[-122.26299600000002,42.24470599906099],[-122.26286100000002,42.244733999060976],[-122.262775,42.244745999060974],[-122.262688,42.24475299906097],[-122.262424,42.24475499906097],[-122.26226799999999,42.24474999906097],[-122.261766,42.244720999060974],[-122.26157600000002,42.24471399906098],[-122.261412,42.24471299906098],[-122.261331,42.24471699906098],[-122.26124800000002,42.24472599906096],[-122.26108400000004,42.24475899906098],[-122.260919,42.24481199906097],[-122.26075500000002,42.24488799906097],[-122.26062699999999,42.24495899906098],[-122.26048599999999,42.24505499906098],[-122.26018800000001,42.24526999906097],[-122.260007,42.245387999060966],[-122.25994199999998,42.245424999060965],[-122.25967099999997,42.24556399906096],[-122.25894300000002,42.24592699906097],[-122.25869799999997,42.24606599906097],[-122.25822499999998,42.246360999060975],[-122.25798400000002,42.24650399906099],[-122.257127,42.24696699906096],[-122.256718,42.247200999060965],[-122.256517,42.247321999060965],[-122.256203,42.24752999906097],[-122.25596999999999,42.247697999060954],[-122.25580500000001,42.247836999060965],[-122.25564500000002,42.24799099906095],[-122.255545,42.24809799906096],[-122.25539900000003,42.248275999060944],[-122.25516499999996,42.24862899906096],[-122.25493199999998,42.24896699906096],[-122.25482299999999,42.249138999060946],[-122.254644,42.24946699906095],[-122.25456400000002,42.249633999060975],[-122.25446200000002,42.24987299906097],[-122.25423500000001,42.25040899906095],[-122.254022,42.250850999060944],[-122.253924,42.251092999060965],[-122.25386400000004,42.25120899906096],[-122.253624,42.25161399906095],[-122.253563,42.251699999060946],[-122.25345699999998,42.251815999060945],[-122.25339600000002,42.25186899906094],[-122.25332900000001,42.25191199906094],[-122.253179,42.251983999060954],[-122.25295100000002,42.25207899906095],[-122.25287400000005,42.252104999060954],[-122.252786,42.252124999060946],[-122.25243400000001,42.25218199906094],[-122.25235100000003,42.252199999060956],[-122.25218800000003,42.25224999906094],[-122.25211300000001,42.25228099906095],[-122.252053,42.252315999060954],[-122.25199799999999,42.25235699906094],[-122.25184999999999,42.252490999060946],[-122.25162100000003,42.25272699906096],[-122.25144299999998,42.252924999060944],[-122.25127400000002,42.253126999060946],[-122.25109000000002,42.25336199906094],[-122.25080600000001,42.25367599906094],[-122.25060400000002,42.253927999060934],[-122.25049900000002,42.25408099906093],[-122.250336,42.254361999060954],[-122.25008800000002,42.25473399906093],[-122.24988700000002,42.254983999060954],[-122.249798,42.25506699906095],[-122.24973100000001,42.255109999060956],[-122.24965599999999,42.25514899906094],[-122.24959000000004,42.25517499906096]]},"id":"003c0000000000001861","properties":{"fullname":"Burton Choking Sherman","linearid":"1102288933234","mtfcc":"S1400","rttyp":"M"}},{"type":"Feature","geometry":{"type":"LineString","coordinates":[[-122.433291,42.16965299906121],[-122.43121999999995,42.168544999061226],[-122.42864099999998,42.16593099906124],[-122.42764300000002,42.16471799906124],[-122.427474,42.164201999061234],[-122.42672500000002,42.16361899906123],[-122.425682,42.163436999061226],[-122.42489599999999,42.16287799906124],[-122.425225,42.16232999906124],[-122.42816399999998,42.16078399906124],[-122.42823699999997,42.160333999061244],[-122.426099,42.15954099906125],[-122.425762,42.15734599906124],[-122.424105,42.15594399906125],[-122.42356600000002,42.15466699906127],[-122.42278300000001,42.15406599906127],[-122.422307,42.15368799906126],[-122.421181,42.15333599906126],[-122.41937800000001,42.15342399906127],[-122.41871400000002,42.15306299906128],[-122.41855199999999,42.152360999061266],[-122.418942,42.151743999061274],[-122.420111,42.15129799906127],[-122.421706,42.15141899906127],[-122.42264999999999,42.15110899906126],[-122.422622,42.15022299906127],[-122.422722,42.14970699906129],[-122.42403500000002,42.14868399906129],[-122.42450599999998,42.147760999061276],[-122.42531999999999,42.14677499906129],[-122.42672500000002,42.14623599906129],[-122.42694100000001,42.145774999061295],[-122.42651899999997,42.14452399906129],[-122.42672299999998,42.14120399906129],[-122.42689099999998,42.14040099906132],[-122.42617599999998,42.13966999906132],[-122.426357,42.139294999061306],[-122.42997600000002,42.13831799906132],[-122.43082999999999,42.13764199906132],[-122.43293999999999,42.136036999061325],[-122.43371100000002,42.13613799906131],[-122.43515,42.136762999061325],[-122.43523,42.13679799906132],[-122.435569,42.13652399906132],[-122.43613800000001,42.13562599906132],[-122.43602200000001,42.13396299906134],[-122.43621500000003,42.13266499906133],[-122.43689,42.132109999061335],[-122.439547,42.13109199906134],[-122.44127499999999,42.13109099906134],[-122.442028,42.13059199906134],[-122.44213100000002,42.13058499906134],[-122.442564,42.13055399906134],[-122.443555,42.131055999061346],[-122.445889,42.12938699906134],[-122.44709700000001,42.129127999061346],[-122.44751000000002,42.129038999061336],[-122.449506,42.12900399906133],[-122.451038,42.12886299906135],[-122.45311900000002,42.129083999061336],[-122.45526399999999,42.12890399906134],[-122.45779800000001,42.12765899906135],[-122.460151,42.127510999061336],[-122.46109900000003,42.12760199906135],[-122.46285599999999,42.12848599906134],[-122.46342700000001,42.12827899906134]]},"id":"003c0000000000000a52","properties":{"fullname":"Chinquapin Mountain Rd","linearid":"110340492797","mtfcc":"S1400","rttyp":"M"}},{"type":"Feature","geometry":{"type":"LineString","coordinates":[[-122.33634,42.199917999061114],[-122.33548700000001,42.200087999061125],[-122.33539599999999,42.20011499906111],[-122.335026,42.20031599906112],[-122.33481,42.20037099906111],[-122.334369,42.20051399906111],[-122.334032,42.20068099906112],[-122.33378400000002,42.20079499906111],[-122.33326799999998,42.201108999061105]]},"id":"003c0000000000000abc","properties":{"fullname":"Grissly Creek Mainline","linearid":"110340493117","mtfcc":"S1400","rttyp":"M"}},{"type":"Feature","geometry":{"type":"MultiLineString","coordinates":[[[-122.49609722954077,42.25855289829474],[-122.49373900000002,42.25690099906094],[-122.49222600000003,42.25610799906094],[-122.48794700000002,42.25427699906095],[-122.48692,42.253897999060946],[-122.48663900000004,42.253846999060954],[-122.48650099999999,42.25382599906096],[-122.486174,42.25380399906095],[-122.484063,42.25397399906095],[-122.48366300000002,42.25395599906095],[-122.48326399999999,42.253882999060934],[-122.48203600000002,42.25316199906095],[-122.48135800000001,42.252830999060954],[-122.479852,42.25226599906095],[-122.478871,42.25168299906097],[-122.47853,42.25153399906097],[-122.47825299999998,42.25144899906096],[-122.47775700000003,42.25134999906094],[-122.476598,42.251207999060966],[-122.472545,42.25082199906096],[-122.47180100000001,42.25079699906095],[-122.471329,42.25089099906096],[-122.47096100000003,42.25103099906097],[-122.47058200000001,42.251189999060955],[-122.47020599999999,42.25147299906095],[-122.469359,42.25268799906095],[-122.46915400000003,42.25310199906095],[-122.46885600000002,42.253401999060955],[-122.4687467042462,42.25346060366895]],[[-122.51115998486185,42.24398945347925],[-122.51088300000002,42.24431199906098],[-122.510789,42.24458999906097],[-122.51073800000003,42.24499099906097],[-122.510787,42.246143999060976],[-122.51077200000002,42.24621599906096],[-122.510726,42.24631399906097],[-122.510423,42.24675999906096],[-122.51020400000003,42.246888999060964],[-122.510003,42.24697299906096],[-122.50949800000001,42.247518999060965],[-122.50933499999998,42.24802699906097],[-122.50920800000004,42.24920999906096],[-122.50919699999997,42.24931699906096],[-122.50925999999998,42.25006799906097],[-122.509285,42.25202199906095],[-122.50933599999998,42.252830999060954],[-122.50929200000002,42.25302599906096],[-122.50914900000001,42.253311999060955],[-122.509032,42.25346499906095],[-122.50790900000001,42.25431399906095],[-122.50767600000003,42.25463299906094],[-122.506894,42.255847999060954],[-122.50636500000002,42.256552999060936],[-122.50576800000002,42.25713499906094],[-122.50388244739167,42.25856179021652]],[[-122.5989269190124,42.22369161667389],[-122.59883,42.22374799906103],[-122.598615,42.223872999061044],[-122.597913,42.224569999061025],[-122.59693100000001,42.22561299906103],[-122.59623599999999,42.22607199906103],[-122.596071,42.22616199906103],[-122.59551309377639,42.22646560755146]],[[-122.54204460095632,42.24471254643087],[-122.54099100000003,42.243899999060964],[-122.54088500000003,42.24381799906097],[-122.54078955186588,42.24377098067712]]]},"id":"003c00000000000009ee","properties":{"fullname":"Dead Indian Memorial Rd","linearid":"110340492927","mtfcc":"S1400","rttyp":"M"}},{"type":"Feature","geometry":{"type":"LineString","coordinates":[[-122.33685221708365,42.028086949685786],[-122.336897,42.02812899906167],[-122.33708300000002,42.028270999061675],[-122.337491,42.02843799906167],[-122.33752100000002,42.02845899906167],[-122.337884,42.028720999061676],[-122.338307,42.02893199906168],[-122.33860300000002,42.02912799906167],[-122.33916699999999,42.02947499906166],[-122.33970799999999,42.02963599906167],[-122.339935,42.02952399906166]]},"id":"003c0000000000000bd1","properties":{"fullname":"Sookum Creek 41-2E-10.1 Rd","linearid":"110340493220","mtfcc":"S1400","rttyp":"M"}},{"type":"Feature","geometry":{"type":"LineString","coordinates":[[-122.34436748577386,42.00607195725132],[-122.34432100000001,42.006173999061765],[-122.34433200000001,42.00647299906175],[-122.34428800000003,42.00675199906175],[-122.34431300000003,42.006991999061746],[-122.34440500000001,42.00718199906175],[-122.34443000000003,42.00734199906175],[-122.344427,42.00755799906174],[-122.344427,42.007591999061745],[-122.34437200000006,42.00778099906176],[-122.34411500000003,42.007968999061745],[-122.343899,42.00814699906175],[-122.34371000000003,42.00832599906174],[-122.34368255729784,42.00834936462615]]},"id":"003c000000000000078a","properties":{"fullname":"Rogue River National Forest","linearid":"1101917554338","mtfcc":"S1400","rttyp":"M"}},{"type":"Feature","geometry":{"type":"MultiLineString","coordinates":[[[-122.34679859168402,42.02518328089874],[-122.346949,42.02511899906168],[-122.347529,42.02497899906169],[-122.348386,42.024666999061694],[-122.34888800000006,42.02434699906169],[-122.349158,42.02404899906169],[-122.34963800000001,42.02360299906169],[-122.350029,42.02316199906169],[-122.35044199999999,42.0226719990617],[-122.35082700000001,42.02232499906169],[-122.35099900000006,42.02191899906168],[-122.35114,42.02152899906171],[-122.35140200000002,42.0212429990617],[-122.35171199999999,42.0208299990617],[-122.35201300000001,42.0206639990617],[-122.35233300000002,42.0204649990617],[-122.35291899999999,42.0202529990617],[-122.35316800000003,42.020075999061696],[-122.353591,42.019761999061714],[-122.35384500000004,42.01951899906171],[-122.35411399999995,42.0193419990617],[-122.35435200000003,42.019411999061724],[-122.354531,42.01962499906169],[-122.354629,42.0199089990617],[-122.354758,42.0201989990617],[-122.35485800000005,42.020548999061695],[-122.35490700000001,42.02088199906171],[-122.35492500000001,42.02113399906169],[-122.355045,42.0213359990617],[-122.35511499999997,42.021516999061696],[-122.35522999999999,42.021844999061685],[-122.35514300000003,42.0220259990617],[-122.35488299999999,42.02229599906168],[-122.35484100000001,42.02258599906169],[-122.35494900000002,42.02286499906171],[-122.35517900000002,42.02296799906169],[-122.35546500000002,42.022998999061684],[-122.35589099999999,42.02289799906169],[-122.35631700000002,42.022829999061685],[-122.35675999999998,42.0229149990617],[-122.35697499999999,42.023082999061685],[-122.35758700000002,42.02319999906169],[-122.35789500000001,42.0230939990617],[-122.35813100000004,42.023092999061696],[-122.35828699999999,42.02317999906169],[-122.358605,42.0233199990617],[-122.35895099999998,42.0233289990617],[-122.35944400000001,42.0232489990617],[-122.35967,42.0231819990617],[-122.36019999999999,42.0231899990617],[-122.36078800000001,42.0231649990617],[-122.36113499999998,42.0232389990617],[-122.36138100000001,42.02347399906169],[-122.36167900000002,42.023706999061694],[-122.36186599999998,42.023875999061694],[-122.362147,42.02398899906169],[-122.362555,42.0241899990617],[-122.36307299999999,42.02442799906169],[-122.36372299999998,42.0246149990617],[-122.36460199999998,42.02483999906168],[-122.365207,42.02494099906169],[-122.36619900000004,42.024945999061686],[-122.367038,42.02494099906169],[-122.36768100000002,42.0250679990617],[-122.36814,42.025295999061676],[-122.36878499999997,42.025608999061674],[-122.369392,42.02592899906168],[-122.37044100000001,42.02622399906168],[-122.37116600000003,42.02646099906168],[-122.37221400000003,42.02659699906168],[-122.372994,42.026662999061685],[-122.37329900000002,42.026819999061686],[-122.37374199999998,42.026932999061685],[-122.374451,42.02717999906168],[-122.37481400000003,42.027336999061674],[-122.375883,42.02743499906168],[-122.37652200000001,42.02739799906168],[-122.37714199999999,42.02756399906168],[-122.37759700000001,42.02788399906168],[-122.378166,42.028143999061676],[-122.37881500000005,42.02824399906167],[-122.379789,42.028319999061694],[-122.38023799999999,42.028366999061674],[-122.38059500000001,42.02858899906167],[-122.381185,42.028749999061674],[-122.38163399999999,42.028691999061664],[-122.38189900000002,42.028701999061674],[-122.382386,42.028780999061674],[-122.382873,42.02888799906167],[-122.38312799999997,42.028854999061686],[-122.383269,42.02883599906167],[-122.38398200000002,42.02866699906167],[-122.38429199999999,42.02877999906166],[-122.38461800000002,42.02895899906168],[-122.38496699999999,42.02916999906167],[-122.38551000000002,42.02954499906166],[-122.38592700000002,42.02994799906166],[-122.386335,42.03024099906166],[-122.386693,42.03056799906167],[-122.38706500000002,42.03087799906167],[-122.387131,42.03128799906167],[-122.387356,42.03153299906166],[-122.387653,42.03174999906166],[-122.38819000000004,42.03174699906166],[-122.388722,42.03197399906166],[-122.38919899999998,42.031789999061665],[-122.38971,42.03161199906167],[-122.390181,42.03160899906167],[-122.39067,42.03169899906166],[-122.39125200000001,42.03183199906167],[-122.39155000000004,42.03201099906166],[-122.39176,42.032387999061655],[-122.39210300000002,42.032620999061656],[-122.39250800000002,42.032709999061666],[-122.39256000000002,42.03272199906166],[-122.392901,42.03278099906167],[-122.39308100000001,42.03270599906166],[-122.39346399999998,42.032546999061665],[-122.393688,42.03221099906167],[-122.39389400000005,42.03179899906167],[-122.39401000000005,42.03165599906166],[-122.394732,42.03115299906167],[-122.39500400000001,42.03059299906166],[-122.395084,42.03000099906166],[-122.39506799999998,42.02941499906167],[-122.39487199999999,42.029021999061676],[-122.39491799999998,42.02866499906168],[-122.395085,42.028461999061676],[-122.39548200000002,42.02789499906168],[-122.39557899999997,42.02751099906168],[-122.39581,42.02710399906168],[-122.396636,42.026249999061676],[-122.39699899999998,42.02583699906168],[-122.397562,42.02560299906168],[-122.39797999999999,42.02539999906169],[-122.398315,42.02523699906169],[-122.398431,42.02518099906169],[-122.39871099999999,42.025057999061694]],[[-122.34191402251912,42.02806412514257],[-122.342034,42.028017999061674],[-122.342516,42.02782299906166],[-122.34281600000001,42.02761399906167],[-122.343415,42.02721599906167],[-122.34387400000003,42.026938999061684],[-122.344387,42.02665099906169],[-122.34510800000002,42.02621399906168],[-122.34577700210671,42.02577850733682]],[[-122.339935,42.02952399906166],[-122.34,42.02949199906167],[-122.34050200000003,42.02905099906166],[-122.34077600000002,42.028665999061694],[-122.34112700000003,42.02837899906167],[-122.341327,42.02829599906167],[-122.34155799999998,42.028200999061674],[-122.3418385557448,42.02809313871012]]]},"id":"003c0000000000000790","properties":{"fullname":"Skookum Creek 41-2E-10.1 Rd","linearid":"110340493281","mtfcc":"S1400","rttyp":"M"}},{"type":"Feature","geometry":{"type":"LineString","coordinates":[[-122.51092500000003,42.154515999061275],[-122.51032000000001,42.154601999061256],[-122.50997399999999,42.154871999061264],[-122.50977699999997,42.15506399906126],[-122.509435,42.15544799906124],[-122.50882900000002,42.15553399906125],[-122.50853000000001,42.15568999906124],[-122.50838199999998,42.15580599906125],[-122.50820200000003,42.156525999061245],[-122.50811299999998,42.15690399906125],[-122.50787500000001,42.15739899906124],[-122.50701900000003,42.15756499906125],[-122.50535800000003,42.15793399906124],[-122.50470400000002,42.158096999061236],[-122.50439900000003,42.15806399906125],[-122.503934,42.15777099906124],[-122.503718,42.157359999061235],[-122.50350499999998,42.15706199906125],[-122.50349400000002,42.15672299906124],[-122.50389100000001,42.15601799906124]]},"id":"003c0000000000000a6c","properties":{"fullname":"Little Hyatt Lake Shopping Plz","linearid":"110340493664","mtfcc":"S1400","rttyp":"M"}},{"type":"Feature","geometry":{"type":"LineString","coordinates":[[-122.50392500000001,42.15599599906126],[-122.50397300000003,42.15584699906127],[-122.504316,42.15546299906124],[-122.50430600000004,42.15516199906126],[-122.50414399999997,42.15486299906126],[-122.50398100000001,42.15452599906124],[-122.50397200000005,42.15422499906126],[-122.504,42.15354499906127],[-122.504091,42.15320399906127],[-122.50428500000004,42.152936999061275],[-122.50457400000003,42.15247899906126],[-122.504914,42.15201999906126],[-122.50500600000001,42.151716999061264],[-122.50514100000001,42.15118699906127],[-122.50520400000003,42.150552999061276]]},"id":"003c0000000000000a6d","properties":{"fullname":"Little Hyatt Lake Shopping Plz","linearid":"110340493665","mtfcc":"S1400","rttyp":"M"}},{"type":"Feature","geometry":{"type":"LineString","coordinates":[[-122.58380700000002,42.04729599906161],[-122.58415699999998,42.047021999061606],[-122.58436599999999,42.04683999906161],[-122.58441800000003,42.04659799906161],[-122.58436199999998,42.0463489990616],[-122.58401100000002,42.046230999061606],[-122.58366800000003,42.04601399906161],[-122.583238,42.04567399906162],[-122.58285700000003,42.0454229990616],[-122.582608,42.04507899906161],[-122.582638,42.04463399906162],[-122.58265799999998,42.04443599906162],[-122.58253100000007,42.04421599906161],[-122.582224,42.04397199906161],[-122.58210399999999,42.043646999061615],[-122.58191399999997,42.04296899906162],[-122.58160399999998,42.042599999061636],[-122.58153299999996,42.042280999061624],[-122.58152500000001,42.04167399906163],[-122.581239,42.041340999061624],[-122.581143,42.04097699906162],[-122.58155300000001,42.040353999061644],[-122.58156499999998,42.03999699906162],[-122.581193,42.039610999061644],[-122.58092499999998,42.039363999061635],[-122.57996,42.038884999061644],[-122.57890300000003,42.038743999061644],[-122.578359,42.038574999061645],[-122.57735100000005,42.03813899906165],[-122.57684700000003,42.037728999061635],[-122.576519,42.03723599906165],[-122.576339,42.03670799906165],[-122.576216,42.03606799906166],[-122.57604300000001,42.03539099906165],[-122.57558100000001,42.03493399906165],[-122.57505,42.03477399906165],[-122.574813,42.03450199906167],[-122.57420799999998,42.03413499906164],[-122.57347499999999,42.03384899906165],[-122.57323200000002,42.03371099906165],[-122.57312100000006,42.033494999061666],[-122.573108,42.033222999061636],[-122.573499,42.03274299906166],[-122.573833,42.03237999906166],[-122.57407000000002,42.031928999061655],[-122.574171,42.031263999061665],[-122.57408800000002,42.03103699906165],[-122.573757,42.03081099906166],[-122.57314099999999,42.03061799906166],[-122.57218,42.03050999906166],[-122.57169899999995,42.03042099906167],[-122.57139000000006,42.03047999906166],[-122.57009699999999,42.03047699906167]]},"id":"003c00000000000007c2","properties":{"fullname":"Pacific Crest Trl","linearid":"110340491274","mtfcc":"S1500","rttyp":"M"}},{"type":"Feature","geometry":{"type":"LineString","coordinates":[[-122.17659999999998,42.22873299906102],[-122.17663500000003,42.22869499906103],[-122.176722,42.22862699906103],[-122.17680099999998,42.22855599906102],[-122.17693699999998,42.22841099906102],[-122.17699299999998,42.22833799906103],[-122.17704300000003,42.22826299906103],[-122.17707799999998,42.228197999061024],[-122.17713300000003,42.22806399906103],[-122.17715600000004,42.227948999061034]]},"id":"003c00000000000017cd","properties":{"fullname":"Blm","linearid":"1102281679221","mtfcc":"S1640","rttyp":"M"}},{"type":"Feature","geometry":{"type":"LineString","coordinates":[[-122.17659999999998,42.22873299906102],[-122.17663500000003,42.22869499906103],[-122.176722,42.22862699906103],[-122.17680099999998,42.22855599906102],[-122.17693699999998,42.22841099906102],[-122.17699299999998,42.22833799906103],[-122.17704300000003,42.22826299906103],[-122.17707799999998,42.228197999061024],[-122.17713300000003,42.22806399906103],[-122.17715600000004,42.227948999061034]]},"id":"003c00000000000017cc","properties":{"fullname":"Hot Rocks Quarry Rd","linearid":"1102281679213","mtfcc":"S1640","rttyp":"M"}},{"type":"Feature","geometry":{"type":"LineString","coordinates":[[-122.22735771139267,42.25704297666854],[-122.227544,42.257155999060934],[-122.22777832791203,42.257322158970496]]},"id":"003c000000000000184f","properties":{"fullname":"Hidden","linearid":"1102299969352","mtfcc":"S1740","rttyp":"M"}},{"type":"Feature","geometry":{"type":"LineString","coordinates":[[-122.18822302340105,42.24285764037061],[-122.18825100000001,42.24284099906098],[-122.18858000000002,42.24265799906098],[-122.18887999999998,42.242505999060974],[-122.18897600000001,42.24245299906097],[-122.189065,42.24239399906097],[-122.18913799999999,42.24233199906098],[-122.18920699999998,42.242265999060976],[-122.18928299999997,42.24220599906097],[-122.18949,42.24209699906099],[-122.18973899999999,42.24194199906098],[-122.18980499999999,42.24189599906097],[-122.189992,42.24174899906098],[-122.190107,42.241643999061],[-122.190229,42.24154699906098]]},"id":"003c00000000000017b9","properties":{"fullname":"Surveyor Meadows","linearid":"1102281950071","mtfcc":"S1740","rttyp":"M"}},{"type":"Feature","geometry":{"type":"LineString","coordinates":[[-122.16996989158714,42.18650598149492],[-122.16994600000002,42.18652099906116],[-122.16991200000001,42.186558999061155],[-122.16984500000001,42.18668799906116]]},"id":"003c0000000000000e78","properties":{"fullname":"Onion Springs Spr","linearid":"1102281668876","mtfcc":"S1740","rttyp":"M"}},{"type":"Feature","geometry":{"type":"LineString","coordinates":[[-122.413592,42.2031259990611],[-122.413314,42.20263499906112],[-122.41247300000005,42.20241799906112],[-122.402453,42.202399999061114],[-122.40140000000001,42.203120999061106],[-122.40008300000002,42.20402299906111],[-122.39584199999999,42.205904999061104],[-122.39537218969942,42.20611487925216]]},"id":"003c0000000000000acf","properties":{"fullname":"BLM Rd 39-4E-6.3","linearid":"110340485181","mtfcc":"S1400","rttyp":"O"}},{"type":"Feature","geometry":{"type":"LineString","coordinates":[[-122.32116800000001,42.222448999061044],[-122.320887,42.22263599906105],[-122.320086,42.22280999906104],[-122.31862900000003,42.22314399906104],[-122.3178,42.22353199906103],[-122.31714600000004,42.22381199906104],[-122.316624,42.22403999906103],[-122.31613000000004,42.224466999061036],[-122.31592900000004,42.22486799906104],[-122.31580900000002,42.225388999061025],[-122.315729,42.22569699906102],[-122.31556899999998,42.22590999906103],[-122.315275,42.22615099906103],[-122.31507400000004,42.22633799906103],[-122.31478,42.22677899906104],[-122.314687,42.227099999061046],[-122.31466000000003,42.22760799906102],[-122.31471300000001,42.22788799906104],[-122.31486000000001,42.228074999061015],[-122.315021,42.22832899906103],[-122.315021,42.22855699906103],[-122.31495400000001,42.228863999061026],[-122.31478,42.22934499906101],[-122.31479400000002,42.229625999061014],[-122.31495400000001,42.22987999906103],[-122.31520800000001,42.23013299906102],[-122.315341,42.23032099906102],[-122.315341,42.23046799906103],[-122.31523500000002,42.23064099906101],[-122.31478,42.23082799906102],[-122.31432400000003,42.23097299906102],[-122.31396499999998,42.23114899906102],[-122.31371100000001,42.23140299906102],[-122.313585,42.23163999906101],[-122.313367,42.23208599906102],[-122.31311200000002,42.232663999060996],[-122.31272500000004,42.23304999906101],[-122.31195400000001,42.23351399906099],[-122.31147000000001,42.23395999906101],[-122.31115600000001,42.23433499906101],[-122.310922,42.234742999061005],[-122.310934,42.235545999060996],[-122.310778,42.23627199906099],[-122.31053600000006,42.236723999061006],[-122.310111,42.237081999061004],[-122.30949800000002,42.23777099906099],[-122.30884599999999,42.238338999061],[-122.308325,42.238972999061],[-122.30793900000002,42.23961199906099],[-122.30759900000002,42.240574999060975],[-122.30744299999999,42.24141699906098],[-122.30734400000006,42.24214899906099],[-122.30726900000002,42.24305099906098],[-122.30730255032964,42.243551517033424]]},"id":"003c000000000000187a","properties":{"fullname":"Nat For Dev Rd 2520","linearid":"110340471494","mtfcc":"S1400","rttyp":"O"}},{"type":"Feature","geometry":{"type":"LineString","coordinates":[[-122.371538,42.255542999060935],[-122.37187699999998,42.254913999060946],[-122.372983,42.253915999060936],[-122.37381899999998,42.253214999060944],[-122.37444200000003,42.25286099906096],[-122.37526000000001,42.25279199906097],[-122.37898599999998,42.25316599906096],[-122.37949100000002,42.253350999060935],[-122.37976000000003,42.25393299906095],[-122.37976500000003,42.254592999060954],[-122.379483,42.25530399906095],[-122.37904499999999,42.255838999060934],[-122.37871000000001,42.256361999060935],[-122.37843400000004,42.258061999060935],[-122.378522,42.259739999060926],[-122.37854499999999,42.26276999906092],[-122.37859499999999,42.263185999060916],[-122.37912799999998,42.26757499906091],[-122.37929800000002,42.2707099990609],[-122.37949400000001,42.27211199906089],[-122.379903,42.2726269990609],[-122.38057328194823,42.2731385755494]]},"id":"003c0000000000001906","properties":{"fullname":"Nat For Dev Rd 3831","linearid":"110340471646","mtfcc":"S1400","rttyp":"O"}},{"type":"Feature","geometry":{"type":"LineString","coordinates":[[-122.36557993234136,42.25575813145644],[-122.36713500000002,42.255764999060936],[-122.36888400000004,42.255879999060944],[-122.36974800000002,42.255904999060924],[-122.37064100000003,42.255879999060944]]},"id":"003c0000000000001908","properties":{"fullname":"Nat For Dev Rd 3831","linearid":"110340471645","mtfcc":"S1400","rttyp":"O"}}]}